adjusted_rand_score,trial_index,arm_name,criterion,method,t,trial_status,generator_model
-0.0014974976938122,0,0_0,maxclust,average,6.0,COMPLETED,Sobol
-0.0014974976938122,11,0_0,maxclust,average,6.0,COMPLETED,Sobol
-0.0014974976938122,20,0_0,maxclust,average,6.0,COMPLETED,Sobol
-0.0014974976938122,19,0_0,maxclust,average,6.0,COMPLETED,Sobol
-0.0013403232304517,7,1_0,maxclust,weighted,6.0,COMPLETED,Sobol
-0.0013403232304517,1,1_0,maxclust,weighted,6.0,COMPLETED,Sobol
-0.0013403232304517,22,1_0,maxclust,weighted,6.0,COMPLETED,Sobol
-0.0013403232304517,16,1_0,maxclust,weighted,6.0,COMPLETED,Sobol
-0.000615965294069,2,2_0,maxclust,single,6.0,COMPLETED,Sobol
-0.000615965294069,17,2_0,maxclust,single,6.0,COMPLETED,Sobol
-0.000615965294069,12,2_0,maxclust,single,6.0,COMPLETED,Sobol
-0.000615965294069,24,2_0,maxclust,single,6.0,COMPLETED,Sobol
0.0094191750140247,8,3_0,maxclust,ward,6.0,COMPLETED,Sobol
0.0094191750140247,3,3_0,maxclust,ward,6.0,COMPLETED,Sobol
0.0094191750140247,21,3_0,maxclust,ward,6.0,COMPLETED,Sobol
-0.0010314443666591,14,4_0,maxclust,median,6.0,COMPLETED,Sobol
-0.0010314443666591,4,4_0,maxclust,median,6.0,COMPLETED,Sobol
-0.0010314443666591,18,4_0,maxclust,median,6.0,COMPLETED,Sobol
-0.0014974976938122,15,5_0,maxclust,centroid,6.0,COMPLETED,Sobol
-0.0014974976938122,23,5_0,maxclust,centroid,6.0,COMPLETED,Sobol
-0.0014974976938122,5,5_0,maxclust,centroid,6.0,COMPLETED,Sobol
-0.0014974976938122,9,5_0,maxclust,centroid,6.0,COMPLETED,Sobol
0.0015621356234656,13,6_0,maxclust,complete,6.0,COMPLETED,Sobol
0.0015621356234656,6,6_0,maxclust,complete,6.0,COMPLETED,Sobol
0.0015621356234656,10,6_0,maxclust,complete,6.0,COMPLETED,Sobol
