adjusted_rand_score,trial_index,arm_name,criterion,method,t,trial_status,generator_model,compute_time
-0.0119232654262753,0,0_0,maxclust,average,3.0,COMPLETED,Unknown,0.017893
-0.0119232654262753,1,0_0,maxclust,average,3.0,COMPLETED,Unknown,0.007211
-0.0119232654262753,4,0_0,maxclust,average,3.0,COMPLETED,Unknown,0.006939
-0.0119232654262753,3,0_0,maxclust,average,3.0,COMPLETED,Unknown,0.006949
-0.0119232654262753,2,0_0,maxclust,average,3.0,COMPLETED,Unknown,0.006976
0.00814683433513326,39,5_0,maxclust,ward,3.0,COMPLETED,BO,4.862488
0.00814683433513326,40,5_0,maxclust,ward,3.0,COMPLETED,BO,6.058786
0.00814683433513326,41,5_0,maxclust,ward,3.0,COMPLETED,BO,3.701969
0.00814683433513326,42,5_0,maxclust,ward,3.0,COMPLETED,BO,5.85885
0.00814683433513326,43,5_0,maxclust,ward,3.0,COMPLETED,BO,5.950109
0.00814683433513326,44,5_0,maxclust,ward,3.0,COMPLETED,BO,5.407996
0.00814683433513326,45,5_0,maxclust,ward,3.0,COMPLETED,BO,5.801455
0.00814683433513326,46,5_0,maxclust,ward,3.0,COMPLETED,BO,8.441399
0.00814683433513326,47,5_0,maxclust,ward,3.0,COMPLETED,BO,5.625079
0.00814683433513326,48,5_0,maxclust,ward,3.0,COMPLETED,BO,3.361309
0.00814683433513326,50,5_0,maxclust,ward,3.0,COMPLETED,BO,6.194865
0.00814683433513326,38,5_0,maxclust,ward,3.0,COMPLETED,BO,4.368198
0.00814683433513326,51,5_0,maxclust,ward,3.0,COMPLETED,BO,9.442815
0.00814683433513326,52,5_0,maxclust,ward,3.0,COMPLETED,BO,5.046915
0.00814683433513326,53,5_0,maxclust,ward,3.0,COMPLETED,BO,4.201465
0.00814683433513326,54,5_0,maxclust,ward,3.0,COMPLETED,BO,5.923343
0.00814683433513326,55,5_0,maxclust,ward,3.0,COMPLETED,BO,5.636934
0.0081468343351332,5,5_0,maxclust,ward,3.0,COMPLETED,Unknown,0.006945
0.00814683433513326,56,5_0,maxclust,ward,3.0,COMPLETED,BO,4.658954
0.00814683433513326,57,5_0,maxclust,ward,3.0,COMPLETED,BO,3.071548
0.00814683433513326,58,5_0,maxclust,ward,3.0,COMPLETED,BO,3.223199
0.00814683433513326,59,5_0,maxclust,ward,3.0,COMPLETED,BO,3.041868
0.0081468343351332,6,5_0,maxclust,ward,3.0,COMPLETED,Unknown,0.006931
0.00814683433513326,49,5_0,maxclust,ward,3.0,COMPLETED,BO,6.239881
0.00814683433513326,37,5_0,maxclust,ward,3.0,COMPLETED,BO,4.664006
0.00814683433513326,35,5_0,maxclust,ward,3.0,COMPLETED,BO,3.866137
0.00814683433513326,21,5_0,maxclust,ward,3.0,COMPLETED,BO,4.477507
0.00814683433513326,11,5_0,maxclust,ward,3.0,COMPLETED,BO,4.991749
0.00814683433513326,12,5_0,maxclust,ward,3.0,COMPLETED,BO,6.837943
0.00814683433513326,13,5_0,maxclust,ward,3.0,COMPLETED,BO,9.190439
0.00814683433513326,14,5_0,maxclust,ward,3.0,COMPLETED,BO,5.090933
0.00814683433513326,15,5_0,maxclust,ward,3.0,COMPLETED,BO,4.009398
0.00814683433513326,16,5_0,maxclust,ward,3.0,COMPLETED,BO,4.873419
0.00814683433513326,17,5_0,maxclust,ward,3.0,COMPLETED,BO,4.064906
0.00814683433513326,18,5_0,maxclust,ward,3.0,COMPLETED,BO,4.340046
0.00814683433513326,19,5_0,maxclust,ward,3.0,COMPLETED,BO,3.780639
0.00814683433513326,20,5_0,maxclust,ward,3.0,COMPLETED,BO,4.200657
0.00814683433513326,36,5_0,maxclust,ward,3.0,COMPLETED,BO,4.770099
0.00814683433513326,10,5_0,maxclust,ward,3.0,COMPLETED,BO,3.882886
0.00814683433513326,22,5_0,maxclust,ward,3.0,COMPLETED,BO,5.126779
0.00814683433513326,24,5_0,maxclust,ward,3.0,COMPLETED,BO,3.96572
0.00814683433513326,25,5_0,maxclust,ward,3.0,COMPLETED,BO,5.543587
0.00814683433513326,26,5_0,maxclust,ward,3.0,COMPLETED,BO,4.960851
0.00814683433513326,27,5_0,maxclust,ward,3.0,COMPLETED,BO,4.369568
0.00814683433513326,28,5_0,maxclust,ward,3.0,COMPLETED,BO,3.842909
0.00814683433513326,29,5_0,maxclust,ward,3.0,COMPLETED,BO,4.329341
0.00814683433513326,30,5_0,maxclust,ward,3.0,COMPLETED,BO,4.184283
0.00814683433513326,31,5_0,maxclust,ward,3.0,COMPLETED,BO,6.192433
0.00814683433513326,32,5_0,maxclust,ward,3.0,COMPLETED,BO,3.772742
0.00814683433513326,33,5_0,maxclust,ward,3.0,COMPLETED,BO,4.867845
0.00814683433513326,34,5_0,maxclust,ward,3.0,COMPLETED,BO,6.097895
0.00814683433513326,23,5_0,maxclust,ward,3.0,COMPLETED,BO,7.360665
-0.0006142952688537,7,7_0,maxclust,centroid,3.0,COMPLETED,Unknown,0.007435
-0.0144034078751447,8,8_0,maxclust,weighted,3.0,COMPLETED,Unknown,0.007031
-0.0144034078751447,9,8_0,maxclust,weighted,3.0,COMPLETED,Unknown,0.007021
