adjusted_rand_score,trial_index,arm_name,criterion,method,t,trial_status,generator_model,compute_time
7.318154720479377e-07,0,0_0,maxclust,centroid,26.0,COMPLETED,Unknown,0.025725
7.318154720479377e-07,1,0_0,maxclust,centroid,26.0,COMPLETED,Unknown,0.006754
7.318154720479377e-07,3,0_0,maxclust,centroid,26.0,COMPLETED,Unknown,0.006621
7.318154720479377e-07,2,0_0,maxclust,centroid,26.0,COMPLETED,Unknown,0.006646
0.4197213903648231,5,4_0,maxclust,weighted,26.0,COMPLETED,Unknown,0.00661
0.4197213903648231,4,4_0,maxclust,weighted,26.0,COMPLETED,Unknown,0.006697
0.5101899678373623,39,6_0,maxclust,ward,26.0,COMPLETED,BO,22.562314
0.5101899678373623,40,6_0,maxclust,ward,26.0,COMPLETED,BO,20.706126
0.5101899678373623,41,6_0,maxclust,ward,26.0,COMPLETED,BO,22.096057
0.5101899678373623,42,6_0,maxclust,ward,26.0,COMPLETED,BO,21.722535
0.5101899678373623,43,6_0,maxclust,ward,26.0,COMPLETED,BO,22.264223
0.5101899678373623,44,6_0,maxclust,ward,26.0,COMPLETED,BO,23.136432
0.5101899678373623,45,6_0,maxclust,ward,26.0,COMPLETED,BO,20.491758
0.5101899678373623,46,6_0,maxclust,ward,26.0,COMPLETED,BO,21.566788
0.5101899678373623,47,6_0,maxclust,ward,26.0,COMPLETED,BO,21.78905
0.5101899678373623,48,6_0,maxclust,ward,26.0,COMPLETED,BO,22.750069
0.5101899678373623,50,6_0,maxclust,ward,26.0,COMPLETED,BO,24.428294
0.5101899678373623,38,6_0,maxclust,ward,26.0,COMPLETED,BO,22.418011
0.5101899678373623,51,6_0,maxclust,ward,26.0,COMPLETED,BO,23.484115
0.5101899678373623,52,6_0,maxclust,ward,26.0,COMPLETED,BO,22.2572
0.5101899678373623,53,6_0,maxclust,ward,26.0,COMPLETED,BO,22.367459
0.5101899678373623,54,6_0,maxclust,ward,26.0,COMPLETED,BO,23.180731
0.5101899678373623,55,6_0,maxclust,ward,26.0,COMPLETED,BO,20.676568
0.5101899678373623,56,6_0,maxclust,ward,26.0,COMPLETED,BO,21.538659
0.5101899678373623,57,6_0,maxclust,ward,26.0,COMPLETED,BO,21.769757
0.5101899678373623,58,6_0,maxclust,ward,26.0,COMPLETED,BO,21.334032
0.5101899678373623,59,6_0,maxclust,ward,26.0,COMPLETED,BO,22.025782
0.5101899678373623,6,6_0,maxclust,ward,26.0,COMPLETED,Unknown,0.006618
0.5101899678373623,7,6_0,maxclust,ward,26.0,COMPLETED,Unknown,0.006991
0.5101899678373623,49,6_0,maxclust,ward,26.0,COMPLETED,BO,21.389769
0.5101899678373623,37,6_0,maxclust,ward,26.0,COMPLETED,BO,22.647497
0.5101899678373623,35,6_0,maxclust,ward,26.0,COMPLETED,BO,23.741879
0.5101899678373623,8,6_0,maxclust,ward,26.0,COMPLETED,Unknown,0.006615
0.5101899678373623,10,6_0,maxclust,ward,26.0,COMPLETED,BO,24.073968
0.5101899678373623,11,6_0,maxclust,ward,26.0,COMPLETED,BO,21.375068
0.5101899678373623,12,6_0,maxclust,ward,26.0,COMPLETED,BO,22.805851
0.5101899678373623,13,6_0,maxclust,ward,26.0,COMPLETED,BO,23.288067
0.5101899678373623,14,6_0,maxclust,ward,26.0,COMPLETED,BO,23.677626
0.5101899678373623,15,6_0,maxclust,ward,26.0,COMPLETED,BO,21.402167
0.5101899678373623,16,6_0,maxclust,ward,26.0,COMPLETED,BO,22.610175
0.5101899678373623,17,6_0,maxclust,ward,26.0,COMPLETED,BO,23.226179
0.5101899678373623,18,6_0,maxclust,ward,26.0,COMPLETED,BO,22.811549
0.5101899678373623,19,6_0,maxclust,ward,26.0,COMPLETED,BO,22.185581
0.5101899678373623,20,6_0,maxclust,ward,26.0,COMPLETED,BO,23.225235
0.5101899678373623,21,6_0,maxclust,ward,26.0,COMPLETED,BO,22.722256
0.5101899678373623,22,6_0,maxclust,ward,26.0,COMPLETED,BO,22.896179
0.5101899678373623,23,6_0,maxclust,ward,26.0,COMPLETED,BO,23.164914
0.5101899678373623,24,6_0,maxclust,ward,26.0,COMPLETED,BO,22.978397
0.5101899678373623,25,6_0,maxclust,ward,26.0,COMPLETED,BO,22.89965
0.5101899678373623,26,6_0,maxclust,ward,26.0,COMPLETED,BO,24.922021
0.5101899678373623,27,6_0,maxclust,ward,26.0,COMPLETED,BO,21.503217
0.5101899678373623,28,6_0,maxclust,ward,26.0,COMPLETED,BO,22.946925
0.5101899678373623,29,6_0,maxclust,ward,26.0,COMPLETED,BO,24.707367
0.5101899678373623,30,6_0,maxclust,ward,26.0,COMPLETED,BO,21.15989
0.5101899678373623,31,6_0,maxclust,ward,26.0,COMPLETED,BO,21.955276
0.5101899678373623,32,6_0,maxclust,ward,26.0,COMPLETED,BO,22.662088
0.5101899678373623,33,6_0,maxclust,ward,26.0,COMPLETED,BO,22.783015
0.5101899678373623,34,6_0,maxclust,ward,26.0,COMPLETED,BO,22.65464
0.5101899678373623,36,6_0,maxclust,ward,26.0,COMPLETED,BO,22.471843
5.937285351316695e-07,9,9_0,maxclust,median,26.0,COMPLETED,Unknown,0.006628
