adjusted_rand_score,trial_index,arm_name,criterion,method,t,trial_status,generator_model
0.0007360495213513,0,0_0,maxclust,complete,2.0,COMPLETED,Sobol
0.0007360495213513,7,0_0,maxclust,complete,2.0,COMPLETED,Sobol
0.0007360495213513,12,0_0,maxclust,complete,2.0,COMPLETED,Sobol
0.0007360495213513,16,0_0,maxclust,complete,2.0,COMPLETED,Sobol
0.0007360495213513,21,0_0,maxclust,complete,2.0,COMPLETED,Sobol
0.0007360495213513,2,0_0,maxclust,complete,2.0,COMPLETED,Sobol
0.0097739331596407,19,1_0,maxclust,ward,2.0,COMPLETED,Sobol
0.0097739331596407,1,1_0,maxclust,ward,2.0,COMPLETED,Sobol
0.0097739331596407,23,1_0,maxclust,ward,2.0,COMPLETED,Sobol
0.0097739331596407,24,1_0,maxclust,ward,2.0,COMPLETED,Sobol
0.0097739331596407,10,1_0,maxclust,ward,2.0,COMPLETED,Sobol
0.0,3,3_0,maxclust,weighted,2.0,COMPLETED,Sobol
0.0,20,3_0,maxclust,weighted,2.0,COMPLETED,Sobol
0.0,4,4_0,maxclust,median,2.0,COMPLETED,Sobol
0.0,14,4_0,maxclust,median,2.0,COMPLETED,Sobol
0.0,11,4_0,maxclust,median,2.0,COMPLETED,Sobol
0.0,17,5_0,maxclust,centroid,2.0,COMPLETED,Sobol
0.0,15,5_0,maxclust,centroid,2.0,COMPLETED,Sobol
0.0,5,5_0,maxclust,centroid,2.0,COMPLETED,Sobol
1.183888694442254e-06,6,6_0,maxclust,average,2.0,COMPLETED,Sobol
1.183888694442254e-06,9,6_0,maxclust,average,2.0,COMPLETED,Sobol
1.183888694442254e-06,22,6_0,maxclust,average,2.0,COMPLETED,Sobol
1.183888694442254e-06,13,6_0,maxclust,average,2.0,COMPLETED,Sobol
0.0,8,8_0,maxclust,single,2.0,COMPLETED,Sobol
0.0,18,8_0,maxclust,single,2.0,COMPLETED,Sobol
