adjusted_rand_score,trial_index,arm_name,criterion,method,t,trial_status,generator_model,compute_time
-0.0009298259145637,0,0_0,maxclust,centroid,2.0,COMPLETED,Unknown,0.019275
-0.0009298259145637,1,0_0,maxclust,centroid,2.0,COMPLETED,Unknown,0.007333
-0.0009298259145637,3,0_0,maxclust,centroid,2.0,COMPLETED,Unknown,0.006871
-0.0009298259145637,2,0_0,maxclust,centroid,2.0,COMPLETED,Unknown,0.006898
-0.0009298259145637,5,4_0,maxclust,weighted,2.0,COMPLETED,Unknown,0.00693
-0.0009298259145637,4,4_0,maxclust,weighted,2.0,COMPLETED,Unknown,0.006876
0.21623106029726663,39,6_0,maxclust,ward,2.0,COMPLETED,BO,5.294985
0.21623106029726663,40,6_0,maxclust,ward,2.0,COMPLETED,BO,5.266025
0.21623106029726663,41,6_0,maxclust,ward,2.0,COMPLETED,BO,7.700634
0.21623106029726663,42,6_0,maxclust,ward,2.0,COMPLETED,BO,3.765806
0.21623106029726663,43,6_0,maxclust,ward,2.0,COMPLETED,BO,3.392069
0.21623106029726663,44,6_0,maxclust,ward,2.0,COMPLETED,BO,4.683913
0.21623106029726663,45,6_0,maxclust,ward,2.0,COMPLETED,BO,4.243733
0.21623106029726663,46,6_0,maxclust,ward,2.0,COMPLETED,BO,4.200504
0.21623106029726663,47,6_0,maxclust,ward,2.0,COMPLETED,BO,4.170789
0.21623106029726663,48,6_0,maxclust,ward,2.0,COMPLETED,BO,4.352337
0.21623106029726663,50,6_0,maxclust,ward,2.0,COMPLETED,BO,4.110558
0.21623106029726663,38,6_0,maxclust,ward,2.0,COMPLETED,BO,5.307874
0.21623106029726663,51,6_0,maxclust,ward,2.0,COMPLETED,BO,3.860485
0.21623106029726663,52,6_0,maxclust,ward,2.0,COMPLETED,BO,3.424303
0.21623106029726663,53,6_0,maxclust,ward,2.0,COMPLETED,BO,3.916729
0.21623106029726663,54,6_0,maxclust,ward,2.0,COMPLETED,BO,3.822179
0.21623106029726663,55,6_0,maxclust,ward,2.0,COMPLETED,BO,3.954384
0.21623106029726663,56,6_0,maxclust,ward,2.0,COMPLETED,BO,3.407341
0.21623106029726663,57,6_0,maxclust,ward,2.0,COMPLETED,BO,3.825639
0.21623106029726663,58,6_0,maxclust,ward,2.0,COMPLETED,BO,4.239407
0.21623106029726663,59,6_0,maxclust,ward,2.0,COMPLETED,BO,4.071205
0.2162310602972666,6,6_0,maxclust,ward,2.0,COMPLETED,Unknown,0.006865
0.2162310602972666,7,6_0,maxclust,ward,2.0,COMPLETED,Unknown,0.007426
0.21623106029726663,49,6_0,maxclust,ward,2.0,COMPLETED,BO,4.346673
0.21623106029726663,37,6_0,maxclust,ward,2.0,COMPLETED,BO,5.368214
0.21623106029726663,35,6_0,maxclust,ward,2.0,COMPLETED,BO,4.820022
0.2162310602972666,8,6_0,maxclust,ward,2.0,COMPLETED,Unknown,0.006905
0.21623106029726663,10,6_0,maxclust,ward,2.0,COMPLETED,BO,10.705127
0.21623106029726663,11,6_0,maxclust,ward,2.0,COMPLETED,BO,6.85494
0.21623106029726663,12,6_0,maxclust,ward,2.0,COMPLETED,BO,5.131083
0.21623106029726663,13,6_0,maxclust,ward,2.0,COMPLETED,BO,6.911996
0.21623106029726663,14,6_0,maxclust,ward,2.0,COMPLETED,BO,5.619936
0.21623106029726663,15,6_0,maxclust,ward,2.0,COMPLETED,BO,4.888875
0.21623106029726663,16,6_0,maxclust,ward,2.0,COMPLETED,BO,5.335986
0.21623106029726663,17,6_0,maxclust,ward,2.0,COMPLETED,BO,5.77487
0.21623106029726663,18,6_0,maxclust,ward,2.0,COMPLETED,BO,5.222893
0.21623106029726663,19,6_0,maxclust,ward,2.0,COMPLETED,BO,5.27921
0.21623106029726663,20,6_0,maxclust,ward,2.0,COMPLETED,BO,4.327798
0.21623106029726663,21,6_0,maxclust,ward,2.0,COMPLETED,BO,3.845064
0.21623106029726663,22,6_0,maxclust,ward,2.0,COMPLETED,BO,3.696267
0.21623106029726663,23,6_0,maxclust,ward,2.0,COMPLETED,BO,3.464685
0.21623106029726663,24,6_0,maxclust,ward,2.0,COMPLETED,BO,3.665707
0.21623106029726663,25,6_0,maxclust,ward,2.0,COMPLETED,BO,3.874862
0.21623106029726663,26,6_0,maxclust,ward,2.0,COMPLETED,BO,4.014343
0.21623106029726663,27,6_0,maxclust,ward,2.0,COMPLETED,BO,3.90194
0.21623106029726663,28,6_0,maxclust,ward,2.0,COMPLETED,BO,3.952439
0.21623106029726663,29,6_0,maxclust,ward,2.0,COMPLETED,BO,4.255397
0.21623106029726663,30,6_0,maxclust,ward,2.0,COMPLETED,BO,5.026294
0.21623106029726663,31,6_0,maxclust,ward,2.0,COMPLETED,BO,5.045951
0.21623106029726663,32,6_0,maxclust,ward,2.0,COMPLETED,BO,5.379419
0.21623106029726663,33,6_0,maxclust,ward,2.0,COMPLETED,BO,5.581301
0.21623106029726663,34,6_0,maxclust,ward,2.0,COMPLETED,BO,5.30378
0.21623106029726663,36,6_0,maxclust,ward,2.0,COMPLETED,BO,5.143108
-0.0009298259145637,9,9_0,maxclust,median,2.0,COMPLETED,Unknown,0.006912
