adjusted_rand_score,trial_index,arm_name,criterion,method,t,trial_status,generator_model,compute_time
0.0257341928841716,0,0_0,maxclust,weighted,2.0,COMPLETED,Unknown,0.015933
0.0257341928841716,1,0_0,maxclust,weighted,2.0,COMPLETED,Unknown,0.006919
0.0257341928841716,4,0_0,maxclust,weighted,2.0,COMPLETED,Unknown,0.006874
0.0257341928841716,3,0_0,maxclust,weighted,2.0,COMPLETED,Unknown,0.00687
0.0257341928841716,2,0_0,maxclust,weighted,2.0,COMPLETED,Unknown,0.006877
0.0,5,5_0,maxclust,median,2.0,COMPLETED,Unknown,0.006923
0.1405736311178766,39,6_0,maxclust,ward,2.0,COMPLETED,BO,4.38701
0.1405736311178766,40,6_0,maxclust,ward,2.0,COMPLETED,BO,4.129414
0.1405736311178766,41,6_0,maxclust,ward,2.0,COMPLETED,BO,4.477604
0.1405736311178766,42,6_0,maxclust,ward,2.0,COMPLETED,BO,4.191079
0.1405736311178766,43,6_0,maxclust,ward,2.0,COMPLETED,BO,4.241708
0.1405736311178766,44,6_0,maxclust,ward,2.0,COMPLETED,BO,4.347237
0.1405736311178766,45,6_0,maxclust,ward,2.0,COMPLETED,BO,5.094
0.1405736311178766,46,6_0,maxclust,ward,2.0,COMPLETED,BO,4.421339
0.1405736311178766,47,6_0,maxclust,ward,2.0,COMPLETED,BO,4.096424
0.1405736311178766,48,6_0,maxclust,ward,2.0,COMPLETED,BO,4.209878
0.1405736311178766,50,6_0,maxclust,ward,2.0,COMPLETED,BO,4.122126
0.1405736311178766,38,6_0,maxclust,ward,2.0,COMPLETED,BO,4.586988
0.1405736311178766,51,6_0,maxclust,ward,2.0,COMPLETED,BO,4.393994
0.1405736311178766,52,6_0,maxclust,ward,2.0,COMPLETED,BO,4.474977
0.1405736311178766,53,6_0,maxclust,ward,2.0,COMPLETED,BO,4.385497
0.1405736311178766,54,6_0,maxclust,ward,2.0,COMPLETED,BO,4.47437
0.1405736311178766,55,6_0,maxclust,ward,2.0,COMPLETED,BO,5.049731
0.1405736311178766,56,6_0,maxclust,ward,2.0,COMPLETED,BO,5.435341
0.1405736311178766,57,6_0,maxclust,ward,2.0,COMPLETED,BO,5.441759
0.1405736311178766,58,6_0,maxclust,ward,2.0,COMPLETED,BO,5.035784
0.1405736311178766,59,6_0,maxclust,ward,2.0,COMPLETED,BO,4.489082
0.1405736311178766,6,6_0,maxclust,ward,2.0,COMPLETED,Unknown,0.006988
0.1405736311178766,7,6_0,maxclust,ward,2.0,COMPLETED,Unknown,0.00731
0.1405736311178766,49,6_0,maxclust,ward,2.0,COMPLETED,BO,4.302171
0.1405736311178766,37,6_0,maxclust,ward,2.0,COMPLETED,BO,4.246871
0.1405736311178766,35,6_0,maxclust,ward,2.0,COMPLETED,BO,4.461328
0.1405736311178766,8,6_0,maxclust,ward,2.0,COMPLETED,Unknown,0.006895
0.1405736311178766,10,6_0,maxclust,ward,2.0,COMPLETED,BO,5.3046
0.1405736311178766,11,6_0,maxclust,ward,2.0,COMPLETED,BO,4.744206
0.1405736311178766,12,6_0,maxclust,ward,2.0,COMPLETED,BO,4.429086
0.1405736311178766,13,6_0,maxclust,ward,2.0,COMPLETED,BO,4.039795
0.1405736311178766,14,6_0,maxclust,ward,2.0,COMPLETED,BO,3.958292
0.1405736311178766,15,6_0,maxclust,ward,2.0,COMPLETED,BO,4.814485
0.1405736311178766,16,6_0,maxclust,ward,2.0,COMPLETED,BO,5.128395
0.1405736311178766,17,6_0,maxclust,ward,2.0,COMPLETED,BO,6.06722
0.1405736311178766,18,6_0,maxclust,ward,2.0,COMPLETED,BO,4.372579
0.1405736311178766,19,6_0,maxclust,ward,2.0,COMPLETED,BO,5.161709
0.1405736311178766,20,6_0,maxclust,ward,2.0,COMPLETED,BO,4.269444
0.1405736311178766,21,6_0,maxclust,ward,2.0,COMPLETED,BO,4.318734
0.1405736311178766,22,6_0,maxclust,ward,2.0,COMPLETED,BO,4.263805
0.1405736311178766,23,6_0,maxclust,ward,2.0,COMPLETED,BO,4.233115
0.1405736311178766,24,6_0,maxclust,ward,2.0,COMPLETED,BO,4.318141
0.1405736311178766,25,6_0,maxclust,ward,2.0,COMPLETED,BO,4.218272
0.1405736311178766,26,6_0,maxclust,ward,2.0,COMPLETED,BO,4.507479
0.1405736311178766,27,6_0,maxclust,ward,2.0,COMPLETED,BO,4.721517
0.1405736311178766,28,6_0,maxclust,ward,2.0,COMPLETED,BO,4.452914
0.1405736311178766,29,6_0,maxclust,ward,2.0,COMPLETED,BO,4.112913
0.1405736311178766,30,6_0,maxclust,ward,2.0,COMPLETED,BO,4.471003
0.1405736311178766,31,6_0,maxclust,ward,2.0,COMPLETED,BO,4.657663
0.1405736311178766,32,6_0,maxclust,ward,2.0,COMPLETED,BO,4.875773
0.1405736311178766,33,6_0,maxclust,ward,2.0,COMPLETED,BO,5.165338
0.1405736311178766,34,6_0,maxclust,ward,2.0,COMPLETED,BO,4.290816
0.1405736311178766,36,6_0,maxclust,ward,2.0,COMPLETED,BO,4.225083
0.0,9,9_0,maxclust,centroid,2.0,COMPLETED,Unknown,0.00691
