adjusted_rand_score,trial_index,arm_name,criterion,method,t,trial_status,generator_model,compute_time
0.0048283446965917,0,0_0,maxclust,complete,2.0,COMPLETED,Unknown,0.017475
0.0048283446965917,1,0_0,maxclust,complete,2.0,COMPLETED,Unknown,0.006912
0.0048283446965917,4,0_0,maxclust,complete,2.0,COMPLETED,Unknown,0.006845
0.0048283446965917,3,0_0,maxclust,complete,2.0,COMPLETED,Unknown,0.006841
0.0048283446965917,2,0_0,maxclust,complete,2.0,COMPLETED,Unknown,0.006856
0.0048283446965917,5,0_0,maxclust,complete,2.0,COMPLETED,Unknown,0.006862
0.5750409366326297,39,6_0,maxclust,ward,2.0,COMPLETED,BO,3.775991
0.5750409366326297,40,6_0,maxclust,ward,2.0,COMPLETED,BO,4.825584
0.5750409366326297,41,6_0,maxclust,ward,2.0,COMPLETED,BO,6.159101
0.5750409366326297,42,6_0,maxclust,ward,2.0,COMPLETED,BO,4.6777
0.5750409366326297,43,6_0,maxclust,ward,2.0,COMPLETED,BO,6.719616
0.5750409366326297,44,6_0,maxclust,ward,2.0,COMPLETED,BO,5.047807
0.5750409366326297,45,6_0,maxclust,ward,2.0,COMPLETED,BO,4.093904
0.5750409366326297,46,6_0,maxclust,ward,2.0,COMPLETED,BO,4.08564
0.5750409366326297,47,6_0,maxclust,ward,2.0,COMPLETED,BO,4.350926
0.5750409366326297,48,6_0,maxclust,ward,2.0,COMPLETED,BO,4.179846
0.5750409366326297,50,6_0,maxclust,ward,2.0,COMPLETED,BO,4.766418
0.5750409366326297,38,6_0,maxclust,ward,2.0,COMPLETED,BO,3.972143
0.5750409366326297,51,6_0,maxclust,ward,2.0,COMPLETED,BO,8.061589
0.5750409366326297,52,6_0,maxclust,ward,2.0,COMPLETED,BO,4.714046
0.5750409366326297,53,6_0,maxclust,ward,2.0,COMPLETED,BO,4.16501
0.5750409366326297,54,6_0,maxclust,ward,2.0,COMPLETED,BO,5.447274
0.5750409366326297,55,6_0,maxclust,ward,2.0,COMPLETED,BO,5.81815
0.5750409366326297,56,6_0,maxclust,ward,2.0,COMPLETED,BO,4.61155
0.5750409366326297,57,6_0,maxclust,ward,2.0,COMPLETED,BO,4.208539
0.5750409366326297,58,6_0,maxclust,ward,2.0,COMPLETED,BO,3.595476
0.5750409366326297,59,6_0,maxclust,ward,2.0,COMPLETED,BO,3.361023
0.5750409366326297,6,6_0,maxclust,ward,2.0,COMPLETED,Unknown,0.006844
0.5750409366326297,7,6_0,maxclust,ward,2.0,COMPLETED,Unknown,0.007252
0.5750409366326297,49,6_0,maxclust,ward,2.0,COMPLETED,BO,4.437479
0.5750409366326297,37,6_0,maxclust,ward,2.0,COMPLETED,BO,3.566257
0.5750409366326297,35,6_0,maxclust,ward,2.0,COMPLETED,BO,3.971689
0.5750409366326297,8,6_0,maxclust,ward,2.0,COMPLETED,Unknown,0.006868
0.5750409366326297,10,6_0,maxclust,ward,2.0,COMPLETED,BO,4.538187
0.5750409366326297,11,6_0,maxclust,ward,2.0,COMPLETED,BO,4.228755
0.5750409366326297,12,6_0,maxclust,ward,2.0,COMPLETED,BO,4.663394
0.5750409366326297,13,6_0,maxclust,ward,2.0,COMPLETED,BO,5.007027
0.5750409366326297,14,6_0,maxclust,ward,2.0,COMPLETED,BO,5.027285
0.5750409366326297,15,6_0,maxclust,ward,2.0,COMPLETED,BO,4.630788
0.5750409366326297,16,6_0,maxclust,ward,2.0,COMPLETED,BO,4.810236
0.5750409366326297,17,6_0,maxclust,ward,2.0,COMPLETED,BO,4.153961
0.5750409366326297,18,6_0,maxclust,ward,2.0,COMPLETED,BO,5.172123
0.5750409366326297,19,6_0,maxclust,ward,2.0,COMPLETED,BO,3.672972
0.5750409366326297,20,6_0,maxclust,ward,2.0,COMPLETED,BO,4.441561
0.5750409366326297,21,6_0,maxclust,ward,2.0,COMPLETED,BO,4.087352
0.5750409366326297,22,6_0,maxclust,ward,2.0,COMPLETED,BO,4.095397
0.5750409366326297,23,6_0,maxclust,ward,2.0,COMPLETED,BO,4.013163
0.5750409366326297,24,6_0,maxclust,ward,2.0,COMPLETED,BO,4.248821
0.5750409366326297,25,6_0,maxclust,ward,2.0,COMPLETED,BO,4.338264
0.5750409366326297,26,6_0,maxclust,ward,2.0,COMPLETED,BO,4.301797
0.5750409366326297,27,6_0,maxclust,ward,2.0,COMPLETED,BO,4.694492
0.5750409366326297,28,6_0,maxclust,ward,2.0,COMPLETED,BO,4.306883
0.5750409366326297,29,6_0,maxclust,ward,2.0,COMPLETED,BO,4.053998
0.5750409366326297,30,6_0,maxclust,ward,2.0,COMPLETED,BO,4.122604
0.5750409366326297,31,6_0,maxclust,ward,2.0,COMPLETED,BO,4.243934
0.5750409366326297,32,6_0,maxclust,ward,2.0,COMPLETED,BO,4.901936
0.5750409366326297,33,6_0,maxclust,ward,2.0,COMPLETED,BO,3.454178
0.5750409366326297,34,6_0,maxclust,ward,2.0,COMPLETED,BO,4.328317
0.5750409366326297,36,6_0,maxclust,ward,2.0,COMPLETED,BO,5.264759
0.5750409366326297,9,6_0,maxclust,ward,2.0,COMPLETED,Unknown,0.006865
