adjusted_rand_score,trial_index,arm_name,criterion,method,t,trial_status,generator_model
0.0778282294856881,0,0_0,maxclust,weighted,11.0,COMPLETED,Sobol
0.0778282294856881,6,0_0,maxclust,weighted,11.0,COMPLETED,Sobol
0.0778282294856881,12,0_0,maxclust,weighted,11.0,COMPLETED,Sobol
0.0778282294856881,23,0_0,maxclust,weighted,11.0,COMPLETED,Sobol
0.0778282294856881,17,0_0,maxclust,weighted,11.0,COMPLETED,Sobol
0.1474045370321765,11,11_0,maxclust,complete,11.0,COMPLETED,Sobol
0.1474045370321765,18,11_0,maxclust,complete,11.0,COMPLETED,Sobol
0.0484667115068079,21,13_0,maxclust,centroid,11.0,COMPLETED,Sobol
0.0484667115068079,13,13_0,maxclust,centroid,11.0,COMPLETED,Sobol
0.1172129731559235,19,1_0,maxclust,ward,11.0,COMPLETED,Sobol
0.1172129731559235,10,1_0,maxclust,ward,11.0,COMPLETED,Sobol
0.1172129731559235,24,1_0,maxclust,ward,11.0,COMPLETED,Sobol
0.1172129731559235,1,1_0,maxclust,ward,11.0,COMPLETED,Sobol
0.1172129731559235,14,1_0,maxclust,ward,11.0,COMPLETED,Sobol
0.0307702470371697,5,2_0,maxclust,median,11.0,COMPLETED,Sobol
0.0307702470371697,8,2_0,maxclust,median,11.0,COMPLETED,Sobol
0.0307702470371697,22,2_0,maxclust,median,11.0,COMPLETED,Sobol
0.0307702470371697,2,2_0,maxclust,median,11.0,COMPLETED,Sobol
0.0307702470371697,15,2_0,maxclust,median,11.0,COMPLETED,Sobol
0.0781488057973329,4,3_0,maxclust,average,11.0,COMPLETED,Sobol
0.0781488057973329,3,3_0,maxclust,average,11.0,COMPLETED,Sobol
0.0022180149704371,16,7_0,maxclust,single,11.0,COMPLETED,Sobol
0.0022180149704371,20,7_0,maxclust,single,11.0,COMPLETED,Sobol
0.0022180149704371,7,7_0,maxclust,single,11.0,COMPLETED,Sobol
0.0022180149704371,9,7_0,maxclust,single,11.0,COMPLETED,Sobol
