adjusted_rand_score,trial_index,arm_name,criterion,method,t,trial_status,generator_model,compute_time
0.0092632797982839,0,0_0,maxclust,average,2.0,COMPLETED,Sobol,69.589041
0.0092632797982839,23,0_0,maxclust,average,2.0,COMPLETED,Sobol,59.121541
0.0092632797982839,15,0_0,maxclust,average,2.0,COMPLETED,Sobol,74.607917
0.0092632797982839,7,0_0,maxclust,average,2.0,COMPLETED,Sobol,69.674876
0.0092632797982839,8,0_0,maxclust,average,2.0,COMPLETED,Sobol,51.495359
0.035134235579674,10,10_0,maxclust,ward,2.0,COMPLETED,Sobol,116.357592
0.035134235579674,14,10_0,maxclust,ward,2.0,COMPLETED,Sobol,70.912959
0.0,19,19_0,maxclust,centroid,2.0,COMPLETED,Sobol,80.217805
-0.0099959492458104,1,1_0,maxclust,weighted,2.0,COMPLETED,Sobol,74.387443
-0.0099959492458104,13,1_0,maxclust,weighted,2.0,COMPLETED,Sobol,86.871322
-0.0099959492458104,16,1_0,maxclust,weighted,2.0,COMPLETED,Sobol,72.350384
1.5689446510220777e-05,2,2_0,maxclust,single,2.0,COMPLETED,Sobol,28.695578
1.5689446510220777e-05,22,2_0,maxclust,single,2.0,COMPLETED,Sobol,57.250625
1.5689446510220777e-05,17,2_0,maxclust,single,2.0,COMPLETED,Sobol,36.07253
1.5689446510220777e-05,24,2_0,maxclust,single,2.0,COMPLETED,Sobol,29.951765
1.5689446510220777e-05,12,2_0,maxclust,single,2.0,COMPLETED,Sobol,34.280833
1.5689446510220777e-05,11,2_0,maxclust,single,2.0,COMPLETED,Sobol,36.775011
1.5689446510220777e-05,5,2_0,maxclust,single,2.0,COMPLETED,Sobol,67.981654
-0.0135260177551474,4,3_0,maxclust,median,2.0,COMPLETED,Sobol,97.926899
-0.0135260177551474,9,3_0,maxclust,median,2.0,COMPLETED,Sobol,105.268764
-0.0135260177551474,21,3_0,maxclust,median,2.0,COMPLETED,Sobol,102.805755
-0.0135260177551474,18,3_0,maxclust,median,2.0,COMPLETED,Sobol,100.563749
-0.0135260177551474,3,3_0,maxclust,median,2.0,COMPLETED,Sobol,108.480798
0.0345841033124311,6,6_0,maxclust,complete,2.0,COMPLETED,Sobol,68.63463
0.0345841033124311,20,6_0,maxclust,complete,2.0,COMPLETED,Sobol,57.189167
