adjusted_rand_score,trial_index,arm_name,criterion,method,t,trial_status,generator_model,compute_time
-0.0002163250837317,0,0_0,maxclust,single,2.0,COMPLETED,Unknown,0.012931
-0.0002163250837317,1,0_0,maxclust,single,2.0,COMPLETED,Unknown,0.006941
0.0216601658599301,3,2_0,maxclust,complete,2.0,COMPLETED,Unknown,0.006984
0.0216601658599301,4,2_0,maxclust,complete,2.0,COMPLETED,Unknown,0.006925
0.0216601658599301,5,2_0,maxclust,complete,2.0,COMPLETED,Unknown,0.006881
0.0216601658599301,2,2_0,maxclust,complete,2.0,COMPLETED,Unknown,0.00699
0.1405736311178766,57,6_0,maxclust,ward,2.0,COMPLETED,BO,3.465614
0.1405736311178766,39,6_0,maxclust,ward,2.0,COMPLETED,BO,5.225594
0.1405736311178766,40,6_0,maxclust,ward,2.0,COMPLETED,BO,4.786914
0.1405736311178766,7,6_0,maxclust,ward,2.0,COMPLETED,Unknown,0.00727
0.1405736311178766,41,6_0,maxclust,ward,2.0,COMPLETED,BO,4.69026
0.1405736311178766,42,6_0,maxclust,ward,2.0,COMPLETED,BO,5.037165
0.1405736311178766,6,6_0,maxclust,ward,2.0,COMPLETED,Unknown,0.00688
0.1405736311178766,43,6_0,maxclust,ward,2.0,COMPLETED,BO,4.709482
0.1405736311178766,44,6_0,maxclust,ward,2.0,COMPLETED,BO,4.427419
0.1405736311178766,45,6_0,maxclust,ward,2.0,COMPLETED,BO,4.429473
0.1405736311178766,46,6_0,maxclust,ward,2.0,COMPLETED,BO,4.642097
0.1405736311178766,58,6_0,maxclust,ward,2.0,COMPLETED,BO,3.509424
0.1405736311178766,47,6_0,maxclust,ward,2.0,COMPLETED,BO,4.478362
0.1405736311178766,49,6_0,maxclust,ward,2.0,COMPLETED,BO,4.770806
0.1405736311178766,38,6_0,maxclust,ward,2.0,COMPLETED,BO,4.623248
0.1405736311178766,50,6_0,maxclust,ward,2.0,COMPLETED,BO,4.354002
0.1405736311178766,51,6_0,maxclust,ward,2.0,COMPLETED,BO,5.003213
0.1405736311178766,52,6_0,maxclust,ward,2.0,COMPLETED,BO,7.738687
0.1405736311178766,59,6_0,maxclust,ward,2.0,COMPLETED,BO,3.449852
0.1405736311178766,53,6_0,maxclust,ward,2.0,COMPLETED,BO,8.922819
0.1405736311178766,54,6_0,maxclust,ward,2.0,COMPLETED,BO,6.557829
0.1405736311178766,55,6_0,maxclust,ward,2.0,COMPLETED,BO,6.585074
0.1405736311178766,56,6_0,maxclust,ward,2.0,COMPLETED,BO,4.961237
0.1405736311178766,48,6_0,maxclust,ward,2.0,COMPLETED,BO,4.800582
0.1405736311178766,37,6_0,maxclust,ward,2.0,COMPLETED,BO,4.295204
0.1405736311178766,35,6_0,maxclust,ward,2.0,COMPLETED,BO,3.978877
0.1405736311178766,8,6_0,maxclust,ward,2.0,COMPLETED,Unknown,0.006894
0.1405736311178766,10,6_0,maxclust,ward,2.0,COMPLETED,BO,4.716872
0.1405736311178766,11,6_0,maxclust,ward,2.0,COMPLETED,BO,4.165756
0.1405736311178766,12,6_0,maxclust,ward,2.0,COMPLETED,BO,3.883222
0.1405736311178766,13,6_0,maxclust,ward,2.0,COMPLETED,BO,4.31626
0.1405736311178766,14,6_0,maxclust,ward,2.0,COMPLETED,BO,4.379142
0.1405736311178766,15,6_0,maxclust,ward,2.0,COMPLETED,BO,4.710094
0.1405736311178766,16,6_0,maxclust,ward,2.0,COMPLETED,BO,4.738189
0.1405736311178766,17,6_0,maxclust,ward,2.0,COMPLETED,BO,4.819605
0.1405736311178766,18,6_0,maxclust,ward,2.0,COMPLETED,BO,4.054533
0.1405736311178766,19,6_0,maxclust,ward,2.0,COMPLETED,BO,4.331802
0.1405736311178766,20,6_0,maxclust,ward,2.0,COMPLETED,BO,4.827919
0.1405736311178766,21,6_0,maxclust,ward,2.0,COMPLETED,BO,4.818932
0.1405736311178766,22,6_0,maxclust,ward,2.0,COMPLETED,BO,4.654534
0.1405736311178766,23,6_0,maxclust,ward,2.0,COMPLETED,BO,4.981805
0.1405736311178766,24,6_0,maxclust,ward,2.0,COMPLETED,BO,4.666714
0.1405736311178766,25,6_0,maxclust,ward,2.0,COMPLETED,BO,4.161134
0.1405736311178766,26,6_0,maxclust,ward,2.0,COMPLETED,BO,4.094285
0.1405736311178766,27,6_0,maxclust,ward,2.0,COMPLETED,BO,4.51594
0.1405736311178766,28,6_0,maxclust,ward,2.0,COMPLETED,BO,4.663462
0.1405736311178766,29,6_0,maxclust,ward,2.0,COMPLETED,BO,4.850944
0.1405736311178766,30,6_0,maxclust,ward,2.0,COMPLETED,BO,4.574259
0.1405736311178766,31,6_0,maxclust,ward,2.0,COMPLETED,BO,4.792836
0.1405736311178766,32,6_0,maxclust,ward,2.0,COMPLETED,BO,3.908535
0.1405736311178766,33,6_0,maxclust,ward,2.0,COMPLETED,BO,3.926947
0.1405736311178766,34,6_0,maxclust,ward,2.0,COMPLETED,BO,3.961353
0.1405736311178766,36,6_0,maxclust,ward,2.0,COMPLETED,BO,4.391074
0.1405736311178766,9,6_0,maxclust,ward,2.0,COMPLETED,Unknown,0.006901
