adjusted_rand_score,trial_index,arm_name,criterion,method,t,trial_status,generator_model
0.0109840476086537,0,0_0,maxclust,centroid,2.0,COMPLETED,Sobol
0.0109840476086537,6,0_0,maxclust,centroid,2.0,COMPLETED,Sobol
0.0109840476086537,12,0_0,maxclust,centroid,2.0,COMPLETED,Sobol
0.0109840476086537,18,0_0,maxclust,centroid,2.0,COMPLETED,Sobol
0.0109840476086537,17,17_0,maxclust,weighted,2.0,COMPLETED,Sobol
0.0109840476086537,21,17_0,maxclust,weighted,2.0,COMPLETED,Sobol
0.0435860016857041,5,1_0,maxclust,ward,2.0,COMPLETED,Sobol
0.0435860016857041,1,1_0,maxclust,ward,2.0,COMPLETED,Sobol
0.0435860016857041,14,1_0,maxclust,ward,2.0,COMPLETED,Sobol
0.0109840476086537,13,2_0,maxclust,median,2.0,COMPLETED,Sobol
0.0109840476086537,15,2_0,maxclust,median,2.0,COMPLETED,Sobol
0.0109840476086537,20,2_0,maxclust,median,2.0,COMPLETED,Sobol
0.0109840476086537,2,2_0,maxclust,median,2.0,COMPLETED,Sobol
0.0109840476086537,4,3_0,maxclust,complete,2.0,COMPLETED,Sobol
0.0109840476086537,3,3_0,maxclust,complete,2.0,COMPLETED,Sobol
0.0109840476086537,10,3_0,maxclust,complete,2.0,COMPLETED,Sobol
0.0109840476086537,22,3_0,maxclust,complete,2.0,COMPLETED,Sobol
0.0109840476086537,8,7_0,maxclust,average,2.0,COMPLETED,Sobol
0.0109840476086537,16,7_0,maxclust,average,2.0,COMPLETED,Sobol
0.0109840476086537,23,7_0,maxclust,average,2.0,COMPLETED,Sobol
0.0109840476086537,24,7_0,maxclust,average,2.0,COMPLETED,Sobol
0.0109840476086537,11,7_0,maxclust,average,2.0,COMPLETED,Sobol
0.0109840476086537,7,7_0,maxclust,average,2.0,COMPLETED,Sobol
0.0109840476086537,19,9_0,maxclust,single,2.0,COMPLETED,Sobol
0.0109840476086537,9,9_0,maxclust,single,2.0,COMPLETED,Sobol
