adjusted_rand_score,trial_index,arm_name,criterion,method,t,trial_status,generator_model
0.0016908672914999,0,0_0,maxclust,weighted,2.0,COMPLETED,Sobol
0.0016908672914999,6,0_0,maxclust,weighted,2.0,COMPLETED,Sobol
0.0016908672914999,12,0_0,maxclust,weighted,2.0,COMPLETED,Sobol
0.0016908672914999,17,0_0,maxclust,weighted,2.0,COMPLETED,Sobol
0.0016908672914999,23,0_0,maxclust,weighted,2.0,COMPLETED,Sobol
-0.0011867647220711,11,11_0,maxclust,complete,2.0,COMPLETED,Sobol
-0.0011867647220711,18,11_0,maxclust,complete,2.0,COMPLETED,Sobol
-0.0003338425439616,21,13_0,maxclust,centroid,2.0,COMPLETED,Sobol
-0.0003338425439616,13,13_0,maxclust,centroid,2.0,COMPLETED,Sobol
-0.06877270731836,10,1_0,maxclust,ward,2.0,COMPLETED,Sobol
-0.06877270731836,19,1_0,maxclust,ward,2.0,COMPLETED,Sobol
-0.06877270731836,1,1_0,maxclust,ward,2.0,COMPLETED,Sobol
-0.06877270731836,14,1_0,maxclust,ward,2.0,COMPLETED,Sobol
-0.06877270731836,24,1_0,maxclust,ward,2.0,COMPLETED,Sobol
0.0,2,2_0,maxclust,median,2.0,COMPLETED,Sobol
0.0,5,2_0,maxclust,median,2.0,COMPLETED,Sobol
0.0,8,2_0,maxclust,median,2.0,COMPLETED,Sobol
0.0,15,2_0,maxclust,median,2.0,COMPLETED,Sobol
0.0,22,2_0,maxclust,median,2.0,COMPLETED,Sobol
-0.0003338425439616,3,3_0,maxclust,average,2.0,COMPLETED,Sobol
-0.0003338425439616,4,3_0,maxclust,average,2.0,COMPLETED,Sobol
0.0016908672914999,16,7_0,maxclust,single,2.0,COMPLETED,Sobol
0.0016908672914999,20,7_0,maxclust,single,2.0,COMPLETED,Sobol
0.0016908672914999,7,7_0,maxclust,single,2.0,COMPLETED,Sobol
0.0016908672914999,9,7_0,maxclust,single,2.0,COMPLETED,Sobol
