adjusted_rand_score,trial_index,arm_name,criterion,method,t,trial_status,generator_model
0.0893604154865583,0,0_0,maxclust,weighted,4.0,COMPLETED,Sobol
0.0893604154865583,6,0_0,maxclust,weighted,4.0,COMPLETED,Sobol
0.0893604154865583,12,0_0,maxclust,weighted,4.0,COMPLETED,Sobol
0.0893604154865583,23,0_0,maxclust,weighted,4.0,COMPLETED,Sobol
0.0893604154865583,17,0_0,maxclust,weighted,4.0,COMPLETED,Sobol
0.0086399328981301,18,11_0,maxclust,complete,4.0,COMPLETED,Sobol
0.0086399328981301,11,11_0,maxclust,complete,4.0,COMPLETED,Sobol
-0.0001255261364337,21,13_0,maxclust,centroid,4.0,COMPLETED,Sobol
-0.0001255261364337,13,13_0,maxclust,centroid,4.0,COMPLETED,Sobol
0.0408822925093853,24,1_0,maxclust,ward,4.0,COMPLETED,Sobol
0.0408822925093853,10,1_0,maxclust,ward,4.0,COMPLETED,Sobol
0.0408822925093853,19,1_0,maxclust,ward,4.0,COMPLETED,Sobol
0.0408822925093853,14,1_0,maxclust,ward,4.0,COMPLETED,Sobol
0.0408822925093853,1,1_0,maxclust,ward,4.0,COMPLETED,Sobol
0.0006639452185323,2,2_0,maxclust,median,4.0,COMPLETED,Sobol
0.0006639452185323,22,2_0,maxclust,median,4.0,COMPLETED,Sobol
0.0006639452185323,5,2_0,maxclust,median,4.0,COMPLETED,Sobol
0.0006639452185323,15,2_0,maxclust,median,4.0,COMPLETED,Sobol
0.0006639452185323,8,2_0,maxclust,median,4.0,COMPLETED,Sobol
0.0271805465526253,4,3_0,maxclust,average,4.0,COMPLETED,Sobol
0.0271805465526253,3,3_0,maxclust,average,4.0,COMPLETED,Sobol
-0.000177262838088,16,7_0,maxclust,single,4.0,COMPLETED,Sobol
-0.000177262838088,20,7_0,maxclust,single,4.0,COMPLETED,Sobol
-0.000177262838088,7,7_0,maxclust,single,4.0,COMPLETED,Sobol
-0.000177262838088,9,7_0,maxclust,single,4.0,COMPLETED,Sobol
