adjusted_rand_score,trial_index,arm_name,eps,metric,min_samples,trial_status,generator_model
0.0,0,0_0,0.8121001523733139,cosine,43.0,COMPLETED,Sobol
0.0010324106554524,10,10_0,0.3515563171543181,cosine,46.0,COMPLETED,Sobol
0.0,11,11_0,0.6466158766578883,cosine,79.0,COMPLETED,Sobol
0.0,12,12_0,0.5675977329369635,cosine,26.0,COMPLETED,Sobol
0.0,13,13_0,0.4264350999258459,cosine,97.0,COMPLETED,Sobol
0.2248942151336083,14,14_0,0.1992447890527546,cosine,3.0,COMPLETED,Sobol
0.0,15,15_0,0.806727016089484,cosine,70.0,COMPLETED,Sobol
0.0,16,16_0,0.7513790705502034,cosine,8.0,COMPLETED,Sobol
0.0,17,17_0,0.2350986361224204,cosine,73.0,COMPLETED,Sobol
0.0,18,18_0,0.3907166138235479,cosine,31.0,COMPLETED,Sobol
0.0,19,19_0,0.6228065104410052,cosine,100.0,COMPLETED,Sobol
0.0,1,1_0,0.1743747993800789,cosine,88.0,COMPLETED,Sobol
0.0,20,20_0,0.6688097541481256,cosine,49.0,COMPLETED,Sobol
0.0,21,21_0,0.3410558411944657,cosine,81.0,COMPLETED,Sobol
0.0,22,22_0,0.0351348313782364,cosine,25.0,COMPLETED,Sobol
0.0,23,23_0,0.9549949315562845,cosine,54.0,COMPLETED,Sobol
0.0,24,24_0,0.9135612223725766,cosine,34.0,COMPLETED,Sobol
0.0,2,2_0,0.4513006449211388,cosine,20.0,COMPLETED,Sobol
0.0,3,3_0,0.5622197355777026,cosine,61.0,COMPLETED,Sobol
0.0,4,4_0,0.7308742067143321,cosine,12.0,COMPLETED,Sobol
0.0,5,5_0,0.2789941323939711,cosine,67.0,COMPLETED,Sobol
0.0,6,6_0,0.0973058892805129,cosine,36.0,COMPLETED,Sobol
0.0,7,7_0,0.8928266025483608,cosine,93.0,COMPLETED,Sobol
0.0,8,8_0,0.9770843247380108,cosine,22.0,COMPLETED,Sobol
0.0,9,9_0,0.0247426467947661,cosine,52.0,COMPLETED,Sobol
