adjusted_rand_score,trial_index,arm_name,criterion,method,t,trial_status,generator_model,compute_time
0.0001011140555958,0,0_0,maxclust,single,4.0,COMPLETED,Sobol,4.786114
0.0001011140555958,7,0_0,maxclust,single,4.0,COMPLETED,Sobol,4.086146
0.0001011140555958,19,0_0,maxclust,single,4.0,COMPLETED,Sobol,3.467158
0.0001011140555958,9,0_0,maxclust,single,4.0,COMPLETED,Sobol,5.465722
0.0001815761300508,13,11_0,maxclust,centroid,4.0,COMPLETED,Sobol,5.894743
0.0001815761300508,15,11_0,maxclust,centroid,4.0,COMPLETED,Sobol,5.473117
0.0001815761300508,17,11_0,maxclust,centroid,4.0,COMPLETED,Sobol,5.906672
0.0001815761300508,11,11_0,maxclust,centroid,4.0,COMPLETED,Sobol,4.340995
0.0001815761300508,21,11_0,maxclust,centroid,4.0,COMPLETED,Sobol,4.69253
0.0468377869954223,18,18_0,maxclust,complete,4.0,COMPLETED,Sobol,4.515142
0.0,12,1_0,maxclust,median,4.0,COMPLETED,Sobol,4.314258
0.0,6,1_0,maxclust,median,4.0,COMPLETED,Sobol,4.497102
0.0,16,1_0,maxclust,median,4.0,COMPLETED,Sobol,5.224355
0.0,1,1_0,maxclust,median,4.0,COMPLETED,Sobol,5.172813
0.0,23,1_0,maxclust,median,4.0,COMPLETED,Sobol,5.206452
0.0326315858214311,8,2_0,maxclust,weighted,4.0,COMPLETED,Sobol,4.204028
0.0326315858214311,2,2_0,maxclust,weighted,4.0,COMPLETED,Sobol,4.84517
0.0326315858214311,4,2_0,maxclust,weighted,4.0,COMPLETED,Sobol,4.987392
0.0489109723282337,22,3_0,maxclust,average,4.0,COMPLETED,Sobol,3.921698
0.0489109723282337,3,3_0,maxclust,average,4.0,COMPLETED,Sobol,5.04074
0.0489109723282337,20,3_0,maxclust,average,4.0,COMPLETED,Sobol,4.067238
0.0352260684391469,24,5_0,maxclust,ward,4.0,COMPLETED,Sobol,3.764232
0.0352260684391469,5,5_0,maxclust,ward,4.0,COMPLETED,Sobol,4.834948
0.0352260684391469,14,5_0,maxclust,ward,4.0,COMPLETED,Sobol,7.2219
0.0352260684391469,10,5_0,maxclust,ward,4.0,COMPLETED,Sobol,3.884863
