adjusted_rand_score,trial_index,arm_name,criterion,method,t,trial_status,generator_model
0.0666430738783003,0,0_0,maxclust,weighted,26.0,COMPLETED,Sobol
0.0666430738783003,23,0_0,maxclust,weighted,26.0,COMPLETED,Sobol
0.0666430738783003,17,0_0,maxclust,weighted,26.0,COMPLETED,Sobol
0.0666430738783003,8,0_0,maxclust,weighted,26.0,COMPLETED,Sobol
0.0666430738783003,6,0_0,maxclust,weighted,26.0,COMPLETED,Sobol
0.0286296403794329,11,11_0,maxclust,median,26.0,COMPLETED,Sobol
0.1656167859278514,24,14_0,maxclust,ward,26.0,COMPLETED,Sobol
0.1656167859278514,14,14_0,maxclust,ward,26.0,COMPLETED,Sobol
0.1656167859278514,19,14_0,maxclust,ward,26.0,COMPLETED,Sobol
0.0020296993993597,1,1_0,maxclust,centroid,26.0,COMPLETED,Sobol
0.0020296993993597,21,1_0,maxclust,centroid,26.0,COMPLETED,Sobol
0.0020296993993597,15,1_0,maxclust,centroid,26.0,COMPLETED,Sobol
0.0910310502720205,5,2_0,maxclust,average,26.0,COMPLETED,Sobol
0.0910310502720205,18,2_0,maxclust,average,26.0,COMPLETED,Sobol
0.0910310502720205,22,2_0,maxclust,average,26.0,COMPLETED,Sobol
0.0910310502720205,2,2_0,maxclust,average,26.0,COMPLETED,Sobol
9.197744538553818e-06,16,3_0,maxclust,single,26.0,COMPLETED,Sobol
9.197744538553818e-06,20,3_0,maxclust,single,26.0,COMPLETED,Sobol
9.197744538553818e-06,13,3_0,maxclust,single,26.0,COMPLETED,Sobol
9.197744538553818e-06,3,3_0,maxclust,single,26.0,COMPLETED,Sobol
9.197744538553818e-06,10,3_0,maxclust,single,26.0,COMPLETED,Sobol
9.197744538553818e-06,4,3_0,maxclust,single,26.0,COMPLETED,Sobol
0.0816881626557011,12,7_0,maxclust,complete,26.0,COMPLETED,Sobol
0.0816881626557011,7,7_0,maxclust,complete,26.0,COMPLETED,Sobol
0.0816881626557011,9,7_0,maxclust,complete,26.0,COMPLETED,Sobol
