adjusted_rand_score,trial_index,arm_name,criterion,method,t,trial_status,generator_model,compute_time
-0.0009298259145637,0,0_0,maxclust,complete,2.0,COMPLETED,Unknown,0.018463
-0.0009298259145637,1,0_0,maxclust,complete,2.0,COMPLETED,Unknown,0.00684
-0.0009298259145637,4,0_0,maxclust,complete,2.0,COMPLETED,Unknown,0.006661
-0.0009298259145637,3,0_0,maxclust,complete,2.0,COMPLETED,Unknown,0.006664
-0.0009298259145637,2,0_0,maxclust,complete,2.0,COMPLETED,Unknown,0.006665
-0.0009298259145637,5,0_0,maxclust,complete,2.0,COMPLETED,Unknown,0.006747
0.21623106029726663,39,6_0,maxclust,ward,2.0,COMPLETED,BO,5.670003
0.21623106029726663,40,6_0,maxclust,ward,2.0,COMPLETED,BO,4.059294
0.21623106029726663,41,6_0,maxclust,ward,2.0,COMPLETED,BO,4.630319
0.21623106029726663,42,6_0,maxclust,ward,2.0,COMPLETED,BO,6.170083
0.21623106029726663,43,6_0,maxclust,ward,2.0,COMPLETED,BO,4.20104
0.21623106029726663,44,6_0,maxclust,ward,2.0,COMPLETED,BO,4.844958
0.21623106029726663,45,6_0,maxclust,ward,2.0,COMPLETED,BO,3.413197
0.21623106029726663,46,6_0,maxclust,ward,2.0,COMPLETED,BO,3.468727
0.21623106029726663,47,6_0,maxclust,ward,2.0,COMPLETED,BO,3.207309
0.21623106029726663,48,6_0,maxclust,ward,2.0,COMPLETED,BO,5.421555
0.21623106029726663,50,6_0,maxclust,ward,2.0,COMPLETED,BO,6.389757
0.21623106029726663,38,6_0,maxclust,ward,2.0,COMPLETED,BO,4.137263
0.21623106029726663,51,6_0,maxclust,ward,2.0,COMPLETED,BO,4.427647
0.21623106029726663,52,6_0,maxclust,ward,2.0,COMPLETED,BO,4.974974
0.21623106029726663,53,6_0,maxclust,ward,2.0,COMPLETED,BO,3.833396
0.21623106029726663,54,6_0,maxclust,ward,2.0,COMPLETED,BO,3.563618
0.21623106029726663,55,6_0,maxclust,ward,2.0,COMPLETED,BO,3.422913
0.21623106029726663,56,6_0,maxclust,ward,2.0,COMPLETED,BO,3.375719
0.21623106029726663,57,6_0,maxclust,ward,2.0,COMPLETED,BO,3.278292
0.21623106029726663,58,6_0,maxclust,ward,2.0,COMPLETED,BO,3.17775
0.21623106029726663,59,6_0,maxclust,ward,2.0,COMPLETED,BO,3.010237
0.2162310602972666,6,6_0,maxclust,ward,2.0,COMPLETED,Unknown,0.006644
0.2162310602972666,7,6_0,maxclust,ward,2.0,COMPLETED,Unknown,0.007032
0.21623106029726663,49,6_0,maxclust,ward,2.0,COMPLETED,BO,3.327549
0.21623106029726663,37,6_0,maxclust,ward,2.0,COMPLETED,BO,3.350011
0.21623106029726663,35,6_0,maxclust,ward,2.0,COMPLETED,BO,5.761713
0.2162310602972666,8,6_0,maxclust,ward,2.0,COMPLETED,Unknown,0.010264
0.21623106029726663,10,6_0,maxclust,ward,2.0,COMPLETED,BO,3.517908
0.21623106029726663,11,6_0,maxclust,ward,2.0,COMPLETED,BO,2.885455
0.21623106029726663,12,6_0,maxclust,ward,2.0,COMPLETED,BO,3.182501
0.21623106029726663,13,6_0,maxclust,ward,2.0,COMPLETED,BO,3.117033
0.21623106029726663,14,6_0,maxclust,ward,2.0,COMPLETED,BO,3.614623
0.21623106029726663,15,6_0,maxclust,ward,2.0,COMPLETED,BO,4.790449
0.21623106029726663,16,6_0,maxclust,ward,2.0,COMPLETED,BO,3.33437
0.21623106029726663,17,6_0,maxclust,ward,2.0,COMPLETED,BO,4.25925
0.21623106029726663,18,6_0,maxclust,ward,2.0,COMPLETED,BO,3.647412
0.21623106029726663,19,6_0,maxclust,ward,2.0,COMPLETED,BO,3.848719
0.21623106029726663,20,6_0,maxclust,ward,2.0,COMPLETED,BO,3.946496
0.21623106029726663,21,6_0,maxclust,ward,2.0,COMPLETED,BO,5.244707
0.21623106029726663,22,6_0,maxclust,ward,2.0,COMPLETED,BO,3.57523
0.21623106029726663,23,6_0,maxclust,ward,2.0,COMPLETED,BO,4.608052
0.21623106029726663,24,6_0,maxclust,ward,2.0,COMPLETED,BO,4.599376
0.21623106029726663,25,6_0,maxclust,ward,2.0,COMPLETED,BO,4.089835
0.21623106029726663,26,6_0,maxclust,ward,2.0,COMPLETED,BO,4.122928
0.21623106029726663,27,6_0,maxclust,ward,2.0,COMPLETED,BO,4.295896
0.21623106029726663,28,6_0,maxclust,ward,2.0,COMPLETED,BO,3.9172
0.21623106029726663,29,6_0,maxclust,ward,2.0,COMPLETED,BO,4.184589
0.21623106029726663,30,6_0,maxclust,ward,2.0,COMPLETED,BO,3.849125
0.21623106029726663,31,6_0,maxclust,ward,2.0,COMPLETED,BO,3.900311
0.21623106029726663,32,6_0,maxclust,ward,2.0,COMPLETED,BO,3.341967
0.21623106029726663,33,6_0,maxclust,ward,2.0,COMPLETED,BO,3.406638
0.21623106029726663,34,6_0,maxclust,ward,2.0,COMPLETED,BO,3.736479
0.21623106029726663,36,6_0,maxclust,ward,2.0,COMPLETED,BO,3.27481
0.2162310602972666,9,6_0,maxclust,ward,2.0,COMPLETED,Unknown,0.006671
