adjusted_rand_score,trial_index,arm_name,criterion,method,t,trial_status,generator_model
0.0,0,0_0,maxclust,single,3.0,COMPLETED,Sobol
0.0,19,0_0,maxclust,single,3.0,COMPLETED,Sobol
0.1506445184884635,20,13_0,maxclust,complete,3.0,COMPLETED,Sobol
0.1506445184884635,17,13_0,maxclust,complete,3.0,COMPLETED,Sobol
0.1506445184884635,15,13_0,maxclust,complete,3.0,COMPLETED,Sobol
0.1506445184884635,13,13_0,maxclust,complete,3.0,COMPLETED,Sobol
0.179772805115419,23,1_0,maxclust,ward,3.0,COMPLETED,Sobol
0.179772805115419,1,1_0,maxclust,ward,3.0,COMPLETED,Sobol
0.179772805115419,5,1_0,maxclust,ward,3.0,COMPLETED,Sobol
0.179772805115419,10,1_0,maxclust,ward,3.0,COMPLETED,Sobol
0.179772805115419,14,1_0,maxclust,ward,3.0,COMPLETED,Sobol
-0.0029703390235497,12,2_0,maxclust,centroid,3.0,COMPLETED,Sobol
-0.0029703390235497,2,2_0,maxclust,centroid,3.0,COMPLETED,Sobol
-0.0029703390235497,8,2_0,maxclust,centroid,3.0,COMPLETED,Sobol
0.0233475306077002,3,3_0,maxclust,median,3.0,COMPLETED,Sobol
0.0233475306077002,24,3_0,maxclust,median,3.0,COMPLETED,Sobol
0.0233475306077002,4,3_0,maxclust,median,3.0,COMPLETED,Sobol
0.0233475306077002,9,3_0,maxclust,median,3.0,COMPLETED,Sobol
0.0233475306077002,21,3_0,maxclust,median,3.0,COMPLETED,Sobol
0.0233475306077002,18,3_0,maxclust,median,3.0,COMPLETED,Sobol
0.1576505627783939,6,6_0,maxclust,average,3.0,COMPLETED,Sobol
0.1576505627783939,22,6_0,maxclust,average,3.0,COMPLETED,Sobol
0.1948152248594951,16,7_0,maxclust,weighted,3.0,COMPLETED,Sobol
0.1948152248594951,11,7_0,maxclust,weighted,3.0,COMPLETED,Sobol
0.1948152248594951,7,7_0,maxclust,weighted,3.0,COMPLETED,Sobol
