adjusted_rand_score,trial_index,arm_name,eps,metric,min_samples,trial_status,generator_model
0.0,0,0_0,0.5330499294996262,cosine,24.0,COMPLETED,Sobol
0.0,10,10_0,0.4722195180933922,cosine,17.0,COMPLETED,Sobol
0.0,11,11_0,0.9912148371245711,cosine,68.0,COMPLETED,Sobol
0.0,12,12_0,0.8185621900018305,cosine,5.0,COMPLETED,Sobol
0.0,13,13_0,0.3417534808050841,cosine,55.0,COMPLETED,Sobol
-0.0022604278666691,14,14_0,0.1008846334610134,cosine,39.0,COMPLETED,Sobol
0.0,15,15_0,0.6218313127178698,cosine,87.0,COMPLETED,Sobol
0.0,16,16_0,0.5712793330121786,cosine,35.0,COMPLETED,Sobol
0.3230987684663398,17,17_0,0.0812800854090601,cosine,84.0,COMPLETED,Sobol
0.0,18,18_0,0.353331778017804,cosine,2.0,COMPLETED,Sobol
0.0,19,19_0,0.8615771270897239,cosine,52.0,COMPLETED,Sobol
0.1488645937875197,1,1_0,0.0580938272699713,cosine,73.0,COMPLETED,Sobol
0.0,20,20_0,0.9484447420891374,cosine,14.0,COMPLETED,Sobol
0.0,21,21_0,0.4603963788282126,cosine,64.0,COMPLETED,Sobol
0.0,22,22_0,0.2314971908126026,cosine,48.0,COMPLETED,Sobol
0.0,23,23_0,0.7416934242267161,cosine,96.0,COMPLETED,Sobol
0.0,24,24_0,0.6667386051267385,cosine,9.0,COMPLETED,Sobol
0.0,2,2_0,0.2517527762837708,cosine,43.0,COMPLETED,Sobol
0.0,3,3_0,0.7750412632934749,cosine,94.0,COMPLETED,Sobol
0.0,4,4_0,0.9102324815355242,cosine,31.0,COMPLETED,Sobol
0.0,5,5_0,0.4372234491445124,cosine,81.0,COMPLETED,Sobol
-0.0002907700704746,6,6_0,0.1299353171661496,cosine,12.0,COMPLETED,Sobol
0.0,7,7_0,0.6551708814501762,cosine,61.0,COMPLETED,Sobol
0.0,8,8_0,0.6908970783520489,cosine,51.0,COMPLETED,Sobol
0.0010959774722662,9,9_0,0.2121370089296251,cosine,100.0,COMPLETED,Sobol
