adjusted_rand_score,trial_index,arm_name,criterion,method,t,trial_status,generator_model
-0.0002907700704746,0,0_0,maxclust,single,2.0,COMPLETED,Sobol
-0.0002907700704746,7,0_0,maxclust,single,2.0,COMPLETED,Sobol
-0.0002907700704746,19,0_0,maxclust,single,2.0,COMPLETED,Sobol
-0.0002907700704746,9,0_0,maxclust,single,2.0,COMPLETED,Sobol
0.1254696283530179,13,11_0,maxclust,centroid,2.0,COMPLETED,Sobol
0.1254696283530179,15,11_0,maxclust,centroid,2.0,COMPLETED,Sobol
0.1254696283530179,21,11_0,maxclust,centroid,2.0,COMPLETED,Sobol
0.1254696283530179,17,11_0,maxclust,centroid,2.0,COMPLETED,Sobol
0.1254696283530179,11,11_0,maxclust,centroid,2.0,COMPLETED,Sobol
0.0719559381220516,18,18_0,maxclust,complete,2.0,COMPLETED,Sobol
0.1017444404402116,12,1_0,maxclust,median,2.0,COMPLETED,Sobol
0.1017444404402116,1,1_0,maxclust,median,2.0,COMPLETED,Sobol
0.1017444404402116,6,1_0,maxclust,median,2.0,COMPLETED,Sobol
0.1017444404402116,23,1_0,maxclust,median,2.0,COMPLETED,Sobol
0.1017444404402116,16,1_0,maxclust,median,2.0,COMPLETED,Sobol
0.049519307593858,8,2_0,maxclust,weighted,2.0,COMPLETED,Sobol
0.049519307593858,2,2_0,maxclust,weighted,2.0,COMPLETED,Sobol
0.049519307593858,4,2_0,maxclust,weighted,2.0,COMPLETED,Sobol
0.0794698370083103,22,3_0,maxclust,average,2.0,COMPLETED,Sobol
0.0794698370083103,3,3_0,maxclust,average,2.0,COMPLETED,Sobol
0.0794698370083103,20,3_0,maxclust,average,2.0,COMPLETED,Sobol
0.0347525982661105,14,5_0,maxclust,ward,2.0,COMPLETED,Sobol
0.0347525982661105,24,5_0,maxclust,ward,2.0,COMPLETED,Sobol
0.0347525982661105,5,5_0,maxclust,ward,2.0,COMPLETED,Sobol
0.0347525982661105,10,5_0,maxclust,ward,2.0,COMPLETED,Sobol
