adjusted_rand_score,trial_index,arm_name,criterion,method,t,trial_status,generator_model,compute_time
0.0352260684391469,0,0_0,maxclust,ward,4.0,COMPLETED,Sobol,4.40122
0.0352260684391469,4,0_0,maxclust,ward,4.0,COMPLETED,Sobol,4.055108
0.0352260684391469,22,0_0,maxclust,ward,4.0,COMPLETED,Sobol,4.241213
0.0352260684391469,8,0_0,maxclust,ward,4.0,COMPLETED,Sobol,3.913502
0.0352260684391469,17,0_0,maxclust,ward,4.0,COMPLETED,Sobol,6.723318
0.0352260684391469,15,0_0,maxclust,ward,4.0,COMPLETED,Sobol,6.688936
0.0352260684391469,18,0_0,maxclust,ward,4.0,COMPLETED,Sobol,3.973443
0.0001011140555958,13,13_0,maxclust,single,4.0,COMPLETED,Sobol,7.690045
0.0001011140555958,23,13_0,maxclust,single,4.0,COMPLETED,Sobol,4.921344
0.0001815761300508,19,1_0,maxclust,centroid,4.0,COMPLETED,Sobol,5.402855
0.0001815761300508,1,1_0,maxclust,centroid,4.0,COMPLETED,Sobol,4.303414
0.0001815761300508,11,1_0,maxclust,centroid,4.0,COMPLETED,Sobol,5.035444
0.0489109723282337,5,2_0,maxclust,average,4.0,COMPLETED,Sobol,3.716692
0.0489109723282337,21,2_0,maxclust,average,4.0,COMPLETED,Sobol,4.233595
0.0489109723282337,2,2_0,maxclust,average,4.0,COMPLETED,Sobol,3.817901
0.0489109723282337,10,2_0,maxclust,average,4.0,COMPLETED,Sobol,4.310833
0.0489109723282337,6,2_0,maxclust,average,4.0,COMPLETED,Sobol,3.778491
0.0,3,3_0,maxclust,median,4.0,COMPLETED,Sobol,4.304426
0.0,14,3_0,maxclust,median,4.0,COMPLETED,Sobol,7.6613
0.0468377869954223,16,7_0,maxclust,complete,4.0,COMPLETED,Sobol,6.152606
0.0468377869954223,12,7_0,maxclust,complete,4.0,COMPLETED,Sobol,4.685193
0.0468377869954223,7,7_0,maxclust,complete,4.0,COMPLETED,Sobol,3.879839
0.0326315858214311,20,9_0,maxclust,weighted,4.0,COMPLETED,Sobol,4.258505
0.0326315858214311,24,9_0,maxclust,weighted,4.0,COMPLETED,Sobol,3.677634
0.0326315858214311,9,9_0,maxclust,weighted,4.0,COMPLETED,Sobol,5.23455
