adjusted_rand_score,trial_index,arm_name,criterion,method,t,trial_status,generator_model
0.2729614427353293,0,0_0,maxclust,weighted,10.0,COMPLETED,Sobol
0.2729614427353293,6,0_0,maxclust,weighted,10.0,COMPLETED,Sobol
0.2729614427353293,12,0_0,maxclust,weighted,10.0,COMPLETED,Sobol
0.2729614427353293,17,0_0,maxclust,weighted,10.0,COMPLETED,Sobol
0.2729614427353293,23,0_0,maxclust,weighted,10.0,COMPLETED,Sobol
0.2009529065790595,11,11_0,maxclust,complete,10.0,COMPLETED,Sobol
0.2009529065790595,18,11_0,maxclust,complete,10.0,COMPLETED,Sobol
4.131127009832534e-06,13,13_0,maxclust,centroid,10.0,COMPLETED,Sobol
4.131127009832534e-06,21,13_0,maxclust,centroid,10.0,COMPLETED,Sobol
0.4477935541830957,24,1_0,maxclust,ward,10.0,COMPLETED,Sobol
0.4477935541830957,19,1_0,maxclust,ward,10.0,COMPLETED,Sobol
0.4477935541830957,10,1_0,maxclust,ward,10.0,COMPLETED,Sobol
0.4477935541830957,14,1_0,maxclust,ward,10.0,COMPLETED,Sobol
0.4477935541830957,1,1_0,maxclust,ward,10.0,COMPLETED,Sobol
1.1009403035401858e-06,2,2_0,maxclust,median,10.0,COMPLETED,Sobol
1.1009403035401858e-06,22,2_0,maxclust,median,10.0,COMPLETED,Sobol
1.1009403035401858e-06,8,2_0,maxclust,median,10.0,COMPLETED,Sobol
1.1009403035401858e-06,5,2_0,maxclust,median,10.0,COMPLETED,Sobol
1.1009403035401858e-06,15,2_0,maxclust,median,10.0,COMPLETED,Sobol
0.2884563206598179,3,3_0,maxclust,average,10.0,COMPLETED,Sobol
0.2884563206598179,4,3_0,maxclust,average,10.0,COMPLETED,Sobol
4.414146224007632e-05,20,7_0,maxclust,single,10.0,COMPLETED,Sobol
4.414146224007632e-05,7,7_0,maxclust,single,10.0,COMPLETED,Sobol
4.414146224007632e-05,16,7_0,maxclust,single,10.0,COMPLETED,Sobol
4.414146224007632e-05,9,7_0,maxclust,single,10.0,COMPLETED,Sobol
