adjusted_rand_score,trial_index,arm_name,criterion,method,t,trial_status,generator_model,compute_time
0.2744852699931057,0,0_0,maxclust,centroid,6.0,COMPLETED,Unknown,0.016567
0.2744852699931057,1,0_0,maxclust,centroid,6.0,COMPLETED,Unknown,0.006973
0.2744852699931057,3,0_0,maxclust,centroid,6.0,COMPLETED,Unknown,0.006926
0.2744852699931057,2,0_0,maxclust,centroid,6.0,COMPLETED,Unknown,0.006979
0.2883210886116142,5,4_0,maxclust,weighted,6.0,COMPLETED,Unknown,0.006975
0.2883210886116142,4,4_0,maxclust,weighted,6.0,COMPLETED,Unknown,0.006903
0.4447757556148458,39,6_0,maxclust,ward,6.0,COMPLETED,BO,5.437655
0.4447757556148458,40,6_0,maxclust,ward,6.0,COMPLETED,BO,5.626954
0.4447757556148458,41,6_0,maxclust,ward,6.0,COMPLETED,BO,6.848162
0.4447757556148458,42,6_0,maxclust,ward,6.0,COMPLETED,BO,5.358552
0.4447757556148458,43,6_0,maxclust,ward,6.0,COMPLETED,BO,5.89035
0.4447757556148458,44,6_0,maxclust,ward,6.0,COMPLETED,BO,5.496854
0.4447757556148458,45,6_0,maxclust,ward,6.0,COMPLETED,BO,4.925544
0.4447757556148458,46,6_0,maxclust,ward,6.0,COMPLETED,BO,4.830401
0.4447757556148458,47,6_0,maxclust,ward,6.0,COMPLETED,BO,4.753461
0.4447757556148458,48,6_0,maxclust,ward,6.0,COMPLETED,BO,5.384667
0.4447757556148458,50,6_0,maxclust,ward,6.0,COMPLETED,BO,5.878241
0.4447757556148458,38,6_0,maxclust,ward,6.0,COMPLETED,BO,6.513993
0.4447757556148458,51,6_0,maxclust,ward,6.0,COMPLETED,BO,6.210457
0.4447757556148458,52,6_0,maxclust,ward,6.0,COMPLETED,BO,6.372467
0.4447757556148458,53,6_0,maxclust,ward,6.0,COMPLETED,BO,7.587303
0.4447757556148458,54,6_0,maxclust,ward,6.0,COMPLETED,BO,9.498258
0.4447757556148458,55,6_0,maxclust,ward,6.0,COMPLETED,BO,8.441831
0.4447757556148458,56,6_0,maxclust,ward,6.0,COMPLETED,BO,7.668355
0.4447757556148458,57,6_0,maxclust,ward,6.0,COMPLETED,BO,7.330614
0.4447757556148458,58,6_0,maxclust,ward,6.0,COMPLETED,BO,6.324061
0.4447757556148458,59,6_0,maxclust,ward,6.0,COMPLETED,BO,6.020822
0.4447757556148458,6,6_0,maxclust,ward,6.0,COMPLETED,Unknown,0.006903
0.4447757556148458,7,6_0,maxclust,ward,6.0,COMPLETED,Unknown,0.007361
0.4447757556148458,49,6_0,maxclust,ward,6.0,COMPLETED,BO,6.015492
0.4447757556148458,37,6_0,maxclust,ward,6.0,COMPLETED,BO,6.302128
0.4447757556148458,35,6_0,maxclust,ward,6.0,COMPLETED,BO,7.163457
0.4447757556148458,8,6_0,maxclust,ward,6.0,COMPLETED,Unknown,0.00691
0.4447757556148458,10,6_0,maxclust,ward,6.0,COMPLETED,BO,6.428282
0.4447757556148458,11,6_0,maxclust,ward,6.0,COMPLETED,BO,6.966648
0.4447757556148458,12,6_0,maxclust,ward,6.0,COMPLETED,BO,7.451969
0.4447757556148458,13,6_0,maxclust,ward,6.0,COMPLETED,BO,7.723532
0.4447757556148458,14,6_0,maxclust,ward,6.0,COMPLETED,BO,8.199788
0.4447757556148458,15,6_0,maxclust,ward,6.0,COMPLETED,BO,6.131721
0.4447757556148458,16,6_0,maxclust,ward,6.0,COMPLETED,BO,6.506371
0.4447757556148458,17,6_0,maxclust,ward,6.0,COMPLETED,BO,6.164838
0.4447757556148458,18,6_0,maxclust,ward,6.0,COMPLETED,BO,5.824406
0.4447757556148458,19,6_0,maxclust,ward,6.0,COMPLETED,BO,6.20925
0.4447757556148458,20,6_0,maxclust,ward,6.0,COMPLETED,BO,6.784607
0.4447757556148458,21,6_0,maxclust,ward,6.0,COMPLETED,BO,5.445208
0.4447757556148458,22,6_0,maxclust,ward,6.0,COMPLETED,BO,6.655244
0.4447757556148458,23,6_0,maxclust,ward,6.0,COMPLETED,BO,6.79911
0.4447757556148458,24,6_0,maxclust,ward,6.0,COMPLETED,BO,6.96493
0.4447757556148458,25,6_0,maxclust,ward,6.0,COMPLETED,BO,8.002286
0.4447757556148458,26,6_0,maxclust,ward,6.0,COMPLETED,BO,8.163328
0.4447757556148458,27,6_0,maxclust,ward,6.0,COMPLETED,BO,9.827985
0.4447757556148458,28,6_0,maxclust,ward,6.0,COMPLETED,BO,7.1119
0.4447757556148458,29,6_0,maxclust,ward,6.0,COMPLETED,BO,7.174997
0.4447757556148458,30,6_0,maxclust,ward,6.0,COMPLETED,BO,5.562194
0.4447757556148458,31,6_0,maxclust,ward,6.0,COMPLETED,BO,5.455182
0.4447757556148458,32,6_0,maxclust,ward,6.0,COMPLETED,BO,5.497986
0.4447757556148458,33,6_0,maxclust,ward,6.0,COMPLETED,BO,5.639638
0.4447757556148458,34,6_0,maxclust,ward,6.0,COMPLETED,BO,6.895275
0.4447757556148458,36,6_0,maxclust,ward,6.0,COMPLETED,BO,8.127248
0.1177042904194817,9,9_0,maxclust,median,6.0,COMPLETED,Unknown,0.006918
