adjusted_rand_score,trial_index,arm_name,eps,metric,min_samples,trial_status,generator_model
0.0,0,0_0,0.4803299510478973,cosine,13.0,COMPLETED,Sobol
0.0,10,10_0,0.5884205836039037,cosine,3.0,COMPLETED,Sobol
0.2417956285004122,11,11_0,0.12379089737311,cosine,65.0,COMPLETED,Sobol
0.0042256885402067,12,12_0,0.2384541045092046,cosine,21.0,COMPLETED,Sobol
0.0,13,13_0,0.7075001679267734,cosine,58.0,COMPLETED,Sobol
0.0,14,14_0,0.897372765801847,cosine,51.0,COMPLETED,Sobol
0.0,15,15_0,0.4229968687091022,cosine,88.0,COMPLETED,Sobol
-0.0028320315521107,16,16_0,0.3853378989212215,cosine,45.0,COMPLETED,Sobol
0.0,17,17_0,0.918220906144008,cosine,82.0,COMPLETED,Sobol
0.0,18,18_0,0.7322140938416123,cosine,25.0,COMPLETED,Sobol
0.3084442687385852,19,19_0,0.1969250810686499,cosine,62.0,COMPLETED,Sobol
0.0,1,1_0,0.9488887534625828,cosine,75.0,COMPLETED,Sobol
0.2291047805361111,20,20_0,0.0705362759102136,cosine,7.0,COMPLETED,Sobol
0.0,21,21_0,0.5936730685532093,cosine,69.0,COMPLETED,Sobol
0.0,22,22_0,0.783867380393669,cosine,26.0,COMPLETED,Sobol
0.3009190358287109,23,23_0,0.2544261409826576,cosine,88.0,COMPLETED,Sobol
0.0,24,24_0,0.3432541710063815,cosine,14.0,COMPLETED,Sobol
0.0,2,2_0,0.6401420525480062,cosine,34.0,COMPLETED,Sobol
0.2445228932759813,3,3_0,0.1652788154482841,cosine,96.0,COMPLETED,Sobol
0.1215834052855093,4,4_0,0.0388329265788197,cosine,40.0,COMPLETED,Sobol
0.0,5,5_0,0.501543943548575,cosine,77.0,COMPLETED,Sobol
0.0,6,6_0,0.8145999255590141,cosine,19.0,COMPLETED,Sobol
-0.008384371971344,7,7_0,0.3494829030390828,cosine,56.0,COMPLETED,Sobol
0.0102934100981788,8,8_0,0.3115470127481967,cosine,32.0,COMPLETED,Sobol
0.0,9,9_0,0.7747452990859747,cosine,94.0,COMPLETED,Sobol
