adjusted_rand_score,trial_index,arm_name,criterion,method,t,trial_status,generator_model
0.0033789210919696,0,0_0,maxclust,average,10.0,COMPLETED,Sobol
0.0033789210919696,23,0_0,maxclust,average,10.0,COMPLETED,Sobol
0.0033789210919696,15,0_0,maxclust,average,10.0,COMPLETED,Sobol
0.0033789210919696,8,0_0,maxclust,average,10.0,COMPLETED,Sobol
0.0033789210919696,7,0_0,maxclust,average,10.0,COMPLETED,Sobol
0.4204586750046459,10,10_0,maxclust,ward,10.0,COMPLETED,Sobol
0.4204586750046459,14,10_0,maxclust,ward,10.0,COMPLETED,Sobol
1.5862369787142055e-06,19,19_0,maxclust,centroid,10.0,COMPLETED,Sobol
0.0165793912423599,16,1_0,maxclust,weighted,10.0,COMPLETED,Sobol
0.0165793912423599,1,1_0,maxclust,weighted,10.0,COMPLETED,Sobol
0.0165793912423599,13,1_0,maxclust,weighted,10.0,COMPLETED,Sobol
4.946414711440836e-06,17,2_0,maxclust,single,10.0,COMPLETED,Sobol
4.946414711440836e-06,5,2_0,maxclust,single,10.0,COMPLETED,Sobol
4.946414711440836e-06,22,2_0,maxclust,single,10.0,COMPLETED,Sobol
4.946414711440836e-06,2,2_0,maxclust,single,10.0,COMPLETED,Sobol
4.946414711440836e-06,24,2_0,maxclust,single,10.0,COMPLETED,Sobol
4.946414711440836e-06,11,2_0,maxclust,single,10.0,COMPLETED,Sobol
4.946414711440836e-06,12,2_0,maxclust,single,10.0,COMPLETED,Sobol
3.7148521553585935e-06,18,3_0,maxclust,median,10.0,COMPLETED,Sobol
3.7148521553585935e-06,21,3_0,maxclust,median,10.0,COMPLETED,Sobol
3.7148521553585935e-06,3,3_0,maxclust,median,10.0,COMPLETED,Sobol
3.7148521553585935e-06,4,3_0,maxclust,median,10.0,COMPLETED,Sobol
3.7148521553585935e-06,9,3_0,maxclust,median,10.0,COMPLETED,Sobol
0.1627217982680442,20,6_0,maxclust,complete,10.0,COMPLETED,Sobol
0.1627217982680442,6,6_0,maxclust,complete,10.0,COMPLETED,Sobol
