adjusted_rand_score,trial_index,arm_name,criterion,method,t,trial_status,generator_model
0.035491909149488,0,0_0,maxclust,single,2.0,COMPLETED,Sobol
0.035491909149488,19,0_0,maxclust,single,2.0,COMPLETED,Sobol
-0.0251085934508942,13,13_0,maxclust,complete,2.0,COMPLETED,Sobol
-0.0251085934508942,15,13_0,maxclust,complete,2.0,COMPLETED,Sobol
-0.0251085934508942,20,13_0,maxclust,complete,2.0,COMPLETED,Sobol
-0.0251085934508942,17,13_0,maxclust,complete,2.0,COMPLETED,Sobol
0.0143826832857603,23,1_0,maxclust,ward,2.0,COMPLETED,Sobol
0.0143826832857603,5,1_0,maxclust,ward,2.0,COMPLETED,Sobol
0.0143826832857603,10,1_0,maxclust,ward,2.0,COMPLETED,Sobol
0.0143826832857603,1,1_0,maxclust,ward,2.0,COMPLETED,Sobol
0.0143826832857603,14,1_0,maxclust,ward,2.0,COMPLETED,Sobol
-0.0033049146171588,8,2_0,maxclust,centroid,2.0,COMPLETED,Sobol
-0.0033049146171588,2,2_0,maxclust,centroid,2.0,COMPLETED,Sobol
-0.0033049146171588,12,2_0,maxclust,centroid,2.0,COMPLETED,Sobol
-0.0033049146171588,21,3_0,maxclust,median,2.0,COMPLETED,Sobol
-0.0033049146171588,24,3_0,maxclust,median,2.0,COMPLETED,Sobol
-0.0033049146171588,3,3_0,maxclust,median,2.0,COMPLETED,Sobol
-0.0033049146171588,18,3_0,maxclust,median,2.0,COMPLETED,Sobol
-0.0033049146171588,4,3_0,maxclust,median,2.0,COMPLETED,Sobol
-0.0033049146171588,9,3_0,maxclust,median,2.0,COMPLETED,Sobol
-0.0033049146171588,22,6_0,maxclust,average,2.0,COMPLETED,Sobol
-0.0033049146171588,6,6_0,maxclust,average,2.0,COMPLETED,Sobol
-0.0033049146171588,16,7_0,maxclust,weighted,2.0,COMPLETED,Sobol
-0.0033049146171588,11,7_0,maxclust,weighted,2.0,COMPLETED,Sobol
-0.0033049146171588,7,7_0,maxclust,weighted,2.0,COMPLETED,Sobol
