adjusted_rand_score,trial_index,arm_name,criterion,method,t,trial_status,generator_model
0.2729614427353293,0,0_0,maxclust,weighted,10.0,COMPLETED,Sobol
0.2729614427353293,23,0_0,maxclust,weighted,10.0,COMPLETED,Sobol
0.2729614427353293,17,0_0,maxclust,weighted,10.0,COMPLETED,Sobol
0.2729614427353293,8,0_0,maxclust,weighted,10.0,COMPLETED,Sobol
0.2729614427353293,6,0_0,maxclust,weighted,10.0,COMPLETED,Sobol
1.1009403035401858e-06,11,11_0,maxclust,median,10.0,COMPLETED,Sobol
0.4477935541830957,24,14_0,maxclust,ward,10.0,COMPLETED,Sobol
0.4477935541830957,14,14_0,maxclust,ward,10.0,COMPLETED,Sobol
0.4477935541830957,19,14_0,maxclust,ward,10.0,COMPLETED,Sobol
4.131127009832534e-06,1,1_0,maxclust,centroid,10.0,COMPLETED,Sobol
4.131127009832534e-06,21,1_0,maxclust,centroid,10.0,COMPLETED,Sobol
4.131127009832534e-06,15,1_0,maxclust,centroid,10.0,COMPLETED,Sobol
0.2884563206598179,5,2_0,maxclust,average,10.0,COMPLETED,Sobol
0.2884563206598179,18,2_0,maxclust,average,10.0,COMPLETED,Sobol
0.2884563206598179,22,2_0,maxclust,average,10.0,COMPLETED,Sobol
0.2884563206598179,2,2_0,maxclust,average,10.0,COMPLETED,Sobol
4.414146224007632e-05,16,3_0,maxclust,single,10.0,COMPLETED,Sobol
4.414146224007632e-05,20,3_0,maxclust,single,10.0,COMPLETED,Sobol
4.414146224007632e-05,13,3_0,maxclust,single,10.0,COMPLETED,Sobol
4.414146224007632e-05,3,3_0,maxclust,single,10.0,COMPLETED,Sobol
4.414146224007632e-05,10,3_0,maxclust,single,10.0,COMPLETED,Sobol
4.414146224007632e-05,4,3_0,maxclust,single,10.0,COMPLETED,Sobol
0.2009529065790595,12,7_0,maxclust,complete,10.0,COMPLETED,Sobol
0.2009529065790595,7,7_0,maxclust,complete,10.0,COMPLETED,Sobol
0.2009529065790595,9,7_0,maxclust,complete,10.0,COMPLETED,Sobol
