adjusted_rand_score,trial_index,arm_name,criterion,method,t,trial_status,generator_model,compute_time
0.548848990398979,0,0_0,maxclust,weighted,10.0,COMPLETED,Sobol,5.406067
0.548848990398979,6,0_0,maxclust,weighted,10.0,COMPLETED,Sobol,6.341674
0.548848990398979,8,0_0,maxclust,weighted,10.0,COMPLETED,Sobol,17.047842
0.548848990398979,17,0_0,maxclust,weighted,10.0,COMPLETED,Sobol,10.091377
0.548848990398979,23,0_0,maxclust,weighted,10.0,COMPLETED,Sobol,9.65503
2.237163934494852e-06,11,11_0,maxclust,median,10.0,COMPLETED,Sobol,13.972042
0.6672685503808172,19,14_0,maxclust,ward,10.0,COMPLETED,Sobol,8.874836
0.6672685503808172,24,14_0,maxclust,ward,10.0,COMPLETED,Sobol,10.077639
0.6672685503808172,14,14_0,maxclust,ward,10.0,COMPLETED,Sobol,9.115092
4.946414711440836e-06,1,1_0,maxclust,centroid,10.0,COMPLETED,Sobol,5.622212
4.946414711440836e-06,21,1_0,maxclust,centroid,10.0,COMPLETED,Sobol,9.602176
4.946414711440836e-06,15,1_0,maxclust,centroid,10.0,COMPLETED,Sobol,9.031434
0.5564837950535996,18,2_0,maxclust,average,10.0,COMPLETED,Sobol,9.926088
0.5564837950535996,5,2_0,maxclust,average,10.0,COMPLETED,Sobol,7.430685
0.5564837950535996,22,2_0,maxclust,average,10.0,COMPLETED,Sobol,11.655818
0.5564837950535996,2,2_0,maxclust,average,10.0,COMPLETED,Sobol,6.423546
2.713760016356991e-06,4,3_0,maxclust,single,10.0,COMPLETED,Sobol,9.758679
2.713760016356991e-06,3,3_0,maxclust,single,10.0,COMPLETED,Sobol,5.587056
2.713760016356991e-06,20,3_0,maxclust,single,10.0,COMPLETED,Sobol,13.144582
2.713760016356991e-06,13,3_0,maxclust,single,10.0,COMPLETED,Sobol,9.590586
2.713760016356991e-06,10,3_0,maxclust,single,10.0,COMPLETED,Sobol,13.958297
2.713760016356991e-06,16,3_0,maxclust,single,10.0,COMPLETED,Sobol,13.674817
0.3349087709502713,12,7_0,maxclust,complete,10.0,COMPLETED,Sobol,18.923186
0.3349087709502713,7,7_0,maxclust,complete,10.0,COMPLETED,Sobol,6.219812
0.3349087709502713,9,7_0,maxclust,complete,10.0,COMPLETED,Sobol,15.417908
