adjusted_rand_score,trial_index,arm_name,criterion,method,t,trial_status,generator_model,compute_time
0.0546462404180657,0,0_0,maxclust,weighted,2.0,COMPLETED,Unknown,0.016344
0.0546462404180657,1,0_0,maxclust,weighted,2.0,COMPLETED,Unknown,0.007509
0.0546462404180657,4,0_0,maxclust,weighted,2.0,COMPLETED,Unknown,0.00745
0.0546462404180657,3,0_0,maxclust,weighted,2.0,COMPLETED,Unknown,0.00743
0.0546462404180657,2,0_0,maxclust,weighted,2.0,COMPLETED,Unknown,0.007435
0.0,5,5_0,maxclust,median,2.0,COMPLETED,Unknown,0.007437
0.1553856185419306,39,6_0,maxclust,ward,2.0,COMPLETED,BO,3.772296
0.1553856185419306,40,6_0,maxclust,ward,2.0,COMPLETED,BO,4.090393
0.1553856185419306,41,6_0,maxclust,ward,2.0,COMPLETED,BO,3.646987
0.1553856185419306,42,6_0,maxclust,ward,2.0,COMPLETED,BO,3.559953
0.1553856185419306,43,6_0,maxclust,ward,2.0,COMPLETED,BO,3.824498
0.1553856185419306,44,6_0,maxclust,ward,2.0,COMPLETED,BO,4.221182
0.1553856185419306,45,6_0,maxclust,ward,2.0,COMPLETED,BO,4.051363
0.1553856185419306,46,6_0,maxclust,ward,2.0,COMPLETED,BO,4.115756
0.1553856185419306,47,6_0,maxclust,ward,2.0,COMPLETED,BO,4.416572
0.1553856185419306,48,6_0,maxclust,ward,2.0,COMPLETED,BO,4.097095
0.1553856185419306,50,6_0,maxclust,ward,2.0,COMPLETED,BO,4.335633
0.1553856185419306,38,6_0,maxclust,ward,2.0,COMPLETED,BO,4.049522
0.1553856185419306,51,6_0,maxclust,ward,2.0,COMPLETED,BO,5.22126
0.1553856185419306,52,6_0,maxclust,ward,2.0,COMPLETED,BO,3.367309
0.1553856185419306,53,6_0,maxclust,ward,2.0,COMPLETED,BO,3.811893
0.1553856185419306,54,6_0,maxclust,ward,2.0,COMPLETED,BO,3.640999
0.1553856185419306,55,6_0,maxclust,ward,2.0,COMPLETED,BO,3.811401
0.1553856185419306,56,6_0,maxclust,ward,2.0,COMPLETED,BO,3.363751
0.1553856185419306,57,6_0,maxclust,ward,2.0,COMPLETED,BO,3.438502
0.1553856185419306,58,6_0,maxclust,ward,2.0,COMPLETED,BO,3.26839
0.1553856185419306,59,6_0,maxclust,ward,2.0,COMPLETED,BO,2.909774
0.1553856185419306,6,6_0,maxclust,ward,2.0,COMPLETED,Unknown,0.007435
0.1553856185419306,7,6_0,maxclust,ward,2.0,COMPLETED,Unknown,0.007881
0.1553856185419306,49,6_0,maxclust,ward,2.0,COMPLETED,BO,4.027378
0.1553856185419306,37,6_0,maxclust,ward,2.0,COMPLETED,BO,4.163805
0.1553856185419306,35,6_0,maxclust,ward,2.0,COMPLETED,BO,4.052125
0.1553856185419306,8,6_0,maxclust,ward,2.0,COMPLETED,Unknown,0.007455
0.1553856185419306,10,6_0,maxclust,ward,2.0,COMPLETED,BO,3.741822
0.1553856185419306,11,6_0,maxclust,ward,2.0,COMPLETED,BO,3.428858
0.1553856185419306,12,6_0,maxclust,ward,2.0,COMPLETED,BO,3.479437
0.1553856185419306,13,6_0,maxclust,ward,2.0,COMPLETED,BO,3.881534
0.1553856185419306,14,6_0,maxclust,ward,2.0,COMPLETED,BO,4.00296
0.1553856185419306,15,6_0,maxclust,ward,2.0,COMPLETED,BO,4.427475
0.1553856185419306,16,6_0,maxclust,ward,2.0,COMPLETED,BO,4.332418
0.1553856185419306,17,6_0,maxclust,ward,2.0,COMPLETED,BO,4.455529
0.1553856185419306,18,6_0,maxclust,ward,2.0,COMPLETED,BO,4.081343
0.1553856185419306,19,6_0,maxclust,ward,2.0,COMPLETED,BO,3.809027
0.1553856185419306,20,6_0,maxclust,ward,2.0,COMPLETED,BO,4.184664
0.1553856185419306,21,6_0,maxclust,ward,2.0,COMPLETED,BO,3.802234
0.1553856185419306,22,6_0,maxclust,ward,2.0,COMPLETED,BO,4.461739
0.1553856185419306,23,6_0,maxclust,ward,2.0,COMPLETED,BO,3.727771
0.1553856185419306,24,6_0,maxclust,ward,2.0,COMPLETED,BO,3.721308
0.1553856185419306,25,6_0,maxclust,ward,2.0,COMPLETED,BO,3.84539
0.1553856185419306,26,6_0,maxclust,ward,2.0,COMPLETED,BO,3.457571
0.1553856185419306,27,6_0,maxclust,ward,2.0,COMPLETED,BO,3.694282
0.1553856185419306,28,6_0,maxclust,ward,2.0,COMPLETED,BO,3.405421
0.1553856185419306,29,6_0,maxclust,ward,2.0,COMPLETED,BO,3.523912
0.1553856185419306,30,6_0,maxclust,ward,2.0,COMPLETED,BO,3.817352
0.1553856185419306,31,6_0,maxclust,ward,2.0,COMPLETED,BO,3.359461
0.1553856185419306,32,6_0,maxclust,ward,2.0,COMPLETED,BO,3.803078
0.1553856185419306,33,6_0,maxclust,ward,2.0,COMPLETED,BO,3.556555
0.1553856185419306,34,6_0,maxclust,ward,2.0,COMPLETED,BO,3.412656
0.1553856185419306,36,6_0,maxclust,ward,2.0,COMPLETED,BO,3.712799
-0.001128699026871,9,9_0,maxclust,centroid,2.0,COMPLETED,Unknown,0.007446
