adjusted_rand_score,trial_index,arm_name,criterion,method,t,trial_status,generator_model
0.0781488057973329,0,0_0,maxclust,average,11.0,COMPLETED,Sobol
0.0781488057973329,11,0_0,maxclust,average,11.0,COMPLETED,Sobol
0.0781488057973329,20,0_0,maxclust,average,11.0,COMPLETED,Sobol
0.0781488057973329,19,0_0,maxclust,average,11.0,COMPLETED,Sobol
0.0778282294856881,7,1_0,maxclust,weighted,11.0,COMPLETED,Sobol
0.0778282294856881,1,1_0,maxclust,weighted,11.0,COMPLETED,Sobol
0.0778282294856881,22,1_0,maxclust,weighted,11.0,COMPLETED,Sobol
0.0778282294856881,16,1_0,maxclust,weighted,11.0,COMPLETED,Sobol
0.0022180149704371,2,2_0,maxclust,single,11.0,COMPLETED,Sobol
0.0022180149704371,17,2_0,maxclust,single,11.0,COMPLETED,Sobol
0.0022180149704371,12,2_0,maxclust,single,11.0,COMPLETED,Sobol
0.0022180149704371,24,2_0,maxclust,single,11.0,COMPLETED,Sobol
0.1172129731559235,21,3_0,maxclust,ward,11.0,COMPLETED,Sobol
0.1172129731559235,3,3_0,maxclust,ward,11.0,COMPLETED,Sobol
0.1172129731559235,8,3_0,maxclust,ward,11.0,COMPLETED,Sobol
0.0307702470371697,18,4_0,maxclust,median,11.0,COMPLETED,Sobol
0.0307702470371697,4,4_0,maxclust,median,11.0,COMPLETED,Sobol
0.0307702470371697,14,4_0,maxclust,median,11.0,COMPLETED,Sobol
0.0484667115068079,5,5_0,maxclust,centroid,11.0,COMPLETED,Sobol
0.0484667115068079,9,5_0,maxclust,centroid,11.0,COMPLETED,Sobol
0.0484667115068079,23,5_0,maxclust,centroid,11.0,COMPLETED,Sobol
0.0484667115068079,15,5_0,maxclust,centroid,11.0,COMPLETED,Sobol
0.1474045370321765,10,6_0,maxclust,complete,11.0,COMPLETED,Sobol
0.1474045370321765,6,6_0,maxclust,complete,11.0,COMPLETED,Sobol
0.1474045370321765,13,6_0,maxclust,complete,11.0,COMPLETED,Sobol
