adjusted_rand_score,trial_index,arm_name,eps,metric,min_samples,trial_status,generator_model
0.0,0,0_0,0.6892865817546845,cosine,29.0,COMPLETED,Sobol
-2.572913044480025e-05,10,10_0,0.2114721829723566,cosine,38.0,COMPLETED,Sobol
0.0,11,11_0,0.8723662105817348,cosine,75.0,COMPLETED,Sobol
0.0,12,12_0,0.9103843497112394,cosine,48.0,COMPLETED,Sobol
0.0046314335092249,13,13_0,0.0136351173184812,cosine,61.0,COMPLETED,Sobol
0.0,14,14_0,0.261849218800664,cosine,2.0,COMPLETED,Sobol
0.0,15,15_0,0.6581329717226326,cosine,88.0,COMPLETED,Sobol
0.0,16,16_0,0.6474911425672472,cosine,5.0,COMPLETED,Sobol
-4.628798798320117e-05,17,17_0,0.31159915266186,cosine,92.0,COMPLETED,Sobol
0.0069621466442934,18,18_0,0.0574172343499958,cosine,45.0,COMPLETED,Sobol
0.0,19,19_0,0.8898691279739142,cosine,58.0,COMPLETED,Sobol
0.0,1,1_0,0.3555845760405063,cosine,66.0,COMPLETED,Sobol
0.0,20,20_0,0.8226143806222826,cosine,35.0,COMPLETED,Sobol
-2.572913044480025e-05,21,21_0,0.2221197152938693,cosine,72.0,COMPLETED,Sobol
0.0,22,22_0,0.4743653863985091,cosine,19.0,COMPLETED,Sobol
0.0,23,23_0,0.5744021789561957,cosine,81.0,COMPLETED,Sobol
0.0,24,24_0,0.5430056397002191,cosine,42.0,COMPLETED,Sobol
0.0001770848433742,2,2_0,0.1067515880875289,cosine,26.0,COMPLETED,Sobol
0.0,3,3_0,0.941878906093538,cosine,87.0,COMPLETED,Sobol
0.0,4,4_0,0.7791276608277112,cosine,11.0,COMPLETED,Sobol
-1.339639860841866e-05,5,5_0,0.1798560234885662,cosine,98.0,COMPLETED,Sobol
0.0,6,6_0,0.4228238701913506,cosine,39.0,COMPLETED,Sobol
0.0,7,7_0,0.524569077020511,cosine,51.0,COMPLETED,Sobol
0.0,8,8_0,0.6181823850180954,cosine,17.0,COMPLETED,Sobol
0.0,9,9_0,0.45385588269867,cosine,79.0,COMPLETED,Sobol
