adjusted_rand_score,trial_index,arm_name,criterion,method,t,trial_status,generator_model
0.0,0,0_0,maxclust,single,3.0,COMPLETED,Sobol
0.0,19,0_0,maxclust,single,3.0,COMPLETED,Sobol
0.0,20,13_0,maxclust,complete,3.0,COMPLETED,Sobol
0.0,15,13_0,maxclust,complete,3.0,COMPLETED,Sobol
0.0,13,13_0,maxclust,complete,3.0,COMPLETED,Sobol
0.0,17,13_0,maxclust,complete,3.0,COMPLETED,Sobol
0.0157571943779536,14,1_0,maxclust,ward,3.0,COMPLETED,Sobol
0.0157571943779536,1,1_0,maxclust,ward,3.0,COMPLETED,Sobol
0.0157571943779536,5,1_0,maxclust,ward,3.0,COMPLETED,Sobol
0.0157571943779536,10,1_0,maxclust,ward,3.0,COMPLETED,Sobol
0.0157571943779536,23,1_0,maxclust,ward,3.0,COMPLETED,Sobol
0.0157571943779536,8,2_0,maxclust,centroid,3.0,COMPLETED,Sobol
0.0157571943779536,2,2_0,maxclust,centroid,3.0,COMPLETED,Sobol
0.0157571943779536,12,2_0,maxclust,centroid,3.0,COMPLETED,Sobol
0.0202052078605381,4,3_0,maxclust,median,3.0,COMPLETED,Sobol
0.0202052078605381,18,3_0,maxclust,median,3.0,COMPLETED,Sobol
0.0202052078605381,3,3_0,maxclust,median,3.0,COMPLETED,Sobol
0.0202052078605381,24,3_0,maxclust,median,3.0,COMPLETED,Sobol
0.0202052078605381,21,3_0,maxclust,median,3.0,COMPLETED,Sobol
0.0202052078605381,9,3_0,maxclust,median,3.0,COMPLETED,Sobol
0.0202052078605381,22,6_0,maxclust,average,3.0,COMPLETED,Sobol
0.0202052078605381,6,6_0,maxclust,average,3.0,COMPLETED,Sobol
0.0202052078605381,16,7_0,maxclust,weighted,3.0,COMPLETED,Sobol
0.0202052078605381,11,7_0,maxclust,weighted,3.0,COMPLETED,Sobol
0.0202052078605381,7,7_0,maxclust,weighted,3.0,COMPLETED,Sobol
