adjusted_rand_score,trial_index,arm_name,criterion,method,t,trial_status,generator_model,compute_time
0.0024078862538124,0,0_0,maxclust,average,6.0,COMPLETED,Unknown,0.016919
0.0024078862538124,1,0_0,maxclust,average,6.0,COMPLETED,Unknown,0.006956
0.0024078862538124,4,0_0,maxclust,average,6.0,COMPLETED,Unknown,0.006892
0.0024078862538124,3,0_0,maxclust,average,6.0,COMPLETED,Unknown,0.006888
0.0024078862538124,2,0_0,maxclust,average,6.0,COMPLETED,Unknown,0.006919
0.459874890109388,39,5_0,maxclust,ward,6.0,COMPLETED,BO,34.390457
0.459874890109388,40,5_0,maxclust,ward,6.0,COMPLETED,BO,36.464364
0.459874890109388,41,5_0,maxclust,ward,6.0,COMPLETED,BO,34.480316
0.459874890109388,42,5_0,maxclust,ward,6.0,COMPLETED,BO,35.786138
0.459874890109388,43,5_0,maxclust,ward,6.0,COMPLETED,BO,36.66706
0.459874890109388,44,5_0,maxclust,ward,6.0,COMPLETED,BO,35.317024
0.459874890109388,45,5_0,maxclust,ward,6.0,COMPLETED,BO,34.781885
0.459874890109388,46,5_0,maxclust,ward,6.0,COMPLETED,BO,35.122705
0.459874890109388,47,5_0,maxclust,ward,6.0,COMPLETED,BO,34.762993
0.459874890109388,48,5_0,maxclust,ward,6.0,COMPLETED,BO,34.582274
0.459874890109388,50,5_0,maxclust,ward,6.0,COMPLETED,BO,37.25324
0.459874890109388,38,5_0,maxclust,ward,6.0,COMPLETED,BO,34.344051
0.459874890109388,51,5_0,maxclust,ward,6.0,COMPLETED,BO,34.472201
0.459874890109388,52,5_0,maxclust,ward,6.0,COMPLETED,BO,35.274233
0.459874890109388,53,5_0,maxclust,ward,6.0,COMPLETED,BO,34.213132
0.459874890109388,54,5_0,maxclust,ward,6.0,COMPLETED,BO,34.342144
0.459874890109388,55,5_0,maxclust,ward,6.0,COMPLETED,BO,34.157079
0.459874890109388,5,5_0,maxclust,ward,6.0,COMPLETED,Unknown,0.006949
0.459874890109388,56,5_0,maxclust,ward,6.0,COMPLETED,BO,34.221691
0.459874890109388,57,5_0,maxclust,ward,6.0,COMPLETED,BO,34.20535
0.459874890109388,58,5_0,maxclust,ward,6.0,COMPLETED,BO,34.383454
0.459874890109388,59,5_0,maxclust,ward,6.0,COMPLETED,BO,32.579234
0.459874890109388,6,5_0,maxclust,ward,6.0,COMPLETED,Unknown,0.006879
0.459874890109388,49,5_0,maxclust,ward,6.0,COMPLETED,BO,34.767722
0.459874890109388,37,5_0,maxclust,ward,6.0,COMPLETED,BO,34.43948
0.459874890109388,35,5_0,maxclust,ward,6.0,COMPLETED,BO,35.185831
0.459874890109388,21,5_0,maxclust,ward,6.0,COMPLETED,BO,35.670551
0.459874890109388,11,5_0,maxclust,ward,6.0,COMPLETED,BO,36.561513
0.459874890109388,12,5_0,maxclust,ward,6.0,COMPLETED,BO,36.507629
0.459874890109388,13,5_0,maxclust,ward,6.0,COMPLETED,BO,32.198205
0.459874890109388,14,5_0,maxclust,ward,6.0,COMPLETED,BO,35.597198
0.459874890109388,15,5_0,maxclust,ward,6.0,COMPLETED,BO,30.493046
0.459874890109388,16,5_0,maxclust,ward,6.0,COMPLETED,BO,34.492822
0.459874890109388,17,5_0,maxclust,ward,6.0,COMPLETED,BO,35.496896
0.459874890109388,18,5_0,maxclust,ward,6.0,COMPLETED,BO,36.138711
0.459874890109388,19,5_0,maxclust,ward,6.0,COMPLETED,BO,37.332976
0.459874890109388,20,5_0,maxclust,ward,6.0,COMPLETED,BO,34.10208
0.459874890109388,36,5_0,maxclust,ward,6.0,COMPLETED,BO,34.198911
0.459874890109388,10,5_0,maxclust,ward,6.0,COMPLETED,BO,34.331041
0.459874890109388,22,5_0,maxclust,ward,6.0,COMPLETED,BO,34.115894
0.459874890109388,24,5_0,maxclust,ward,6.0,COMPLETED,BO,34.817116
0.459874890109388,25,5_0,maxclust,ward,6.0,COMPLETED,BO,34.465895
0.459874890109388,26,5_0,maxclust,ward,6.0,COMPLETED,BO,34.61964
0.459874890109388,27,5_0,maxclust,ward,6.0,COMPLETED,BO,35.283454
0.459874890109388,28,5_0,maxclust,ward,6.0,COMPLETED,BO,35.653112
0.459874890109388,29,5_0,maxclust,ward,6.0,COMPLETED,BO,34.914119
0.459874890109388,30,5_0,maxclust,ward,6.0,COMPLETED,BO,34.85333
0.459874890109388,31,5_0,maxclust,ward,6.0,COMPLETED,BO,34.160098
0.459874890109388,32,5_0,maxclust,ward,6.0,COMPLETED,BO,34.640427
0.459874890109388,33,5_0,maxclust,ward,6.0,COMPLETED,BO,35.241079
0.459874890109388,34,5_0,maxclust,ward,6.0,COMPLETED,BO,34.299883
0.459874890109388,23,5_0,maxclust,ward,6.0,COMPLETED,BO,34.463923
9.166712614520676e-05,7,7_0,maxclust,centroid,6.0,COMPLETED,Unknown,0.007304
0.3321501020586118,8,8_0,maxclust,weighted,6.0,COMPLETED,Unknown,0.006912
0.3321501020586118,9,8_0,maxclust,weighted,6.0,COMPLETED,Unknown,0.006905
