adjusted_rand_score,trial_index,arm_name,criterion,method,t,trial_status,generator_model
0.0347525982661105,0,0_0,maxclust,ward,2.0,COMPLETED,Sobol
0.0347525982661105,15,0_0,maxclust,ward,2.0,COMPLETED,Sobol
0.0347525982661105,17,0_0,maxclust,ward,2.0,COMPLETED,Sobol
0.0347525982661105,18,0_0,maxclust,ward,2.0,COMPLETED,Sobol
0.0347525982661105,8,0_0,maxclust,ward,2.0,COMPLETED,Sobol
0.0347525982661105,22,0_0,maxclust,ward,2.0,COMPLETED,Sobol
0.0347525982661105,4,0_0,maxclust,ward,2.0,COMPLETED,Sobol
-0.0002907700704746,13,13_0,maxclust,single,2.0,COMPLETED,Sobol
-0.0002907700704746,23,13_0,maxclust,single,2.0,COMPLETED,Sobol
0.1254696283530179,19,1_0,maxclust,centroid,2.0,COMPLETED,Sobol
0.1254696283530179,11,1_0,maxclust,centroid,2.0,COMPLETED,Sobol
0.1254696283530179,1,1_0,maxclust,centroid,2.0,COMPLETED,Sobol
0.0794698370083103,6,2_0,maxclust,average,2.0,COMPLETED,Sobol
0.0794698370083103,2,2_0,maxclust,average,2.0,COMPLETED,Sobol
0.0794698370083103,21,2_0,maxclust,average,2.0,COMPLETED,Sobol
0.0794698370083103,5,2_0,maxclust,average,2.0,COMPLETED,Sobol
0.0794698370083103,10,2_0,maxclust,average,2.0,COMPLETED,Sobol
0.1017444404402116,3,3_0,maxclust,median,2.0,COMPLETED,Sobol
0.1017444404402116,14,3_0,maxclust,median,2.0,COMPLETED,Sobol
0.0719559381220516,16,7_0,maxclust,complete,2.0,COMPLETED,Sobol
0.0719559381220516,7,7_0,maxclust,complete,2.0,COMPLETED,Sobol
0.0719559381220516,12,7_0,maxclust,complete,2.0,COMPLETED,Sobol
0.049519307593858,20,9_0,maxclust,weighted,2.0,COMPLETED,Sobol
0.049519307593858,24,9_0,maxclust,weighted,2.0,COMPLETED,Sobol
0.049519307593858,9,9_0,maxclust,weighted,2.0,COMPLETED,Sobol
