adjusted_rand_score,trial_index,arm_name,criterion,method,t,trial_status,generator_model
-0.0002907700704746,0,0_0,maxclust,single,2.0,COMPLETED,Sobol
-0.0002907700704746,19,0_0,maxclust,single,2.0,COMPLETED,Sobol
0.0719559381220516,13,13_0,maxclust,complete,2.0,COMPLETED,Sobol
0.0719559381220516,15,13_0,maxclust,complete,2.0,COMPLETED,Sobol
0.0719559381220516,17,13_0,maxclust,complete,2.0,COMPLETED,Sobol
0.0719559381220516,20,13_0,maxclust,complete,2.0,COMPLETED,Sobol
0.0347525982661105,10,1_0,maxclust,ward,2.0,COMPLETED,Sobol
0.0347525982661105,5,1_0,maxclust,ward,2.0,COMPLETED,Sobol
0.0347525982661105,1,1_0,maxclust,ward,2.0,COMPLETED,Sobol
0.0347525982661105,14,1_0,maxclust,ward,2.0,COMPLETED,Sobol
0.0347525982661105,23,1_0,maxclust,ward,2.0,COMPLETED,Sobol
0.1254696283530179,8,2_0,maxclust,centroid,2.0,COMPLETED,Sobol
0.1254696283530179,12,2_0,maxclust,centroid,2.0,COMPLETED,Sobol
0.1254696283530179,2,2_0,maxclust,centroid,2.0,COMPLETED,Sobol
0.1017444404402116,18,3_0,maxclust,median,2.0,COMPLETED,Sobol
0.1017444404402116,21,3_0,maxclust,median,2.0,COMPLETED,Sobol
0.1017444404402116,4,3_0,maxclust,median,2.0,COMPLETED,Sobol
0.1017444404402116,3,3_0,maxclust,median,2.0,COMPLETED,Sobol
0.1017444404402116,24,3_0,maxclust,median,2.0,COMPLETED,Sobol
0.1017444404402116,9,3_0,maxclust,median,2.0,COMPLETED,Sobol
0.0794698370083103,6,6_0,maxclust,average,2.0,COMPLETED,Sobol
0.0794698370083103,22,6_0,maxclust,average,2.0,COMPLETED,Sobol
0.049519307593858,16,7_0,maxclust,weighted,2.0,COMPLETED,Sobol
0.049519307593858,11,7_0,maxclust,weighted,2.0,COMPLETED,Sobol
0.049519307593858,7,7_0,maxclust,weighted,2.0,COMPLETED,Sobol
