adjusted_rand_score,trial_index,arm_name,criterion,method,t,trial_status,generator_model
-0.0003338425439616,0,0_0,maxclust,average,2.0,COMPLETED,Sobol
-0.0003338425439616,19,0_0,maxclust,average,2.0,COMPLETED,Sobol
-0.0003338425439616,20,0_0,maxclust,average,2.0,COMPLETED,Sobol
-0.0003338425439616,11,0_0,maxclust,average,2.0,COMPLETED,Sobol
0.0016908672914999,1,1_0,maxclust,weighted,2.0,COMPLETED,Sobol
0.0016908672914999,16,1_0,maxclust,weighted,2.0,COMPLETED,Sobol
0.0016908672914999,7,1_0,maxclust,weighted,2.0,COMPLETED,Sobol
0.0016908672914999,22,1_0,maxclust,weighted,2.0,COMPLETED,Sobol
0.0016908672914999,12,2_0,maxclust,single,2.0,COMPLETED,Sobol
0.0016908672914999,24,2_0,maxclust,single,2.0,COMPLETED,Sobol
0.0016908672914999,17,2_0,maxclust,single,2.0,COMPLETED,Sobol
0.0016908672914999,2,2_0,maxclust,single,2.0,COMPLETED,Sobol
-0.06877270731836,8,3_0,maxclust,ward,2.0,COMPLETED,Sobol
-0.06877270731836,21,3_0,maxclust,ward,2.0,COMPLETED,Sobol
-0.06877270731836,3,3_0,maxclust,ward,2.0,COMPLETED,Sobol
0.0,4,4_0,maxclust,median,2.0,COMPLETED,Sobol
0.0,14,4_0,maxclust,median,2.0,COMPLETED,Sobol
0.0,18,4_0,maxclust,median,2.0,COMPLETED,Sobol
-0.0003338425439616,23,5_0,maxclust,centroid,2.0,COMPLETED,Sobol
-0.0003338425439616,15,5_0,maxclust,centroid,2.0,COMPLETED,Sobol
-0.0003338425439616,5,5_0,maxclust,centroid,2.0,COMPLETED,Sobol
-0.0003338425439616,9,5_0,maxclust,centroid,2.0,COMPLETED,Sobol
-0.0011867647220711,13,6_0,maxclust,complete,2.0,COMPLETED,Sobol
-0.0011867647220711,6,6_0,maxclust,complete,2.0,COMPLETED,Sobol
-0.0011867647220711,10,6_0,maxclust,complete,2.0,COMPLETED,Sobol
