adjusted_rand_score,trial_index,arm_name,criterion,method,t,trial_status,generator_model,compute_time
0.1229843192277355,0,0_0,maxclust,weighted,2.0,COMPLETED,Sobol,3.542267
0.1229843192277355,6,0_0,maxclust,weighted,2.0,COMPLETED,Sobol,3.58726
0.1229843192277355,8,0_0,maxclust,weighted,2.0,COMPLETED,Sobol,3.589452
0.1229843192277355,17,0_0,maxclust,weighted,2.0,COMPLETED,Sobol,4.957553
0.1229843192277355,23,0_0,maxclust,weighted,2.0,COMPLETED,Sobol,7.055437
0.0,11,11_0,maxclust,median,2.0,COMPLETED,Sobol,6.690872
0.1749768579310557,19,14_0,maxclust,ward,2.0,COMPLETED,Sobol,6.52151
0.1749768579310557,24,14_0,maxclust,ward,2.0,COMPLETED,Sobol,5.833586
0.1749768579310557,14,14_0,maxclust,ward,2.0,COMPLETED,Sobol,6.321284
0.1569651167147787,1,1_0,maxclust,centroid,2.0,COMPLETED,Sobol,3.393898
0.1569651167147787,21,1_0,maxclust,centroid,2.0,COMPLETED,Sobol,6.599214
0.1569651167147787,15,1_0,maxclust,centroid,2.0,COMPLETED,Sobol,3.965668
0.1885613968801911,18,2_0,maxclust,average,2.0,COMPLETED,Sobol,3.307572
0.1885613968801911,5,2_0,maxclust,average,2.0,COMPLETED,Sobol,3.73782
0.1885613968801911,22,2_0,maxclust,average,2.0,COMPLETED,Sobol,6.560204
0.1885613968801911,2,2_0,maxclust,average,2.0,COMPLETED,Sobol,3.426248
0.003446406408225,4,3_0,maxclust,single,2.0,COMPLETED,Sobol,3.422291
0.003446406408225,3,3_0,maxclust,single,2.0,COMPLETED,Sobol,3.43169
0.003446406408225,20,3_0,maxclust,single,2.0,COMPLETED,Sobol,5.268971
0.003446406408225,13,3_0,maxclust,single,2.0,COMPLETED,Sobol,8.33983
0.003446406408225,10,3_0,maxclust,single,2.0,COMPLETED,Sobol,6.702228
0.003446406408225,16,3_0,maxclust,single,2.0,COMPLETED,Sobol,3.7588
0.2034816255091469,12,7_0,maxclust,complete,2.0,COMPLETED,Sobol,6.716663
0.2034816255091469,7,7_0,maxclust,complete,2.0,COMPLETED,Sobol,3.563624
0.2034816255091469,9,7_0,maxclust,complete,2.0,COMPLETED,Sobol,5.959802
