adjusted_rand_score,trial_index,arm_name,criterion,method,t,trial_status,generator_model,compute_time
0.0,0,0_0,maxclust,centroid,2.0,COMPLETED,Unknown,0.015157
0.0,1,0_0,maxclust,centroid,2.0,COMPLETED,Unknown,0.007315
0.0,3,0_0,maxclust,centroid,2.0,COMPLETED,Unknown,0.007256
0.0,2,0_0,maxclust,centroid,2.0,COMPLETED,Unknown,0.007254
-0.0003075520854153,5,4_0,maxclust,weighted,2.0,COMPLETED,Unknown,0.007246
-0.0003075520854153,4,4_0,maxclust,weighted,2.0,COMPLETED,Unknown,0.00725
0.01712719585003248,39,6_0,maxclust,ward,2.0,COMPLETED,BO,4.366009
0.01712719585003248,40,6_0,maxclust,ward,2.0,COMPLETED,BO,5.117639
0.01712719585003248,41,6_0,maxclust,ward,2.0,COMPLETED,BO,5.487216
0.01712719585003248,42,6_0,maxclust,ward,2.0,COMPLETED,BO,6.059803
0.01712719585003248,43,6_0,maxclust,ward,2.0,COMPLETED,BO,6.860846
0.01712719585003248,44,6_0,maxclust,ward,2.0,COMPLETED,BO,6.799516
0.01712719585003248,45,6_0,maxclust,ward,2.0,COMPLETED,BO,5.923212
0.01712719585003248,46,6_0,maxclust,ward,2.0,COMPLETED,BO,6.085238
0.01712719585003248,47,6_0,maxclust,ward,2.0,COMPLETED,BO,4.654822
0.01712719585003248,48,6_0,maxclust,ward,2.0,COMPLETED,BO,5.024477
0.01712719585003248,50,6_0,maxclust,ward,2.0,COMPLETED,BO,4.668236
0.01712719585003248,38,6_0,maxclust,ward,2.0,COMPLETED,BO,5.317624
0.01712719585003248,51,6_0,maxclust,ward,2.0,COMPLETED,BO,5.201342
0.01712719585003248,52,6_0,maxclust,ward,2.0,COMPLETED,BO,5.069128
0.01712719585003248,53,6_0,maxclust,ward,2.0,COMPLETED,BO,5.426223
0.01712719585003248,54,6_0,maxclust,ward,2.0,COMPLETED,BO,5.70083
0.01712719585003248,55,6_0,maxclust,ward,2.0,COMPLETED,BO,5.945013
0.01712719585003248,56,6_0,maxclust,ward,2.0,COMPLETED,BO,4.455006
0.01712719585003248,57,6_0,maxclust,ward,2.0,COMPLETED,BO,4.774656
0.01712719585003248,58,6_0,maxclust,ward,2.0,COMPLETED,BO,4.791754
0.01712719585003248,59,6_0,maxclust,ward,2.0,COMPLETED,BO,4.222141
0.0171271958500324,6,6_0,maxclust,ward,2.0,COMPLETED,Unknown,0.007244
0.0171271958500324,7,6_0,maxclust,ward,2.0,COMPLETED,Unknown,0.007785
0.01712719585003248,49,6_0,maxclust,ward,2.0,COMPLETED,BO,5.107958
0.01712719585003248,37,6_0,maxclust,ward,2.0,COMPLETED,BO,5.48049
0.01712719585003248,35,6_0,maxclust,ward,2.0,COMPLETED,BO,5.214969
0.0171271958500324,8,6_0,maxclust,ward,2.0,COMPLETED,Unknown,0.007262
0.01712719585003248,10,6_0,maxclust,ward,2.0,COMPLETED,BO,4.656024
0.01712719585003248,11,6_0,maxclust,ward,2.0,COMPLETED,BO,4.724208
0.01712719585003248,12,6_0,maxclust,ward,2.0,COMPLETED,BO,5.348839
0.01712719585003248,13,6_0,maxclust,ward,2.0,COMPLETED,BO,6.056415
0.01712719585003248,14,6_0,maxclust,ward,2.0,COMPLETED,BO,6.06921
0.01712719585003248,15,6_0,maxclust,ward,2.0,COMPLETED,BO,5.665334
0.01712719585003248,16,6_0,maxclust,ward,2.0,COMPLETED,BO,6.137002
0.01712719585003248,17,6_0,maxclust,ward,2.0,COMPLETED,BO,5.814618
0.01712719585003248,18,6_0,maxclust,ward,2.0,COMPLETED,BO,5.558828
0.01712719585003248,19,6_0,maxclust,ward,2.0,COMPLETED,BO,5.401753
0.01712719585003248,20,6_0,maxclust,ward,2.0,COMPLETED,BO,5.447563
0.01712719585003248,21,6_0,maxclust,ward,2.0,COMPLETED,BO,4.653034
0.01712719585003248,22,6_0,maxclust,ward,2.0,COMPLETED,BO,4.799739
0.01712719585003248,23,6_0,maxclust,ward,2.0,COMPLETED,BO,4.675237
0.01712719585003248,24,6_0,maxclust,ward,2.0,COMPLETED,BO,4.359752
0.01712719585003248,25,6_0,maxclust,ward,2.0,COMPLETED,BO,4.773046
0.01712719585003248,26,6_0,maxclust,ward,2.0,COMPLETED,BO,4.577192
0.01712719585003248,27,6_0,maxclust,ward,2.0,COMPLETED,BO,4.864523
0.01712719585003248,28,6_0,maxclust,ward,2.0,COMPLETED,BO,4.631736
0.01712719585003248,29,6_0,maxclust,ward,2.0,COMPLETED,BO,4.85039
0.01712719585003248,30,6_0,maxclust,ward,2.0,COMPLETED,BO,4.880345
0.01712719585003248,31,6_0,maxclust,ward,2.0,COMPLETED,BO,4.937968
0.01712719585003248,32,6_0,maxclust,ward,2.0,COMPLETED,BO,4.431208
0.01712719585003248,33,6_0,maxclust,ward,2.0,COMPLETED,BO,4.880152
0.01712719585003248,34,6_0,maxclust,ward,2.0,COMPLETED,BO,4.988341
0.01712719585003248,36,6_0,maxclust,ward,2.0,COMPLETED,BO,5.547489
0.0,9,9_0,maxclust,median,2.0,COMPLETED,Unknown,0.007199
