adjusted_rand_score,trial_index,arm_name,criterion,method,t,trial_status,generator_model,compute_time
0.0001186825855183,0,0_0,maxclust,centroid,10.0,COMPLETED,Unknown,0.015529
0.0001186825855183,1,0_0,maxclust,centroid,10.0,COMPLETED,Unknown,0.006847
0.0001186825855183,3,0_0,maxclust,centroid,10.0,COMPLETED,Unknown,0.006727
0.0001186825855183,2,0_0,maxclust,centroid,10.0,COMPLETED,Unknown,0.00666
0.1607466882626304,5,4_0,maxclust,weighted,10.0,COMPLETED,Unknown,0.006634
0.1607466882626304,4,4_0,maxclust,weighted,10.0,COMPLETED,Unknown,0.006644
0.3771307435835044,39,6_0,maxclust,ward,10.0,COMPLETED,BO,4.252284
0.3771307435835044,40,6_0,maxclust,ward,10.0,COMPLETED,BO,4.274511
0.3771307435835044,41,6_0,maxclust,ward,10.0,COMPLETED,BO,3.967539
0.3771307435835044,42,6_0,maxclust,ward,10.0,COMPLETED,BO,4.227887
0.3771307435835044,43,6_0,maxclust,ward,10.0,COMPLETED,BO,4.309773
0.3771307435835044,44,6_0,maxclust,ward,10.0,COMPLETED,BO,7.526084
0.3771307435835044,45,6_0,maxclust,ward,10.0,COMPLETED,BO,3.731768
0.3771307435835044,46,6_0,maxclust,ward,10.0,COMPLETED,BO,3.972572
0.3771307435835044,47,6_0,maxclust,ward,10.0,COMPLETED,BO,3.35607
0.3771307435835044,48,6_0,maxclust,ward,10.0,COMPLETED,BO,3.974658
0.3771307435835044,50,6_0,maxclust,ward,10.0,COMPLETED,BO,4.228272
0.3771307435835044,38,6_0,maxclust,ward,10.0,COMPLETED,BO,5.534393
0.3771307435835044,51,6_0,maxclust,ward,10.0,COMPLETED,BO,4.298997
0.3771307435835044,52,6_0,maxclust,ward,10.0,COMPLETED,BO,10.093866
0.3771307435835044,53,6_0,maxclust,ward,10.0,COMPLETED,BO,6.221967
0.3771307435835044,54,6_0,maxclust,ward,10.0,COMPLETED,BO,6.643149
0.3771307435835044,55,6_0,maxclust,ward,10.0,COMPLETED,BO,7.616613
0.3771307435835044,56,6_0,maxclust,ward,10.0,COMPLETED,BO,6.729644
0.3771307435835044,57,6_0,maxclust,ward,10.0,COMPLETED,BO,3.257428
0.3771307435835044,58,6_0,maxclust,ward,10.0,COMPLETED,BO,3.39985
0.3771307435835044,59,6_0,maxclust,ward,10.0,COMPLETED,BO,3.628411
0.3771307435835044,6,6_0,maxclust,ward,10.0,COMPLETED,Unknown,0.006618
0.3771307435835044,7,6_0,maxclust,ward,10.0,COMPLETED,Unknown,0.007014
0.3771307435835044,49,6_0,maxclust,ward,10.0,COMPLETED,BO,4.138803
0.3771307435835044,37,6_0,maxclust,ward,10.0,COMPLETED,BO,4.498291
0.3771307435835044,35,6_0,maxclust,ward,10.0,COMPLETED,BO,5.140614
0.3771307435835044,8,6_0,maxclust,ward,10.0,COMPLETED,Unknown,0.006649
0.3771307435835044,10,6_0,maxclust,ward,10.0,COMPLETED,BO,5.037581
0.3771307435835044,11,6_0,maxclust,ward,10.0,COMPLETED,BO,4.569988
0.3771307435835044,12,6_0,maxclust,ward,10.0,COMPLETED,BO,4.392577
0.3771307435835044,13,6_0,maxclust,ward,10.0,COMPLETED,BO,3.954881
0.3771307435835044,14,6_0,maxclust,ward,10.0,COMPLETED,BO,4.05743
0.3771307435835044,15,6_0,maxclust,ward,10.0,COMPLETED,BO,3.773122
0.3771307435835044,16,6_0,maxclust,ward,10.0,COMPLETED,BO,3.885929
0.3771307435835044,17,6_0,maxclust,ward,10.0,COMPLETED,BO,4.208129
0.3771307435835044,18,6_0,maxclust,ward,10.0,COMPLETED,BO,5.092739
0.3771307435835044,19,6_0,maxclust,ward,10.0,COMPLETED,BO,3.451332
0.3771307435835044,20,6_0,maxclust,ward,10.0,COMPLETED,BO,3.860898
0.3771307435835044,21,6_0,maxclust,ward,10.0,COMPLETED,BO,4.059097
0.3771307435835044,22,6_0,maxclust,ward,10.0,COMPLETED,BO,4.002734
0.3771307435835044,23,6_0,maxclust,ward,10.0,COMPLETED,BO,4.660595
0.3771307435835044,24,6_0,maxclust,ward,10.0,COMPLETED,BO,5.410796
0.3771307435835044,25,6_0,maxclust,ward,10.0,COMPLETED,BO,5.544266
0.3771307435835044,26,6_0,maxclust,ward,10.0,COMPLETED,BO,5.468859
0.3771307435835044,27,6_0,maxclust,ward,10.0,COMPLETED,BO,5.374333
0.3771307435835044,28,6_0,maxclust,ward,10.0,COMPLETED,BO,4.888258
0.3771307435835044,29,6_0,maxclust,ward,10.0,COMPLETED,BO,4.537714
0.3771307435835044,30,6_0,maxclust,ward,10.0,COMPLETED,BO,4.221156
0.3771307435835044,31,6_0,maxclust,ward,10.0,COMPLETED,BO,4.482143
0.3771307435835044,32,6_0,maxclust,ward,10.0,COMPLETED,BO,4.299676
0.3771307435835044,33,6_0,maxclust,ward,10.0,COMPLETED,BO,4.358548
0.3771307435835044,34,6_0,maxclust,ward,10.0,COMPLETED,BO,5.535671
0.3771307435835044,36,6_0,maxclust,ward,10.0,COMPLETED,BO,6.34506
8.999258594912719e-05,9,9_0,maxclust,median,10.0,COMPLETED,Unknown,0.006637
