adjusted_rand_score,trial_index,arm_name,criterion,method,t,trial_status,generator_model
-0.0013403232304517,0,0_0,maxclust,weighted,6.0,COMPLETED,Sobol
-0.0013403232304517,6,0_0,maxclust,weighted,6.0,COMPLETED,Sobol
-0.0013403232304517,12,0_0,maxclust,weighted,6.0,COMPLETED,Sobol
-0.0013403232304517,17,0_0,maxclust,weighted,6.0,COMPLETED,Sobol
-0.0013403232304517,23,0_0,maxclust,weighted,6.0,COMPLETED,Sobol
0.0015621356234656,11,11_0,maxclust,complete,6.0,COMPLETED,Sobol
0.0015621356234656,18,11_0,maxclust,complete,6.0,COMPLETED,Sobol
-0.0014974976938122,13,13_0,maxclust,centroid,6.0,COMPLETED,Sobol
-0.0014974976938122,21,13_0,maxclust,centroid,6.0,COMPLETED,Sobol
0.0094191750140247,24,1_0,maxclust,ward,6.0,COMPLETED,Sobol
0.0094191750140247,19,1_0,maxclust,ward,6.0,COMPLETED,Sobol
0.0094191750140247,10,1_0,maxclust,ward,6.0,COMPLETED,Sobol
0.0094191750140247,14,1_0,maxclust,ward,6.0,COMPLETED,Sobol
0.0094191750140247,1,1_0,maxclust,ward,6.0,COMPLETED,Sobol
-0.0010314443666591,2,2_0,maxclust,median,6.0,COMPLETED,Sobol
-0.0010314443666591,22,2_0,maxclust,median,6.0,COMPLETED,Sobol
-0.0010314443666591,8,2_0,maxclust,median,6.0,COMPLETED,Sobol
-0.0010314443666591,5,2_0,maxclust,median,6.0,COMPLETED,Sobol
-0.0010314443666591,15,2_0,maxclust,median,6.0,COMPLETED,Sobol
-0.0014974976938122,3,3_0,maxclust,average,6.0,COMPLETED,Sobol
-0.0014974976938122,4,3_0,maxclust,average,6.0,COMPLETED,Sobol
-0.000615965294069,20,7_0,maxclust,single,6.0,COMPLETED,Sobol
-0.000615965294069,7,7_0,maxclust,single,6.0,COMPLETED,Sobol
-0.000615965294069,16,7_0,maxclust,single,6.0,COMPLETED,Sobol
-0.000615965294069,9,7_0,maxclust,single,6.0,COMPLETED,Sobol
