adjusted_rand_score,trial_index,arm_name,criterion,method,t,trial_status,generator_model
0.0052594233689569,0,0_0,maxclust,average,6.0,COMPLETED,Sobol
0.0052594233689569,11,0_0,maxclust,average,6.0,COMPLETED,Sobol
0.0052594233689569,20,0_0,maxclust,average,6.0,COMPLETED,Sobol
0.0052594233689569,19,0_0,maxclust,average,6.0,COMPLETED,Sobol
0.0028281539056759,7,1_0,maxclust,weighted,6.0,COMPLETED,Sobol
0.0028281539056759,1,1_0,maxclust,weighted,6.0,COMPLETED,Sobol
0.0028281539056759,22,1_0,maxclust,weighted,6.0,COMPLETED,Sobol
0.0028281539056759,16,1_0,maxclust,weighted,6.0,COMPLETED,Sobol
0.0093875119454731,2,2_0,maxclust,single,6.0,COMPLETED,Sobol
0.0093875119454731,17,2_0,maxclust,single,6.0,COMPLETED,Sobol
0.0093875119454731,12,2_0,maxclust,single,6.0,COMPLETED,Sobol
0.0093875119454731,24,2_0,maxclust,single,6.0,COMPLETED,Sobol
0.0056597718357547,21,3_0,maxclust,ward,6.0,COMPLETED,Sobol
0.0056597718357547,3,3_0,maxclust,ward,6.0,COMPLETED,Sobol
0.0056597718357547,8,3_0,maxclust,ward,6.0,COMPLETED,Sobol
0.0024223027299761,18,4_0,maxclust,median,6.0,COMPLETED,Sobol
0.0024223027299761,4,4_0,maxclust,median,6.0,COMPLETED,Sobol
0.0024223027299761,14,4_0,maxclust,median,6.0,COMPLETED,Sobol
0.0004059959064466,5,5_0,maxclust,centroid,6.0,COMPLETED,Sobol
0.0004059959064466,9,5_0,maxclust,centroid,6.0,COMPLETED,Sobol
0.0004059959064466,23,5_0,maxclust,centroid,6.0,COMPLETED,Sobol
0.0004059959064466,15,5_0,maxclust,centroid,6.0,COMPLETED,Sobol
0.0104790003918065,10,6_0,maxclust,complete,6.0,COMPLETED,Sobol
0.0104790003918065,6,6_0,maxclust,complete,6.0,COMPLETED,Sobol
0.0104790003918065,13,6_0,maxclust,complete,6.0,COMPLETED,Sobol
