adjusted_rand_score,trial_index,arm_name,criterion,method,t,trial_status,generator_model,compute_time
-0.0011947496074952,0,0_0,maxclust,average,2.0,COMPLETED,Unknown,0.014559
-0.0011947496074952,1,0_0,maxclust,average,2.0,COMPLETED,Unknown,0.006976
-0.0011947496074952,4,0_0,maxclust,average,2.0,COMPLETED,Unknown,0.006919
-0.0011947496074952,3,0_0,maxclust,average,2.0,COMPLETED,Unknown,0.006914
-0.0011947496074952,2,0_0,maxclust,average,2.0,COMPLETED,Unknown,0.006939
0.011178576252522533,39,5_0,maxclust,ward,2.0,COMPLETED,BO,16.558834
0.011178576252522533,40,5_0,maxclust,ward,2.0,COMPLETED,BO,15.858752
0.011178576252522533,41,5_0,maxclust,ward,2.0,COMPLETED,BO,16.276529
0.011178576252522533,42,5_0,maxclust,ward,2.0,COMPLETED,BO,16.302799
0.011178576252522533,43,5_0,maxclust,ward,2.0,COMPLETED,BO,13.276974
0.011178576252522533,44,5_0,maxclust,ward,2.0,COMPLETED,BO,15.510491
0.011178576252522533,45,5_0,maxclust,ward,2.0,COMPLETED,BO,13.975033
0.011178576252522533,46,5_0,maxclust,ward,2.0,COMPLETED,BO,16.282551
0.011178576252522533,47,5_0,maxclust,ward,2.0,COMPLETED,BO,16.292699
0.011178576252522533,48,5_0,maxclust,ward,2.0,COMPLETED,BO,16.315124
0.011178576252522533,50,5_0,maxclust,ward,2.0,COMPLETED,BO,17.485895
0.011178576252522533,38,5_0,maxclust,ward,2.0,COMPLETED,BO,16.339971
0.011178576252522533,51,5_0,maxclust,ward,2.0,COMPLETED,BO,15.659683
0.011178576252522533,52,5_0,maxclust,ward,2.0,COMPLETED,BO,14.575162
0.011178576252522533,53,5_0,maxclust,ward,2.0,COMPLETED,BO,16.626932
0.011178576252522533,54,5_0,maxclust,ward,2.0,COMPLETED,BO,16.613953
0.011178576252522533,55,5_0,maxclust,ward,2.0,COMPLETED,BO,15.75836
0.0111785762525225,5,5_0,maxclust,ward,2.0,COMPLETED,Unknown,0.006901
0.011178576252522533,56,5_0,maxclust,ward,2.0,COMPLETED,BO,15.825755
0.011178576252522533,57,5_0,maxclust,ward,2.0,COMPLETED,BO,15.182132
0.011178576252522533,58,5_0,maxclust,ward,2.0,COMPLETED,BO,15.538769
0.011178576252522533,59,5_0,maxclust,ward,2.0,COMPLETED,BO,16.037695
0.0111785762525225,6,5_0,maxclust,ward,2.0,COMPLETED,Unknown,0.006918
0.011178576252522533,49,5_0,maxclust,ward,2.0,COMPLETED,BO,15.760455
0.011178576252522533,37,5_0,maxclust,ward,2.0,COMPLETED,BO,16.247879
0.011178576252522533,35,5_0,maxclust,ward,2.0,COMPLETED,BO,16.304374
0.011178576252522533,21,5_0,maxclust,ward,2.0,COMPLETED,BO,16.146284
0.011178576252522533,11,5_0,maxclust,ward,2.0,COMPLETED,BO,16.047423
0.011178576252522533,12,5_0,maxclust,ward,2.0,COMPLETED,BO,16.319373
0.011178576252522533,13,5_0,maxclust,ward,2.0,COMPLETED,BO,16.441966
0.011178576252522533,14,5_0,maxclust,ward,2.0,COMPLETED,BO,16.428291
0.011178576252522533,15,5_0,maxclust,ward,2.0,COMPLETED,BO,13.719795
0.011178576252522533,16,5_0,maxclust,ward,2.0,COMPLETED,BO,15.49832
0.011178576252522533,17,5_0,maxclust,ward,2.0,COMPLETED,BO,16.653288
0.011178576252522533,18,5_0,maxclust,ward,2.0,COMPLETED,BO,16.575209
0.011178576252522533,19,5_0,maxclust,ward,2.0,COMPLETED,BO,16.270714
0.011178576252522533,20,5_0,maxclust,ward,2.0,COMPLETED,BO,15.743743
0.011178576252522533,36,5_0,maxclust,ward,2.0,COMPLETED,BO,16.032776
0.011178576252522533,10,5_0,maxclust,ward,2.0,COMPLETED,BO,15.056845
0.011178576252522533,22,5_0,maxclust,ward,2.0,COMPLETED,BO,16.30966
0.011178576252522533,24,5_0,maxclust,ward,2.0,COMPLETED,BO,16.558263
0.011178576252522533,25,5_0,maxclust,ward,2.0,COMPLETED,BO,16.616584
0.011178576252522533,26,5_0,maxclust,ward,2.0,COMPLETED,BO,15.508061
0.011178576252522533,27,5_0,maxclust,ward,2.0,COMPLETED,BO,15.693503
0.011178576252522533,28,5_0,maxclust,ward,2.0,COMPLETED,BO,16.157963
0.011178576252522533,29,5_0,maxclust,ward,2.0,COMPLETED,BO,15.999572
0.011178576252522533,30,5_0,maxclust,ward,2.0,COMPLETED,BO,15.64308
0.011178576252522533,31,5_0,maxclust,ward,2.0,COMPLETED,BO,15.520991
0.011178576252522533,32,5_0,maxclust,ward,2.0,COMPLETED,BO,16.127399
0.011178576252522533,33,5_0,maxclust,ward,2.0,COMPLETED,BO,16.388278
0.011178576252522533,34,5_0,maxclust,ward,2.0,COMPLETED,BO,16.030498
0.011178576252522533,23,5_0,maxclust,ward,2.0,COMPLETED,BO,16.519941
9.843933959735338e-05,7,7_0,maxclust,centroid,2.0,COMPLETED,Unknown,0.007336
-0.0006140332326087,8,8_0,maxclust,weighted,2.0,COMPLETED,Unknown,0.006915
-0.0006140332326087,9,8_0,maxclust,weighted,2.0,COMPLETED,Unknown,0.006935
