adjusted_rand_score,trial_index,arm_name,criterion,method,t,trial_status,generator_model,compute_time
0.3821820205793785,0,0_0,maxclust,weighted,7.0,COMPLETED,Sobol,4.764563
0.3821820205793785,23,0_0,maxclust,weighted,7.0,COMPLETED,Sobol,3.552992
0.3821820205793785,17,0_0,maxclust,weighted,7.0,COMPLETED,Sobol,4.489971
0.3821820205793785,12,0_0,maxclust,weighted,7.0,COMPLETED,Sobol,3.258438
0.3821820205793785,6,0_0,maxclust,weighted,7.0,COMPLETED,Sobol,3.556585
0.3734632601110693,18,11_0,maxclust,complete,7.0,COMPLETED,Sobol,3.453308
0.3734632601110693,11,11_0,maxclust,complete,7.0,COMPLETED,Sobol,3.247058
0.2326574732025169,13,13_0,maxclust,centroid,7.0,COMPLETED,Sobol,4.81645
0.2326574732025169,21,13_0,maxclust,centroid,7.0,COMPLETED,Sobol,4.249837
0.514459483229717,14,1_0,maxclust,ward,7.0,COMPLETED,Sobol,3.614116
0.514459483229717,19,1_0,maxclust,ward,7.0,COMPLETED,Sobol,3.886022
0.514459483229717,1,1_0,maxclust,ward,7.0,COMPLETED,Sobol,4.758274
0.514459483229717,10,1_0,maxclust,ward,7.0,COMPLETED,Sobol,3.148359
0.514459483229717,24,1_0,maxclust,ward,7.0,COMPLETED,Sobol,2.924004
0.3001610019466296,5,2_0,maxclust,median,7.0,COMPLETED,Sobol,3.338796
0.3001610019466296,8,2_0,maxclust,median,7.0,COMPLETED,Sobol,3.455369
0.3001610019466296,22,2_0,maxclust,median,7.0,COMPLETED,Sobol,3.418314
0.3001610019466296,2,2_0,maxclust,median,7.0,COMPLETED,Sobol,4.460946
0.3001610019466296,15,2_0,maxclust,median,7.0,COMPLETED,Sobol,3.495432
0.3520091378881373,3,3_0,maxclust,average,7.0,COMPLETED,Sobol,4.383585
0.3520091378881373,4,3_0,maxclust,average,7.0,COMPLETED,Sobol,4.45353
0.0587139469064023,7,7_0,maxclust,single,7.0,COMPLETED,Sobol,3.398341
0.0587139469064023,20,7_0,maxclust,single,7.0,COMPLETED,Sobol,3.01909
0.0587139469064023,16,7_0,maxclust,single,7.0,COMPLETED,Sobol,3.027358
0.0587139469064023,9,7_0,maxclust,single,7.0,COMPLETED,Sobol,4.932186
