adjusted_rand_score,trial_index,arm_name,criterion,method,t,trial_status,generator_model
0.049258175482123,0,0_0,maxclust,complete,2.0,COMPLETED,Sobol
0.049258175482123,7,0_0,maxclust,complete,2.0,COMPLETED,Sobol
0.049258175482123,12,0_0,maxclust,complete,2.0,COMPLETED,Sobol
0.049258175482123,16,0_0,maxclust,complete,2.0,COMPLETED,Sobol
0.049258175482123,21,0_0,maxclust,complete,2.0,COMPLETED,Sobol
0.049258175482123,2,0_0,maxclust,complete,2.0,COMPLETED,Sobol
0.0522764513911678,19,1_0,maxclust,ward,2.0,COMPLETED,Sobol
0.0522764513911678,1,1_0,maxclust,ward,2.0,COMPLETED,Sobol
0.0522764513911678,23,1_0,maxclust,ward,2.0,COMPLETED,Sobol
0.0522764513911678,24,1_0,maxclust,ward,2.0,COMPLETED,Sobol
0.0522764513911678,10,1_0,maxclust,ward,2.0,COMPLETED,Sobol
0.0093775714082775,3,3_0,maxclust,weighted,2.0,COMPLETED,Sobol
0.0093775714082775,20,3_0,maxclust,weighted,2.0,COMPLETED,Sobol
0.0031333015844903,4,4_0,maxclust,median,2.0,COMPLETED,Sobol
0.0031333015844903,14,4_0,maxclust,median,2.0,COMPLETED,Sobol
0.0031333015844903,11,4_0,maxclust,median,2.0,COMPLETED,Sobol
0.0031333015844903,17,5_0,maxclust,centroid,2.0,COMPLETED,Sobol
0.0031333015844903,15,5_0,maxclust,centroid,2.0,COMPLETED,Sobol
0.0031333015844903,5,5_0,maxclust,centroid,2.0,COMPLETED,Sobol
0.0031333015844903,6,6_0,maxclust,average,2.0,COMPLETED,Sobol
0.0031333015844903,9,6_0,maxclust,average,2.0,COMPLETED,Sobol
0.0031333015844903,22,6_0,maxclust,average,2.0,COMPLETED,Sobol
0.0031333015844903,13,6_0,maxclust,average,2.0,COMPLETED,Sobol
0.0310018230513688,8,8_0,maxclust,single,2.0,COMPLETED,Sobol
0.0310018230513688,18,8_0,maxclust,single,2.0,COMPLETED,Sobol
