adjusted_rand_score,trial_index,arm_name,criterion,method,t,trial_status,generator_model,compute_time
-0.0005471756806033,0,0_0,maxclust,single,3.0,COMPLETED,Sobol,3.719798
-0.0005471756806033,7,0_0,maxclust,single,3.0,COMPLETED,Sobol,4.068074
-0.0005471756806033,19,0_0,maxclust,single,3.0,COMPLETED,Sobol,4.261246
-0.0005471756806033,9,0_0,maxclust,single,3.0,COMPLETED,Sobol,5.737684
0.0,13,11_0,maxclust,centroid,3.0,COMPLETED,Sobol,5.587313
0.0,15,11_0,maxclust,centroid,3.0,COMPLETED,Sobol,5.11502
0.0,17,11_0,maxclust,centroid,3.0,COMPLETED,Sobol,5.553009
0.0,11,11_0,maxclust,centroid,3.0,COMPLETED,Sobol,4.328964
0.0,21,11_0,maxclust,centroid,3.0,COMPLETED,Sobol,4.732394
0.0850787001534286,18,18_0,maxclust,complete,3.0,COMPLETED,Sobol,4.321592
0.0,12,1_0,maxclust,median,3.0,COMPLETED,Sobol,4.119791
0.0,6,1_0,maxclust,median,3.0,COMPLETED,Sobol,4.327721
0.0,16,1_0,maxclust,median,3.0,COMPLETED,Sobol,4.511647
0.0,1,1_0,maxclust,median,3.0,COMPLETED,Sobol,4.030007
0.0,23,1_0,maxclust,median,3.0,COMPLETED,Sobol,3.937381
0.2448248442649241,8,2_0,maxclust,weighted,3.0,COMPLETED,Sobol,3.997277
0.2448248442649241,2,2_0,maxclust,weighted,3.0,COMPLETED,Sobol,3.95352
0.2448248442649241,4,2_0,maxclust,weighted,3.0,COMPLETED,Sobol,3.812007
0.2556562863867082,22,3_0,maxclust,average,3.0,COMPLETED,Sobol,3.713475
0.2556562863867082,3,3_0,maxclust,average,3.0,COMPLETED,Sobol,4.044474
0.2556562863867082,20,3_0,maxclust,average,3.0,COMPLETED,Sobol,3.46956
0.3653613672401565,24,5_0,maxclust,ward,3.0,COMPLETED,Sobol,5.189503
0.3653613672401565,5,5_0,maxclust,ward,3.0,COMPLETED,Sobol,3.941407
0.3653613672401565,14,5_0,maxclust,ward,3.0,COMPLETED,Sobol,4.115744
0.3653613672401565,10,5_0,maxclust,ward,3.0,COMPLETED,Sobol,3.994436
