adjusted_rand_score,trial_index,arm_name,criterion,method,t,trial_status,generator_model,compute_time
0.0306600989554999,0,0_0,maxclust,average,2.0,COMPLETED,Sobol,3.364881
0.0306600989554999,23,0_0,maxclust,average,2.0,COMPLETED,Sobol,3.936971
0.0306600989554999,15,0_0,maxclust,average,2.0,COMPLETED,Sobol,4.174021
0.0306600989554999,7,0_0,maxclust,average,2.0,COMPLETED,Sobol,3.720823
0.0306600989554999,8,0_0,maxclust,average,2.0,COMPLETED,Sobol,3.470126
0.1553856185419306,10,10_0,maxclust,ward,2.0,COMPLETED,Sobol,4.89129
0.1553856185419306,14,10_0,maxclust,ward,2.0,COMPLETED,Sobol,5.825751
-0.001128699026871,19,19_0,maxclust,centroid,2.0,COMPLETED,Sobol,3.926266
0.0546462404180657,1,1_0,maxclust,weighted,2.0,COMPLETED,Sobol,3.38791
0.0546462404180657,13,1_0,maxclust,weighted,2.0,COMPLETED,Sobol,6.445933
0.0546462404180657,16,1_0,maxclust,weighted,2.0,COMPLETED,Sobol,4.081429
-0.001128699026871,2,2_0,maxclust,single,2.0,COMPLETED,Sobol,3.32607
-0.001128699026871,22,2_0,maxclust,single,2.0,COMPLETED,Sobol,4.392351
-0.001128699026871,17,2_0,maxclust,single,2.0,COMPLETED,Sobol,4.874414
-0.001128699026871,24,2_0,maxclust,single,2.0,COMPLETED,Sobol,5.749563
-0.001128699026871,12,2_0,maxclust,single,2.0,COMPLETED,Sobol,5.058355
-0.001128699026871,11,2_0,maxclust,single,2.0,COMPLETED,Sobol,5.417868
-0.001128699026871,5,2_0,maxclust,single,2.0,COMPLETED,Sobol,3.641232
0.0,4,3_0,maxclust,median,2.0,COMPLETED,Sobol,3.315633
0.0,9,3_0,maxclust,median,2.0,COMPLETED,Sobol,4.624563
0.0,21,3_0,maxclust,median,2.0,COMPLETED,Sobol,4.915882
0.0,18,3_0,maxclust,median,2.0,COMPLETED,Sobol,4.281037
0.0,3,3_0,maxclust,median,2.0,COMPLETED,Sobol,3.324013
0.0140614725087497,6,6_0,maxclust,complete,2.0,COMPLETED,Sobol,3.574017
0.0140614725087497,20,6_0,maxclust,complete,2.0,COMPLETED,Sobol,4.116942
