adjusted_rand_score,trial_index,arm_name,criterion,method,t,trial_status,generator_model,compute_time
0.0004190388331598,0,0_0,maxclust,complete,2.0,COMPLETED,Unknown,0.013906
0.0004190388331598,1,0_0,maxclust,complete,2.0,COMPLETED,Unknown,0.007214
0.0004190388331598,4,0_0,maxclust,complete,2.0,COMPLETED,Unknown,0.007047
0.0004190388331598,3,0_0,maxclust,complete,2.0,COMPLETED,Unknown,0.006992
0.0004190388331598,2,0_0,maxclust,complete,2.0,COMPLETED,Unknown,0.00707
0.0004190388331598,5,0_0,maxclust,complete,2.0,COMPLETED,Unknown,0.007039
0.01712719585003248,39,6_0,maxclust,ward,2.0,COMPLETED,BO,4.983224
0.01712719585003248,40,6_0,maxclust,ward,2.0,COMPLETED,BO,5.135744
0.01712719585003248,41,6_0,maxclust,ward,2.0,COMPLETED,BO,4.956145
0.01712719585003248,42,6_0,maxclust,ward,2.0,COMPLETED,BO,5.417271
0.01712719585003248,43,6_0,maxclust,ward,2.0,COMPLETED,BO,5.614655
0.01712719585003248,44,6_0,maxclust,ward,2.0,COMPLETED,BO,5.315786
0.01712719585003248,45,6_0,maxclust,ward,2.0,COMPLETED,BO,4.921205
0.01712719585003248,46,6_0,maxclust,ward,2.0,COMPLETED,BO,4.632419
0.01712719585003248,47,6_0,maxclust,ward,2.0,COMPLETED,BO,4.170779
0.01712719585003248,48,6_0,maxclust,ward,2.0,COMPLETED,BO,4.847887
0.01712719585003248,50,6_0,maxclust,ward,2.0,COMPLETED,BO,5.099527
0.01712719585003248,38,6_0,maxclust,ward,2.0,COMPLETED,BO,4.573947
0.01712719585003248,51,6_0,maxclust,ward,2.0,COMPLETED,BO,5.724431
0.01712719585003248,52,6_0,maxclust,ward,2.0,COMPLETED,BO,5.133904
0.01712719585003248,53,6_0,maxclust,ward,2.0,COMPLETED,BO,4.712455
0.01712719585003248,54,6_0,maxclust,ward,2.0,COMPLETED,BO,4.69899
0.01712719585003248,55,6_0,maxclust,ward,2.0,COMPLETED,BO,4.809702
0.01712719585003248,56,6_0,maxclust,ward,2.0,COMPLETED,BO,4.441251
0.01712719585003248,57,6_0,maxclust,ward,2.0,COMPLETED,BO,4.542488
0.01712719585003248,58,6_0,maxclust,ward,2.0,COMPLETED,BO,3.874446
0.01712719585003248,59,6_0,maxclust,ward,2.0,COMPLETED,BO,4.146793
0.0171271958500324,6,6_0,maxclust,ward,2.0,COMPLETED,Unknown,0.00703
0.0171271958500324,7,6_0,maxclust,ward,2.0,COMPLETED,Unknown,0.007631
0.01712719585003248,49,6_0,maxclust,ward,2.0,COMPLETED,BO,5.458997
0.01712719585003248,37,6_0,maxclust,ward,2.0,COMPLETED,BO,4.394203
0.01712719585003248,35,6_0,maxclust,ward,2.0,COMPLETED,BO,4.708059
0.0171271958500324,8,6_0,maxclust,ward,2.0,COMPLETED,Unknown,0.007071
0.01712719585003248,10,6_0,maxclust,ward,2.0,COMPLETED,BO,4.502643
0.01712719585003248,11,6_0,maxclust,ward,2.0,COMPLETED,BO,4.76152
0.01712719585003248,12,6_0,maxclust,ward,2.0,COMPLETED,BO,4.761346
0.01712719585003248,13,6_0,maxclust,ward,2.0,COMPLETED,BO,4.961537
0.01712719585003248,14,6_0,maxclust,ward,2.0,COMPLETED,BO,5.36449
0.01712719585003248,15,6_0,maxclust,ward,2.0,COMPLETED,BO,5.305772
0.01712719585003248,16,6_0,maxclust,ward,2.0,COMPLETED,BO,5.293755
0.01712719585003248,17,6_0,maxclust,ward,2.0,COMPLETED,BO,4.631097
0.01712719585003248,18,6_0,maxclust,ward,2.0,COMPLETED,BO,5.325491
0.01712719585003248,19,6_0,maxclust,ward,2.0,COMPLETED,BO,6.365904
0.01712719585003248,20,6_0,maxclust,ward,2.0,COMPLETED,BO,6.024542
0.01712719585003248,21,6_0,maxclust,ward,2.0,COMPLETED,BO,5.961006
0.01712719585003248,22,6_0,maxclust,ward,2.0,COMPLETED,BO,5.888418
0.01712719585003248,23,6_0,maxclust,ward,2.0,COMPLETED,BO,4.857379
0.01712719585003248,24,6_0,maxclust,ward,2.0,COMPLETED,BO,4.385048
0.01712719585003248,25,6_0,maxclust,ward,2.0,COMPLETED,BO,5.155084
0.01712719585003248,26,6_0,maxclust,ward,2.0,COMPLETED,BO,5.400638
0.01712719585003248,27,6_0,maxclust,ward,2.0,COMPLETED,BO,5.484087
0.01712719585003248,28,6_0,maxclust,ward,2.0,COMPLETED,BO,5.419533
0.01712719585003248,29,6_0,maxclust,ward,2.0,COMPLETED,BO,4.604491
0.01712719585003248,30,6_0,maxclust,ward,2.0,COMPLETED,BO,4.813335
0.01712719585003248,31,6_0,maxclust,ward,2.0,COMPLETED,BO,5.064367
0.01712719585003248,32,6_0,maxclust,ward,2.0,COMPLETED,BO,6.782478
0.01712719585003248,33,6_0,maxclust,ward,2.0,COMPLETED,BO,4.635245
0.01712719585003248,34,6_0,maxclust,ward,2.0,COMPLETED,BO,4.842477
0.01712719585003248,36,6_0,maxclust,ward,2.0,COMPLETED,BO,4.294125
0.0171271958500324,9,6_0,maxclust,ward,2.0,COMPLETED,Unknown,0.007053
