adjusted_rand_score,trial_index,arm_name,criterion,method,t,trial_status,generator_model,compute_time
0.9848566742730436,0,0_0,maxclust,ward,4.0,COMPLETED,Sobol,3.297302
0.9848566742730436,4,0_0,maxclust,ward,4.0,COMPLETED,Sobol,3.17302
0.9848566742730436,22,0_0,maxclust,ward,4.0,COMPLETED,Sobol,5.389863
0.9848566742730436,8,0_0,maxclust,ward,4.0,COMPLETED,Sobol,3.255944
0.9848566742730436,17,0_0,maxclust,ward,4.0,COMPLETED,Sobol,3.997688
0.9848566742730436,15,0_0,maxclust,ward,4.0,COMPLETED,Sobol,3.907809
0.9848566742730436,18,0_0,maxclust,ward,4.0,COMPLETED,Sobol,4.767075
-0.0009941848795322,13,13_0,maxclust,single,4.0,COMPLETED,Sobol,5.745435
-0.0009941848795322,23,13_0,maxclust,single,4.0,COMPLETED,Sobol,3.952603
0.0,19,1_0,maxclust,centroid,4.0,COMPLETED,Sobol,3.998743
0.0,1,1_0,maxclust,centroid,4.0,COMPLETED,Sobol,3.346369
0.0,11,1_0,maxclust,centroid,4.0,COMPLETED,Sobol,5.092551
0.97737458212551,5,2_0,maxclust,average,4.0,COMPLETED,Sobol,3.342356
0.97737458212551,21,2_0,maxclust,average,4.0,COMPLETED,Sobol,4.794604
0.97737458212551,2,2_0,maxclust,average,4.0,COMPLETED,Sobol,3.284905
0.97737458212551,10,2_0,maxclust,average,4.0,COMPLETED,Sobol,4.683321
0.97737458212551,6,2_0,maxclust,average,4.0,COMPLETED,Sobol,3.370205
-0.0013245405452405,3,3_0,maxclust,median,4.0,COMPLETED,Sobol,3.231836
-0.0013245405452405,14,3_0,maxclust,median,4.0,COMPLETED,Sobol,3.985232
0.6967321183161476,16,7_0,maxclust,complete,4.0,COMPLETED,Sobol,3.644672
0.6967321183161476,12,7_0,maxclust,complete,4.0,COMPLETED,Sobol,5.100821
0.6967321183161476,7,7_0,maxclust,complete,4.0,COMPLETED,Sobol,3.469111
0.9286378154675736,20,9_0,maxclust,weighted,4.0,COMPLETED,Sobol,4.636712
0.9286378154675736,24,9_0,maxclust,weighted,4.0,COMPLETED,Sobol,3.775887
0.9286378154675736,9,9_0,maxclust,weighted,4.0,COMPLETED,Sobol,6.21489
