adjusted_rand_score,trial_index,arm_name,criterion,method,t,trial_status,generator_model,compute_time
0.5564837950535996,0,0_0,maxclust,average,10.0,COMPLETED,Sobol,6.952396
0.5564837950535996,19,0_0,maxclust,average,10.0,COMPLETED,Sobol,5.615322
0.5564837950535996,20,0_0,maxclust,average,10.0,COMPLETED,Sobol,13.177978
0.5564837950535996,11,0_0,maxclust,average,10.0,COMPLETED,Sobol,5.082358
0.548848990398979,1,1_0,maxclust,weighted,10.0,COMPLETED,Sobol,6.813236
0.548848990398979,7,1_0,maxclust,weighted,10.0,COMPLETED,Sobol,5.968824
0.548848990398979,16,1_0,maxclust,weighted,10.0,COMPLETED,Sobol,12.926893
0.548848990398979,22,1_0,maxclust,weighted,10.0,COMPLETED,Sobol,7.123929
2.713760016356991e-06,12,2_0,maxclust,single,10.0,COMPLETED,Sobol,11.82915
2.713760016356991e-06,24,2_0,maxclust,single,10.0,COMPLETED,Sobol,12.53425
2.713760016356991e-06,17,2_0,maxclust,single,10.0,COMPLETED,Sobol,7.368337
2.713760016356991e-06,2,2_0,maxclust,single,10.0,COMPLETED,Sobol,5.969785
0.6672685503808172,3,3_0,maxclust,ward,10.0,COMPLETED,Sobol,5.998189
0.6672685503808172,21,3_0,maxclust,ward,10.0,COMPLETED,Sobol,7.974025
0.6672685503808172,8,3_0,maxclust,ward,10.0,COMPLETED,Sobol,12.858615
2.237163934494852e-06,18,4_0,maxclust,median,10.0,COMPLETED,Sobol,7.263237
2.237163934494852e-06,14,4_0,maxclust,median,10.0,COMPLETED,Sobol,6.017411
2.237163934494852e-06,4,4_0,maxclust,median,10.0,COMPLETED,Sobol,12.521468
4.946414711440836e-06,23,5_0,maxclust,centroid,10.0,COMPLETED,Sobol,6.256407
4.946414711440836e-06,15,5_0,maxclust,centroid,10.0,COMPLETED,Sobol,5.239176
4.946414711440836e-06,5,5_0,maxclust,centroid,10.0,COMPLETED,Sobol,7.540274
4.946414711440836e-06,9,5_0,maxclust,centroid,10.0,COMPLETED,Sobol,6.509304
0.3349087709502713,10,6_0,maxclust,complete,10.0,COMPLETED,Sobol,6.881863
0.3349087709502713,6,6_0,maxclust,complete,10.0,COMPLETED,Sobol,7.123784
0.3349087709502713,13,6_0,maxclust,complete,10.0,COMPLETED,Sobol,7.038177
