adjusted_rand_score,trial_index,arm_name,criterion,method,t,trial_status,generator_model
0.0157571943779536,0,0_0,maxclust,ward,3.0,COMPLETED,Sobol
0.0157571943779536,8,0_0,maxclust,ward,3.0,COMPLETED,Sobol
0.0157571943779536,22,0_0,maxclust,ward,3.0,COMPLETED,Sobol
0.0157571943779536,15,0_0,maxclust,ward,3.0,COMPLETED,Sobol
0.0157571943779536,17,0_0,maxclust,ward,3.0,COMPLETED,Sobol
0.0157571943779536,18,0_0,maxclust,ward,3.0,COMPLETED,Sobol
0.0157571943779536,4,0_0,maxclust,ward,3.0,COMPLETED,Sobol
0.0,13,13_0,maxclust,single,3.0,COMPLETED,Sobol
0.0,23,13_0,maxclust,single,3.0,COMPLETED,Sobol
0.0157571943779536,11,1_0,maxclust,centroid,3.0,COMPLETED,Sobol
0.0157571943779536,1,1_0,maxclust,centroid,3.0,COMPLETED,Sobol
0.0157571943779536,19,1_0,maxclust,centroid,3.0,COMPLETED,Sobol
0.0202052078605381,5,2_0,maxclust,average,3.0,COMPLETED,Sobol
0.0202052078605381,6,2_0,maxclust,average,3.0,COMPLETED,Sobol
0.0202052078605381,10,2_0,maxclust,average,3.0,COMPLETED,Sobol
0.0202052078605381,2,2_0,maxclust,average,3.0,COMPLETED,Sobol
0.0202052078605381,21,2_0,maxclust,average,3.0,COMPLETED,Sobol
0.0202052078605381,3,3_0,maxclust,median,3.0,COMPLETED,Sobol
0.0202052078605381,14,3_0,maxclust,median,3.0,COMPLETED,Sobol
0.0,7,7_0,maxclust,complete,3.0,COMPLETED,Sobol
0.0,12,7_0,maxclust,complete,3.0,COMPLETED,Sobol
0.0,16,7_0,maxclust,complete,3.0,COMPLETED,Sobol
0.0202052078605381,24,9_0,maxclust,weighted,3.0,COMPLETED,Sobol
0.0202052078605381,20,9_0,maxclust,weighted,3.0,COMPLETED,Sobol
0.0202052078605381,9,9_0,maxclust,weighted,3.0,COMPLETED,Sobol
