adjusted_rand_score,trial_index,arm_name,criterion,method,t,trial_status,generator_model,compute_time
0.0014356683152219,0,0_0,maxclust,single,11.0,COMPLETED,Sobol,4.108708
0.0014356683152219,7,0_0,maxclust,single,11.0,COMPLETED,Sobol,3.396109
0.0014356683152219,19,0_0,maxclust,single,11.0,COMPLETED,Sobol,3.514965
0.0014356683152219,9,0_0,maxclust,single,11.0,COMPLETED,Sobol,3.694886
0.068184124937057,13,11_0,maxclust,centroid,11.0,COMPLETED,Sobol,3.698065
0.068184124937057,15,11_0,maxclust,centroid,11.0,COMPLETED,Sobol,3.696913
0.068184124937057,17,11_0,maxclust,centroid,11.0,COMPLETED,Sobol,4.097073
0.068184124937057,11,11_0,maxclust,centroid,11.0,COMPLETED,Sobol,3.646454
0.068184124937057,21,11_0,maxclust,centroid,11.0,COMPLETED,Sobol,5.778891
0.117025441213917,18,18_0,maxclust,complete,11.0,COMPLETED,Sobol,3.860362
0.0071194816959277,12,1_0,maxclust,median,11.0,COMPLETED,Sobol,6.856588
0.0071194816959277,6,1_0,maxclust,median,11.0,COMPLETED,Sobol,3.369217
0.0071194816959277,16,1_0,maxclust,median,11.0,COMPLETED,Sobol,7.17751
0.0071194816959277,1,1_0,maxclust,median,11.0,COMPLETED,Sobol,4.043512
0.0071194816959277,23,1_0,maxclust,median,11.0,COMPLETED,Sobol,5.518543
0.1179672798305403,8,2_0,maxclust,weighted,11.0,COMPLETED,Sobol,6.658115
0.1179672798305403,2,2_0,maxclust,weighted,11.0,COMPLETED,Sobol,3.97071
0.1179672798305403,4,2_0,maxclust,weighted,11.0,COMPLETED,Sobol,6.77977
0.1076813128709972,22,3_0,maxclust,average,11.0,COMPLETED,Sobol,5.585625
0.1076813128709972,3,3_0,maxclust,average,11.0,COMPLETED,Sobol,3.894498
0.1076813128709972,20,3_0,maxclust,average,11.0,COMPLETED,Sobol,9.251312
0.1231418279244251,24,5_0,maxclust,ward,11.0,COMPLETED,Sobol,9.055565
0.1231418279244251,5,5_0,maxclust,ward,11.0,COMPLETED,Sobol,3.46384
0.1231418279244251,14,5_0,maxclust,ward,11.0,COMPLETED,Sobol,3.693593
0.1231418279244251,10,5_0,maxclust,ward,11.0,COMPLETED,Sobol,3.394079
