adjusted_rand_score,trial_index,arm_name,criterion,method,t,trial_status,generator_model
0.0035564614002831,0,0_0,maxclust,complete,5.0,COMPLETED,Sobol
0.0035564614002831,12,0_0,maxclust,complete,5.0,COMPLETED,Sobol
0.0035564614002831,7,0_0,maxclust,complete,5.0,COMPLETED,Sobol
0.0035564614002831,16,0_0,maxclust,complete,5.0,COMPLETED,Sobol
0.0035564614002831,2,0_0,maxclust,complete,5.0,COMPLETED,Sobol
0.0035564614002831,21,0_0,maxclust,complete,5.0,COMPLETED,Sobol
0.0312532763531319,10,1_0,maxclust,ward,5.0,COMPLETED,Sobol
0.0312532763531319,1,1_0,maxclust,ward,5.0,COMPLETED,Sobol
0.0312532763531319,24,1_0,maxclust,ward,5.0,COMPLETED,Sobol
0.0312532763531319,19,1_0,maxclust,ward,5.0,COMPLETED,Sobol
0.0312532763531319,23,1_0,maxclust,ward,5.0,COMPLETED,Sobol
0.0640682990096012,3,3_0,maxclust,weighted,5.0,COMPLETED,Sobol
0.0640682990096012,20,3_0,maxclust,weighted,5.0,COMPLETED,Sobol
0.0023918871755897,11,4_0,maxclust,median,5.0,COMPLETED,Sobol
0.0023918871755897,14,4_0,maxclust,median,5.0,COMPLETED,Sobol
0.0023918871755897,4,4_0,maxclust,median,5.0,COMPLETED,Sobol
-0.0035493148277212,5,5_0,maxclust,centroid,5.0,COMPLETED,Sobol
-0.0035493148277212,17,5_0,maxclust,centroid,5.0,COMPLETED,Sobol
-0.0035493148277212,15,5_0,maxclust,centroid,5.0,COMPLETED,Sobol
0.1322127894735014,6,6_0,maxclust,average,5.0,COMPLETED,Sobol
0.1322127894735014,13,6_0,maxclust,average,5.0,COMPLETED,Sobol
0.1322127894735014,22,6_0,maxclust,average,5.0,COMPLETED,Sobol
0.1322127894735014,9,6_0,maxclust,average,5.0,COMPLETED,Sobol
-0.0035493148277212,8,8_0,maxclust,single,5.0,COMPLETED,Sobol
-0.0035493148277212,18,8_0,maxclust,single,5.0,COMPLETED,Sobol
