adjusted_rand_score,trial_index,arm_name,criterion,method,t,trial_status,generator_model
0.0001039373315917,0,0_0,maxclust,centroid,7.0,COMPLETED,Sobol
0.0001039373315917,6,0_0,maxclust,centroid,7.0,COMPLETED,Sobol
0.0001039373315917,12,0_0,maxclust,centroid,7.0,COMPLETED,Sobol
0.0001039373315917,18,0_0,maxclust,centroid,7.0,COMPLETED,Sobol
0.1500109546215642,17,17_0,maxclust,weighted,7.0,COMPLETED,Sobol
0.1500109546215642,21,17_0,maxclust,weighted,7.0,COMPLETED,Sobol
0.4100766963619231,5,1_0,maxclust,ward,7.0,COMPLETED,Sobol
0.4100766963619231,1,1_0,maxclust,ward,7.0,COMPLETED,Sobol
0.4100766963619231,14,1_0,maxclust,ward,7.0,COMPLETED,Sobol
0.0001808579869993,13,2_0,maxclust,median,7.0,COMPLETED,Sobol
0.0001808579869993,15,2_0,maxclust,median,7.0,COMPLETED,Sobol
0.0001808579869993,20,2_0,maxclust,median,7.0,COMPLETED,Sobol
0.0001808579869993,2,2_0,maxclust,median,7.0,COMPLETED,Sobol
0.0009762915610487,4,3_0,maxclust,complete,7.0,COMPLETED,Sobol
0.0009762915610487,3,3_0,maxclust,complete,7.0,COMPLETED,Sobol
0.0009762915610487,10,3_0,maxclust,complete,7.0,COMPLETED,Sobol
0.0009762915610487,22,3_0,maxclust,complete,7.0,COMPLETED,Sobol
0.0001689247889559,8,7_0,maxclust,average,7.0,COMPLETED,Sobol
0.0001689247889559,16,7_0,maxclust,average,7.0,COMPLETED,Sobol
0.0001689247889559,23,7_0,maxclust,average,7.0,COMPLETED,Sobol
0.0001689247889559,24,7_0,maxclust,average,7.0,COMPLETED,Sobol
0.0001689247889559,11,7_0,maxclust,average,7.0,COMPLETED,Sobol
0.0001689247889559,7,7_0,maxclust,average,7.0,COMPLETED,Sobol
2.2628552644717634e-05,19,9_0,maxclust,single,7.0,COMPLETED,Sobol
2.2628552644717634e-05,9,9_0,maxclust,single,7.0,COMPLETED,Sobol
