adjusted_rand_score,trial_index,arm_name,criterion,method,t,trial_status,generator_model,compute_time
0.008248966089963,0,0_0,maxclust,complete,6.0,COMPLETED,Sobol,3.465209
0.008248966089963,7,0_0,maxclust,complete,6.0,COMPLETED,Sobol,3.302699
0.008248966089963,12,0_0,maxclust,complete,6.0,COMPLETED,Sobol,3.511031
0.008248966089963,16,0_0,maxclust,complete,6.0,COMPLETED,Sobol,2.894839
0.008248966089963,21,0_0,maxclust,complete,6.0,COMPLETED,Sobol,3.748147
0.008248966089963,2,0_0,maxclust,complete,6.0,COMPLETED,Sobol,3.409594
0.0086564195937037,10,1_0,maxclust,ward,6.0,COMPLETED,Sobol,3.324879
0.0086564195937037,1,1_0,maxclust,ward,6.0,COMPLETED,Sobol,3.341236
0.0086564195937037,24,1_0,maxclust,ward,6.0,COMPLETED,Sobol,3.307625
0.0086564195937037,23,1_0,maxclust,ward,6.0,COMPLETED,Sobol,3.358666
0.0086564195937037,19,1_0,maxclust,ward,6.0,COMPLETED,Sobol,3.265958
0.0086908274931045,3,3_0,maxclust,weighted,6.0,COMPLETED,Sobol,3.670074
0.0086908274931045,20,3_0,maxclust,weighted,6.0,COMPLETED,Sobol,2.917054
0.0111112581551883,14,4_0,maxclust,median,6.0,COMPLETED,Sobol,3.123217
0.0111112581551883,4,4_0,maxclust,median,6.0,COMPLETED,Sobol,3.387044
0.0111112581551883,11,4_0,maxclust,median,6.0,COMPLETED,Sobol,3.467193
0.0041220074249453,17,5_0,maxclust,centroid,6.0,COMPLETED,Sobol,4.467725
0.0041220074249453,15,5_0,maxclust,centroid,6.0,COMPLETED,Sobol,3.429061
0.0041220074249453,5,5_0,maxclust,centroid,6.0,COMPLETED,Sobol,2.999979
0.0062163139273094,22,6_0,maxclust,average,6.0,COMPLETED,Sobol,2.805324
0.0062163139273094,13,6_0,maxclust,average,6.0,COMPLETED,Sobol,4.9523
0.0062163139273094,6,6_0,maxclust,average,6.0,COMPLETED,Sobol,3.41177
0.0062163139273094,9,6_0,maxclust,average,6.0,COMPLETED,Sobol,4.961706
0.0093875119454731,18,8_0,maxclust,single,6.0,COMPLETED,Sobol,3.027321
0.0093875119454731,8,8_0,maxclust,single,6.0,COMPLETED,Sobol,2.805092
