adjusted_rand_score,trial_index,arm_name,criterion,method,t,trial_status,generator_model,compute_time
-0.0067358153438676,0,0_0,maxclust,weighted,2.0,COMPLETED,Sobol,5.11931
-0.0067358153438676,23,0_0,maxclust,weighted,2.0,COMPLETED,Sobol,3.24226
-0.0067358153438676,17,0_0,maxclust,weighted,2.0,COMPLETED,Sobol,3.64922
-0.0067358153438676,12,0_0,maxclust,weighted,2.0,COMPLETED,Sobol,8.134151
-0.0067358153438676,6,0_0,maxclust,weighted,2.0,COMPLETED,Sobol,4.394469
0.0735300835734257,18,11_0,maxclust,complete,2.0,COMPLETED,Sobol,3.650197
0.0735300835734257,11,11_0,maxclust,complete,2.0,COMPLETED,Sobol,3.357371
-0.0012077107013859,13,13_0,maxclust,centroid,2.0,COMPLETED,Sobol,4.975861
-0.0012077107013859,21,13_0,maxclust,centroid,2.0,COMPLETED,Sobol,3.275995
0.0286945105613193,14,1_0,maxclust,ward,2.0,COMPLETED,Sobol,5.061159
0.0286945105613193,19,1_0,maxclust,ward,2.0,COMPLETED,Sobol,3.647113
0.0286945105613193,1,1_0,maxclust,ward,2.0,COMPLETED,Sobol,5.149943
0.0286945105613193,10,1_0,maxclust,ward,2.0,COMPLETED,Sobol,3.542357
0.0286945105613193,24,1_0,maxclust,ward,2.0,COMPLETED,Sobol,6.0596
0.0,5,2_0,maxclust,median,2.0,COMPLETED,Sobol,4.37321
0.0,8,2_0,maxclust,median,2.0,COMPLETED,Sobol,7.456036
0.0,22,2_0,maxclust,median,2.0,COMPLETED,Sobol,3.22463
0.0,2,2_0,maxclust,median,2.0,COMPLETED,Sobol,4.919002
0.0,15,2_0,maxclust,median,2.0,COMPLETED,Sobol,5.002673
0.0527811104624664,3,3_0,maxclust,average,2.0,COMPLETED,Sobol,4.689663
0.0527811104624664,4,3_0,maxclust,average,2.0,COMPLETED,Sobol,9.070427
0.0055352902718952,7,7_0,maxclust,single,2.0,COMPLETED,Sobol,4.488165
0.0055352902718952,20,7_0,maxclust,single,2.0,COMPLETED,Sobol,6.488995
0.0055352902718952,16,7_0,maxclust,single,2.0,COMPLETED,Sobol,8.198468
0.0055352902718952,9,7_0,maxclust,single,2.0,COMPLETED,Sobol,3.371302
