adjusted_rand_score,trial_index,arm_name,criterion,method,t,trial_status,generator_model,compute_time
0.2544454334166413,0,0_0,maxclust,ward,2.0,COMPLETED,Sobol,99.538881
0.2544454334166413,4,0_0,maxclust,ward,2.0,COMPLETED,Sobol,101.996695
0.2544454334166413,22,0_0,maxclust,ward,2.0,COMPLETED,Sobol,94.076235
0.2544454334166413,8,0_0,maxclust,ward,2.0,COMPLETED,Sobol,104.598498
0.2544454334166413,17,0_0,maxclust,ward,2.0,COMPLETED,Sobol,107.162352
0.2544454334166413,15,0_0,maxclust,ward,2.0,COMPLETED,Sobol,91.813853
0.2544454334166413,18,0_0,maxclust,ward,2.0,COMPLETED,Sobol,91.362708
0.0006969202727396,13,13_0,maxclust,single,2.0,COMPLETED,Sobol,73.339117
0.0006969202727396,23,13_0,maxclust,single,2.0,COMPLETED,Sobol,70.723393
8.710739584614051e-05,19,1_0,maxclust,centroid,2.0,COMPLETED,Sobol,98.902819
8.710739584614051e-05,1,1_0,maxclust,centroid,2.0,COMPLETED,Sobol,100.96066
8.710739584614051e-05,11,1_0,maxclust,centroid,2.0,COMPLETED,Sobol,105.265465
0.2055532339073604,5,2_0,maxclust,average,2.0,COMPLETED,Sobol,102.151406
0.2055532339073604,21,2_0,maxclust,average,2.0,COMPLETED,Sobol,103.62596
0.2055532339073604,2,2_0,maxclust,average,2.0,COMPLETED,Sobol,117.610796
0.2055532339073604,10,2_0,maxclust,average,2.0,COMPLETED,Sobol,98.406238
0.2055532339073604,6,2_0,maxclust,average,2.0,COMPLETED,Sobol,109.298197
0.0006969202727396,3,3_0,maxclust,median,2.0,COMPLETED,Sobol,99.422796
0.0006969202727396,14,3_0,maxclust,median,2.0,COMPLETED,Sobol,103.291936
-0.0104109954866638,16,7_0,maxclust,complete,2.0,COMPLETED,Sobol,108.874264
-0.0104109954866638,12,7_0,maxclust,complete,2.0,COMPLETED,Sobol,109.445682
-0.0104109954866638,7,7_0,maxclust,complete,2.0,COMPLETED,Sobol,99.73831
-0.0184877195765636,20,9_0,maxclust,weighted,2.0,COMPLETED,Sobol,92.481464
-0.0184877195765636,24,9_0,maxclust,weighted,2.0,COMPLETED,Sobol,88.043185
-0.0184877195765636,9,9_0,maxclust,weighted,2.0,COMPLETED,Sobol,115.534843
