adjusted_rand_score,trial_index,arm_name,criterion,method,t,trial_status,generator_model,compute_time
0.0469648981823672,0,0_0,maxclust,average,5.0,COMPLETED,Sobol,6.607755
0.0469648981823672,23,0_0,maxclust,average,5.0,COMPLETED,Sobol,5.775015
0.0469648981823672,15,0_0,maxclust,average,5.0,COMPLETED,Sobol,7.664493
0.0469648981823672,7,0_0,maxclust,average,5.0,COMPLETED,Sobol,6.483738
0.0469648981823672,8,0_0,maxclust,average,5.0,COMPLETED,Sobol,6.037271
0.0680113685371001,10,10_0,maxclust,ward,5.0,COMPLETED,Sobol,6.742792
0.0680113685371001,14,10_0,maxclust,ward,5.0,COMPLETED,Sobol,6.603649
5.369994510319294e-05,19,19_0,maxclust,centroid,5.0,COMPLETED,Sobol,8.442934
0.0482706583757211,1,1_0,maxclust,weighted,5.0,COMPLETED,Sobol,6.087383
0.0482706583757211,13,1_0,maxclust,weighted,5.0,COMPLETED,Sobol,7.472524
0.0482706583757211,16,1_0,maxclust,weighted,5.0,COMPLETED,Sobol,7.383769
0.000158303808784,2,2_0,maxclust,single,5.0,COMPLETED,Sobol,4.646387
0.000158303808784,22,2_0,maxclust,single,5.0,COMPLETED,Sobol,5.677103
0.000158303808784,17,2_0,maxclust,single,5.0,COMPLETED,Sobol,6.614321
0.000158303808784,24,2_0,maxclust,single,5.0,COMPLETED,Sobol,4.805884
0.000158303808784,12,2_0,maxclust,single,5.0,COMPLETED,Sobol,4.790188
0.000158303808784,11,2_0,maxclust,single,5.0,COMPLETED,Sobol,5.001748
0.000158303808784,5,2_0,maxclust,single,5.0,COMPLETED,Sobol,4.745808
4.701088676539255e-05,4,3_0,maxclust,median,5.0,COMPLETED,Sobol,6.526536
4.701088676539255e-05,9,3_0,maxclust,median,5.0,COMPLETED,Sobol,7.403805
4.701088676539255e-05,21,3_0,maxclust,median,5.0,COMPLETED,Sobol,6.4854
4.701088676539255e-05,18,3_0,maxclust,median,5.0,COMPLETED,Sobol,7.86258
4.701088676539255e-05,3,3_0,maxclust,median,5.0,COMPLETED,Sobol,6.58353
0.0731061064682037,6,6_0,maxclust,complete,5.0,COMPLETED,Sobol,6.391562
0.0731061064682037,20,6_0,maxclust,complete,5.0,COMPLETED,Sobol,6.308686
