adjusted_rand_score,trial_index,arm_name,criterion,method,t,trial_status,generator_model
0.1627217982680442,0,0_0,maxclust,complete,10.0,COMPLETED,Sobol
0.1627217982680442,7,0_0,maxclust,complete,10.0,COMPLETED,Sobol
0.1627217982680442,12,0_0,maxclust,complete,10.0,COMPLETED,Sobol
0.1627217982680442,16,0_0,maxclust,complete,10.0,COMPLETED,Sobol
0.1627217982680442,21,0_0,maxclust,complete,10.0,COMPLETED,Sobol
0.1627217982680442,2,0_0,maxclust,complete,10.0,COMPLETED,Sobol
0.4204586750046459,19,1_0,maxclust,ward,10.0,COMPLETED,Sobol
0.4204586750046459,1,1_0,maxclust,ward,10.0,COMPLETED,Sobol
0.4204586750046459,23,1_0,maxclust,ward,10.0,COMPLETED,Sobol
0.4204586750046459,24,1_0,maxclust,ward,10.0,COMPLETED,Sobol
0.4204586750046459,10,1_0,maxclust,ward,10.0,COMPLETED,Sobol
0.0165793912423599,3,3_0,maxclust,weighted,10.0,COMPLETED,Sobol
0.0165793912423599,20,3_0,maxclust,weighted,10.0,COMPLETED,Sobol
3.7148521553585935e-06,4,4_0,maxclust,median,10.0,COMPLETED,Sobol
3.7148521553585935e-06,14,4_0,maxclust,median,10.0,COMPLETED,Sobol
3.7148521553585935e-06,11,4_0,maxclust,median,10.0,COMPLETED,Sobol
1.5862369787142055e-06,17,5_0,maxclust,centroid,10.0,COMPLETED,Sobol
1.5862369787142055e-06,15,5_0,maxclust,centroid,10.0,COMPLETED,Sobol
1.5862369787142055e-06,5,5_0,maxclust,centroid,10.0,COMPLETED,Sobol
0.0033789210919696,6,6_0,maxclust,average,10.0,COMPLETED,Sobol
0.0033789210919696,9,6_0,maxclust,average,10.0,COMPLETED,Sobol
0.0033789210919696,22,6_0,maxclust,average,10.0,COMPLETED,Sobol
0.0033789210919696,13,6_0,maxclust,average,10.0,COMPLETED,Sobol
4.946414711440836e-06,8,8_0,maxclust,single,10.0,COMPLETED,Sobol
4.946414711440836e-06,18,8_0,maxclust,single,10.0,COMPLETED,Sobol
