adjusted_rand_score,trial_index,arm_name,criterion,method,t,trial_status,generator_model
1.4765105429700638e-05,0,0_0,maxclust,average,2.0,COMPLETED,Sobol
1.4765105429700638e-05,11,0_0,maxclust,average,2.0,COMPLETED,Sobol
1.4765105429700638e-05,20,0_0,maxclust,average,2.0,COMPLETED,Sobol
1.4765105429700638e-05,19,0_0,maxclust,average,2.0,COMPLETED,Sobol
1.4765105429700638e-05,7,1_0,maxclust,weighted,2.0,COMPLETED,Sobol
1.4765105429700638e-05,22,1_0,maxclust,weighted,2.0,COMPLETED,Sobol
1.4765105429700638e-05,1,1_0,maxclust,weighted,2.0,COMPLETED,Sobol
1.4765105429700638e-05,16,1_0,maxclust,weighted,2.0,COMPLETED,Sobol
1.4765105429700638e-05,12,2_0,maxclust,single,2.0,COMPLETED,Sobol
1.4765105429700638e-05,24,2_0,maxclust,single,2.0,COMPLETED,Sobol
1.4765105429700638e-05,2,2_0,maxclust,single,2.0,COMPLETED,Sobol
1.4765105429700638e-05,17,2_0,maxclust,single,2.0,COMPLETED,Sobol
-0.0028508767872734,3,3_0,maxclust,ward,2.0,COMPLETED,Sobol
-0.0028508767872734,21,3_0,maxclust,ward,2.0,COMPLETED,Sobol
-0.0028508767872734,8,3_0,maxclust,ward,2.0,COMPLETED,Sobol
1.4765105429700638e-05,14,4_0,maxclust,median,2.0,COMPLETED,Sobol
1.4765105429700638e-05,4,4_0,maxclust,median,2.0,COMPLETED,Sobol
1.4765105429700638e-05,18,4_0,maxclust,median,2.0,COMPLETED,Sobol
1.4765105429700638e-05,5,5_0,maxclust,centroid,2.0,COMPLETED,Sobol
1.4765105429700638e-05,23,5_0,maxclust,centroid,2.0,COMPLETED,Sobol
1.4765105429700638e-05,15,5_0,maxclust,centroid,2.0,COMPLETED,Sobol
1.4765105429700638e-05,9,5_0,maxclust,centroid,2.0,COMPLETED,Sobol
1.4765105429700638e-05,13,6_0,maxclust,complete,2.0,COMPLETED,Sobol
1.4765105429700638e-05,6,6_0,maxclust,complete,2.0,COMPLETED,Sobol
1.4765105429700638e-05,10,6_0,maxclust,complete,2.0,COMPLETED,Sobol
