adjusted_rand_score,trial_index,arm_name,criterion,method,t,trial_status,generator_model,compute_time
0.3520091378881373,0,0_0,maxclust,average,7.0,COMPLETED,Unknown,0.014553
0.3520091378881373,1,0_0,maxclust,average,7.0,COMPLETED,Unknown,0.006683
0.3520091378881373,4,0_0,maxclust,average,7.0,COMPLETED,Unknown,0.006499
0.3520091378881373,3,0_0,maxclust,average,7.0,COMPLETED,Unknown,0.006522
0.3520091378881373,2,0_0,maxclust,average,7.0,COMPLETED,Unknown,0.006579
0.514459483229717,39,5_0,maxclust,ward,7.0,COMPLETED,BO,4.505073
0.514459483229717,40,5_0,maxclust,ward,7.0,COMPLETED,BO,5.582597
0.514459483229717,41,5_0,maxclust,ward,7.0,COMPLETED,BO,3.333491
0.514459483229717,42,5_0,maxclust,ward,7.0,COMPLETED,BO,4.390938
0.514459483229717,43,5_0,maxclust,ward,7.0,COMPLETED,BO,5.697351
0.514459483229717,44,5_0,maxclust,ward,7.0,COMPLETED,BO,3.424773
0.514459483229717,45,5_0,maxclust,ward,7.0,COMPLETED,BO,13.683783
0.514459483229717,46,5_0,maxclust,ward,7.0,COMPLETED,BO,4.886517
0.514459483229717,47,5_0,maxclust,ward,7.0,COMPLETED,BO,6.651154
0.514459483229717,48,5_0,maxclust,ward,7.0,COMPLETED,BO,3.555867
0.514459483229717,50,5_0,maxclust,ward,7.0,COMPLETED,BO,3.059749
0.514459483229717,38,5_0,maxclust,ward,7.0,COMPLETED,BO,4.426503
0.514459483229717,51,5_0,maxclust,ward,7.0,COMPLETED,BO,3.574216
0.514459483229717,52,5_0,maxclust,ward,7.0,COMPLETED,BO,4.71859
0.514459483229717,53,5_0,maxclust,ward,7.0,COMPLETED,BO,4.051709
0.514459483229717,54,5_0,maxclust,ward,7.0,COMPLETED,BO,4.483907
0.514459483229717,55,5_0,maxclust,ward,7.0,COMPLETED,BO,4.634261
0.514459483229717,5,5_0,maxclust,ward,7.0,COMPLETED,Unknown,0.006532
0.514459483229717,56,5_0,maxclust,ward,7.0,COMPLETED,BO,3.573028
0.514459483229717,57,5_0,maxclust,ward,7.0,COMPLETED,BO,3.053942
0.514459483229717,58,5_0,maxclust,ward,7.0,COMPLETED,BO,3.602966
0.514459483229717,59,5_0,maxclust,ward,7.0,COMPLETED,BO,3.224979
0.514459483229717,6,5_0,maxclust,ward,7.0,COMPLETED,Unknown,0.006544
0.514459483229717,49,5_0,maxclust,ward,7.0,COMPLETED,BO,5.38922
0.514459483229717,37,5_0,maxclust,ward,7.0,COMPLETED,BO,3.730282
0.514459483229717,35,5_0,maxclust,ward,7.0,COMPLETED,BO,3.473693
0.514459483229717,21,5_0,maxclust,ward,7.0,COMPLETED,BO,3.886717
0.514459483229717,11,5_0,maxclust,ward,7.0,COMPLETED,BO,4.075878
0.514459483229717,12,5_0,maxclust,ward,7.0,COMPLETED,BO,3.997082
0.514459483229717,13,5_0,maxclust,ward,7.0,COMPLETED,BO,3.858973
0.514459483229717,14,5_0,maxclust,ward,7.0,COMPLETED,BO,3.843578
0.514459483229717,15,5_0,maxclust,ward,7.0,COMPLETED,BO,3.925828
0.514459483229717,16,5_0,maxclust,ward,7.0,COMPLETED,BO,4.265106
0.514459483229717,17,5_0,maxclust,ward,7.0,COMPLETED,BO,7.684696
0.514459483229717,18,5_0,maxclust,ward,7.0,COMPLETED,BO,3.554097
0.514459483229717,19,5_0,maxclust,ward,7.0,COMPLETED,BO,3.80007
0.514459483229717,20,5_0,maxclust,ward,7.0,COMPLETED,BO,4.133671
0.514459483229717,36,5_0,maxclust,ward,7.0,COMPLETED,BO,3.322649
0.514459483229717,10,5_0,maxclust,ward,7.0,COMPLETED,BO,4.197605
0.514459483229717,22,5_0,maxclust,ward,7.0,COMPLETED,BO,3.586139
0.514459483229717,24,5_0,maxclust,ward,7.0,COMPLETED,BO,4.516478
0.514459483229717,25,5_0,maxclust,ward,7.0,COMPLETED,BO,4.683165
0.514459483229717,26,5_0,maxclust,ward,7.0,COMPLETED,BO,6.072219
0.514459483229717,27,5_0,maxclust,ward,7.0,COMPLETED,BO,4.301785
0.514459483229717,28,5_0,maxclust,ward,7.0,COMPLETED,BO,4.084435
0.514459483229717,29,5_0,maxclust,ward,7.0,COMPLETED,BO,4.229801
0.514459483229717,30,5_0,maxclust,ward,7.0,COMPLETED,BO,4.550231
0.514459483229717,31,5_0,maxclust,ward,7.0,COMPLETED,BO,4.879758
0.514459483229717,32,5_0,maxclust,ward,7.0,COMPLETED,BO,5.524161
0.514459483229717,33,5_0,maxclust,ward,7.0,COMPLETED,BO,3.643258
0.514459483229717,34,5_0,maxclust,ward,7.0,COMPLETED,BO,3.748429
0.514459483229717,23,5_0,maxclust,ward,7.0,COMPLETED,BO,4.461097
0.2326574732025169,7,7_0,maxclust,centroid,7.0,COMPLETED,Unknown,0.006892
0.3821820205793785,8,8_0,maxclust,weighted,7.0,COMPLETED,Unknown,0.006516
0.3821820205793785,9,8_0,maxclust,weighted,7.0,COMPLETED,Unknown,0.006529
