adjusted_rand_score,trial_index,arm_name,criterion,method,t,trial_status,generator_model,compute_time
0.3520091378881373,0,0_0,maxclust,average,7.0,COMPLETED,Sobol,6.211573
0.3520091378881373,19,0_0,maxclust,average,7.0,COMPLETED,Sobol,5.319917
0.3520091378881373,20,0_0,maxclust,average,7.0,COMPLETED,Sobol,10.250895
0.3520091378881373,11,0_0,maxclust,average,7.0,COMPLETED,Sobol,5.949
0.3821820205793785,1,1_0,maxclust,weighted,7.0,COMPLETED,Sobol,6.451697
0.3821820205793785,7,1_0,maxclust,weighted,7.0,COMPLETED,Sobol,5.456988
0.3821820205793785,16,1_0,maxclust,weighted,7.0,COMPLETED,Sobol,9.979075
0.3821820205793785,22,1_0,maxclust,weighted,7.0,COMPLETED,Sobol,6.00927
0.0587139469064023,12,2_0,maxclust,single,7.0,COMPLETED,Sobol,11.711131
0.0587139469064023,24,2_0,maxclust,single,7.0,COMPLETED,Sobol,9.310678
0.0587139469064023,17,2_0,maxclust,single,7.0,COMPLETED,Sobol,5.980142
0.0587139469064023,2,2_0,maxclust,single,7.0,COMPLETED,Sobol,6.080812
0.514459483229717,3,3_0,maxclust,ward,7.0,COMPLETED,Sobol,5.655377
0.514459483229717,21,3_0,maxclust,ward,7.0,COMPLETED,Sobol,6.487256
0.514459483229717,8,3_0,maxclust,ward,7.0,COMPLETED,Sobol,11.984802
0.3001610019466296,18,4_0,maxclust,median,7.0,COMPLETED,Sobol,6.068365
0.3001610019466296,14,4_0,maxclust,median,7.0,COMPLETED,Sobol,6.009557
0.3001610019466296,4,4_0,maxclust,median,7.0,COMPLETED,Sobol,11.425489
0.2326574732025169,23,5_0,maxclust,centroid,7.0,COMPLETED,Sobol,5.656413
0.2326574732025169,15,5_0,maxclust,centroid,7.0,COMPLETED,Sobol,5.366029
0.2326574732025169,5,5_0,maxclust,centroid,7.0,COMPLETED,Sobol,6.247425
0.2326574732025169,9,5_0,maxclust,centroid,7.0,COMPLETED,Sobol,6.12263
0.3734632601110693,10,6_0,maxclust,complete,7.0,COMPLETED,Sobol,6.557515
0.3734632601110693,6,6_0,maxclust,complete,7.0,COMPLETED,Sobol,6.228456
0.3734632601110693,13,6_0,maxclust,complete,7.0,COMPLETED,Sobol,4.947868
