adjusted_rand_score,trial_index,arm_name,eps,metric,min_samples,trial_status,generator_model
0.2924511292005045,0,0_0,0.268190016746521,cosine,37.0,COMPLETED,Sobol
0.0,10,10_0,0.5977174405567348,cosine,32.0,COMPLETED,Sobol
0.0,11,11_0,0.0417328675836324,cosine,94.0,COMPLETED,Sobol
0.021972166065877,12,12_0,0.1306508683990687,cosine,45.0,COMPLETED,Sobol
0.0,13,13_0,0.6954678388331086,cosine,83.0,COMPLETED,Sobol
0.0,14,14_0,0.7637813330609351,cosine,7.0,COMPLETED,Sobol
0.3091464549908264,15,15_0,0.3159792186375707,cosine,69.0,COMPLETED,Sobol
-6.059661059197267e-05,16,16_0,0.3699396375808865,cosine,4.0,COMPLETED,Sobol
0.0,17,17_0,0.8031226671468467,cosine,65.0,COMPLETED,Sobol
0.0,18,18_0,0.7350528178270906,cosine,49.0,COMPLETED,Sobol
0.1553685803963456,19,19_0,0.184854932250455,cosine,85.0,COMPLETED,Sobol
0.0,1,1_0,0.8427530800011009,cosine,100.0,COMPLETED,Sobol
0.0,20,20_0,0.0169935794956982,cosine,29.0,COMPLETED,Sobol
0.0,21,21_0,0.5914957863613963,cosine,91.0,COMPLETED,Sobol
0.0,22,22_0,0.9013299042731524,cosine,24.0,COMPLETED,Sobol
-1.8692866129495355e-05,23,23_0,0.4593144772462547,cosine,61.0,COMPLETED,Sobol
-4.308905552635808e-05,24,24_0,0.3823495272397995,cosine,43.0,COMPLETED,Sobol
0.0,2,2_0,0.6496276019494981,cosine,14.0,COMPLETED,Sobol
0.222156541925334,3,3_0,0.2076731623653322,cosine,52.0,COMPLETED,Sobol
0.0212538751008927,4,4_0,0.1186944864057004,cosine,13.0,COMPLETED,Sobol
0.0,5,5_0,0.5519383547008038,cosine,75.0,COMPLETED,Sobol
0.0,6,6_0,0.9867058141604066,cosine,40.0,COMPLETED,Sobol
-7.209770031526236e-05,7,7_0,0.4365688862837851,cosine,77.0,COMPLETED,Sobol
0.0,8,8_0,0.4842974251136184,cosine,21.0,COMPLETED,Sobol
0.0,9,9_0,0.9077952182479204,cosine,58.0,COMPLETED,Sobol
