adjusted_rand_score,trial_index,arm_name,criterion,method,t,trial_status,generator_model,compute_time
0.1607466882626304,0,0_0,maxclust,weighted,10.0,COMPLETED,Unknown,0.017168
0.1607466882626304,1,0_0,maxclust,weighted,10.0,COMPLETED,Unknown,0.00695
0.1607466882626304,4,0_0,maxclust,weighted,10.0,COMPLETED,Unknown,0.006894
0.1607466882626304,3,0_0,maxclust,weighted,10.0,COMPLETED,Unknown,0.006893
0.1607466882626304,2,0_0,maxclust,weighted,10.0,COMPLETED,Unknown,0.006895
8.999258594912719e-05,5,5_0,maxclust,median,10.0,COMPLETED,Unknown,0.006949
0.3771307435835044,39,6_0,maxclust,ward,10.0,COMPLETED,BO,5.640094
0.3771307435835044,40,6_0,maxclust,ward,10.0,COMPLETED,BO,5.354426
0.3771307435835044,41,6_0,maxclust,ward,10.0,COMPLETED,BO,5.090182
0.3771307435835044,42,6_0,maxclust,ward,10.0,COMPLETED,BO,4.539628
0.3771307435835044,43,6_0,maxclust,ward,10.0,COMPLETED,BO,4.102471
0.3771307435835044,44,6_0,maxclust,ward,10.0,COMPLETED,BO,4.459137
0.3771307435835044,45,6_0,maxclust,ward,10.0,COMPLETED,BO,5.260662
0.3771307435835044,46,6_0,maxclust,ward,10.0,COMPLETED,BO,3.523405
0.3771307435835044,47,6_0,maxclust,ward,10.0,COMPLETED,BO,3.861458
0.3771307435835044,48,6_0,maxclust,ward,10.0,COMPLETED,BO,3.54713
0.3771307435835044,50,6_0,maxclust,ward,10.0,COMPLETED,BO,4.35531
0.3771307435835044,38,6_0,maxclust,ward,10.0,COMPLETED,BO,5.972317
0.3771307435835044,51,6_0,maxclust,ward,10.0,COMPLETED,BO,5.413709
0.3771307435835044,52,6_0,maxclust,ward,10.0,COMPLETED,BO,3.79321
0.3771307435835044,53,6_0,maxclust,ward,10.0,COMPLETED,BO,4.528599
0.3771307435835044,54,6_0,maxclust,ward,10.0,COMPLETED,BO,4.323711
0.3771307435835044,55,6_0,maxclust,ward,10.0,COMPLETED,BO,4.309849
0.3771307435835044,56,6_0,maxclust,ward,10.0,COMPLETED,BO,4.074108
0.3771307435835044,57,6_0,maxclust,ward,10.0,COMPLETED,BO,3.895248
0.3771307435835044,58,6_0,maxclust,ward,10.0,COMPLETED,BO,4.085649
0.3771307435835044,59,6_0,maxclust,ward,10.0,COMPLETED,BO,3.803984
0.3771307435835044,6,6_0,maxclust,ward,10.0,COMPLETED,Unknown,0.006884
0.3771307435835044,7,6_0,maxclust,ward,10.0,COMPLETED,Unknown,0.007279
0.3771307435835044,49,6_0,maxclust,ward,10.0,COMPLETED,BO,3.868221
0.3771307435835044,37,6_0,maxclust,ward,10.0,COMPLETED,BO,6.418336
0.3771307435835044,35,6_0,maxclust,ward,10.0,COMPLETED,BO,6.203209
0.3771307435835044,8,6_0,maxclust,ward,10.0,COMPLETED,Unknown,0.006902
0.3771307435835044,10,6_0,maxclust,ward,10.0,COMPLETED,BO,7.181474
0.3771307435835044,11,6_0,maxclust,ward,10.0,COMPLETED,BO,4.124316
0.3771307435835044,12,6_0,maxclust,ward,10.0,COMPLETED,BO,3.652718
0.3771307435835044,13,6_0,maxclust,ward,10.0,COMPLETED,BO,4.032051
0.3771307435835044,14,6_0,maxclust,ward,10.0,COMPLETED,BO,3.431867
0.3771307435835044,15,6_0,maxclust,ward,10.0,COMPLETED,BO,3.643923
0.3771307435835044,16,6_0,maxclust,ward,10.0,COMPLETED,BO,4.0997
0.3771307435835044,17,6_0,maxclust,ward,10.0,COMPLETED,BO,4.134803
0.3771307435835044,18,6_0,maxclust,ward,10.0,COMPLETED,BO,4.329558
0.3771307435835044,19,6_0,maxclust,ward,10.0,COMPLETED,BO,3.978715
0.3771307435835044,20,6_0,maxclust,ward,10.0,COMPLETED,BO,3.723113
0.3771307435835044,21,6_0,maxclust,ward,10.0,COMPLETED,BO,3.592016
0.3771307435835044,22,6_0,maxclust,ward,10.0,COMPLETED,BO,4.947395
0.3771307435835044,23,6_0,maxclust,ward,10.0,COMPLETED,BO,5.116154
0.3771307435835044,24,6_0,maxclust,ward,10.0,COMPLETED,BO,5.265248
0.3771307435835044,25,6_0,maxclust,ward,10.0,COMPLETED,BO,6.120603
0.3771307435835044,26,6_0,maxclust,ward,10.0,COMPLETED,BO,5.451581
0.3771307435835044,27,6_0,maxclust,ward,10.0,COMPLETED,BO,4.5961
0.3771307435835044,28,6_0,maxclust,ward,10.0,COMPLETED,BO,4.884146
0.3771307435835044,29,6_0,maxclust,ward,10.0,COMPLETED,BO,4.566639
0.3771307435835044,30,6_0,maxclust,ward,10.0,COMPLETED,BO,3.85786
0.3771307435835044,31,6_0,maxclust,ward,10.0,COMPLETED,BO,3.52286
0.3771307435835044,32,6_0,maxclust,ward,10.0,COMPLETED,BO,4.164414
0.3771307435835044,33,6_0,maxclust,ward,10.0,COMPLETED,BO,5.57127
0.3771307435835044,34,6_0,maxclust,ward,10.0,COMPLETED,BO,6.027259
0.3771307435835044,36,6_0,maxclust,ward,10.0,COMPLETED,BO,6.841587
0.0001186825855183,9,9_0,maxclust,centroid,10.0,COMPLETED,Unknown,0.006901
