adjusted_rand_score,trial_index,arm_name,criterion,method,t,trial_status,generator_model,compute_time
-1.7739407540124248e-06,0,0_0,maxclust,centroid,10.0,COMPLETED,Unknown,0.014616
-1.7739407540124248e-06,1,0_0,maxclust,centroid,10.0,COMPLETED,Unknown,0.006998
-1.7739407540124248e-06,3,0_0,maxclust,centroid,10.0,COMPLETED,Unknown,0.00691
-1.7739407540124248e-06,2,0_0,maxclust,centroid,10.0,COMPLETED,Unknown,0.006926
0.1769071225763935,5,4_0,maxclust,weighted,10.0,COMPLETED,Unknown,0.006953
0.1769071225763935,4,4_0,maxclust,weighted,10.0,COMPLETED,Unknown,0.006912
0.6263317454948245,39,6_0,maxclust,ward,10.0,COMPLETED,BO,4.721903
0.6263317454948245,40,6_0,maxclust,ward,10.0,COMPLETED,BO,4.668713
0.6263317454948245,41,6_0,maxclust,ward,10.0,COMPLETED,BO,4.759266
0.6263317454948245,42,6_0,maxclust,ward,10.0,COMPLETED,BO,3.858814
0.6263317454948245,43,6_0,maxclust,ward,10.0,COMPLETED,BO,3.578501
0.6263317454948245,44,6_0,maxclust,ward,10.0,COMPLETED,BO,4.249184
0.6263317454948245,45,6_0,maxclust,ward,10.0,COMPLETED,BO,4.644329
0.6263317454948245,46,6_0,maxclust,ward,10.0,COMPLETED,BO,5.243609
0.6263317454948245,47,6_0,maxclust,ward,10.0,COMPLETED,BO,5.962493
0.6263317454948245,48,6_0,maxclust,ward,10.0,COMPLETED,BO,6.782064
0.6263317454948245,50,6_0,maxclust,ward,10.0,COMPLETED,BO,4.990716
0.6263317454948245,38,6_0,maxclust,ward,10.0,COMPLETED,BO,4.425517
0.6263317454948245,51,6_0,maxclust,ward,10.0,COMPLETED,BO,5.37919
0.6263317454948245,52,6_0,maxclust,ward,10.0,COMPLETED,BO,5.043809
0.6263317454948245,53,6_0,maxclust,ward,10.0,COMPLETED,BO,5.30212
0.6263317454948245,54,6_0,maxclust,ward,10.0,COMPLETED,BO,5.352095
0.6263317454948245,55,6_0,maxclust,ward,10.0,COMPLETED,BO,5.58646
0.6263317454948245,56,6_0,maxclust,ward,10.0,COMPLETED,BO,5.438796
0.6263317454948245,57,6_0,maxclust,ward,10.0,COMPLETED,BO,5.010437
0.6263317454948245,58,6_0,maxclust,ward,10.0,COMPLETED,BO,4.184197
0.6263317454948245,59,6_0,maxclust,ward,10.0,COMPLETED,BO,3.9653
0.6263317454948245,6,6_0,maxclust,ward,10.0,COMPLETED,Unknown,0.006912
0.6263317454948245,7,6_0,maxclust,ward,10.0,COMPLETED,Unknown,0.007417
0.6263317454948245,49,6_0,maxclust,ward,10.0,COMPLETED,BO,6.845846
0.6263317454948245,37,6_0,maxclust,ward,10.0,COMPLETED,BO,4.268423
0.6263317454948245,35,6_0,maxclust,ward,10.0,COMPLETED,BO,5.55756
0.6263317454948245,8,6_0,maxclust,ward,10.0,COMPLETED,Unknown,0.006909
0.6263317454948245,10,6_0,maxclust,ward,10.0,COMPLETED,BO,4.410918
0.6263317454948245,11,6_0,maxclust,ward,10.0,COMPLETED,BO,4.185464
0.6263317454948245,12,6_0,maxclust,ward,10.0,COMPLETED,BO,4.31032
0.6263317454948245,13,6_0,maxclust,ward,10.0,COMPLETED,BO,4.034939
0.6263317454948245,14,6_0,maxclust,ward,10.0,COMPLETED,BO,3.868883
0.6263317454948245,15,6_0,maxclust,ward,10.0,COMPLETED,BO,3.562
0.6263317454948245,16,6_0,maxclust,ward,10.0,COMPLETED,BO,3.470578
0.6263317454948245,17,6_0,maxclust,ward,10.0,COMPLETED,BO,3.638085
0.6263317454948245,18,6_0,maxclust,ward,10.0,COMPLETED,BO,3.624651
0.6263317454948245,19,6_0,maxclust,ward,10.0,COMPLETED,BO,4.002496
0.6263317454948245,20,6_0,maxclust,ward,10.0,COMPLETED,BO,4.577592
0.6263317454948245,21,6_0,maxclust,ward,10.0,COMPLETED,BO,4.635589
0.6263317454948245,22,6_0,maxclust,ward,10.0,COMPLETED,BO,4.572353
0.6263317454948245,23,6_0,maxclust,ward,10.0,COMPLETED,BO,4.460639
0.6263317454948245,24,6_0,maxclust,ward,10.0,COMPLETED,BO,4.249169
0.6263317454948245,25,6_0,maxclust,ward,10.0,COMPLETED,BO,3.746554
0.6263317454948245,26,6_0,maxclust,ward,10.0,COMPLETED,BO,4.135835
0.6263317454948245,27,6_0,maxclust,ward,10.0,COMPLETED,BO,4.39618
0.6263317454948245,28,6_0,maxclust,ward,10.0,COMPLETED,BO,4.894748
0.6263317454948245,29,6_0,maxclust,ward,10.0,COMPLETED,BO,4.718391
0.6263317454948245,30,6_0,maxclust,ward,10.0,COMPLETED,BO,4.476851
0.6263317454948245,31,6_0,maxclust,ward,10.0,COMPLETED,BO,4.774484
0.6263317454948245,32,6_0,maxclust,ward,10.0,COMPLETED,BO,6.007819
0.6263317454948245,33,6_0,maxclust,ward,10.0,COMPLETED,BO,6.022432
0.6263317454948245,34,6_0,maxclust,ward,10.0,COMPLETED,BO,5.819121
0.6263317454948245,36,6_0,maxclust,ward,10.0,COMPLETED,BO,5.276411
5.660764908801874e-07,9,9_0,maxclust,median,10.0,COMPLETED,Unknown,0.006912
