adjusted_rand_score,trial_index,arm_name,criterion,method,t,trial_status,generator_model,compute_time
0.2556562863867082,0,0_0,maxclust,average,3.0,COMPLETED,Unknown,0.013158
0.2556562863867082,1,0_0,maxclust,average,3.0,COMPLETED,Unknown,0.007033
0.2556562863867082,4,0_0,maxclust,average,3.0,COMPLETED,Unknown,0.006858
0.2556562863867082,3,0_0,maxclust,average,3.0,COMPLETED,Unknown,0.006855
0.2556562863867082,2,0_0,maxclust,average,3.0,COMPLETED,Unknown,0.006864
0.3653613672401565,39,5_0,maxclust,ward,3.0,COMPLETED,BO,4.079188
0.3653613672401565,40,5_0,maxclust,ward,3.0,COMPLETED,BO,4.899375
0.3653613672401565,41,5_0,maxclust,ward,3.0,COMPLETED,BO,4.434237
0.3653613672401565,42,5_0,maxclust,ward,3.0,COMPLETED,BO,4.442656
0.3653613672401565,43,5_0,maxclust,ward,3.0,COMPLETED,BO,4.468755
0.3653613672401565,44,5_0,maxclust,ward,3.0,COMPLETED,BO,3.959294
0.3653613672401565,45,5_0,maxclust,ward,3.0,COMPLETED,BO,4.18728
0.3653613672401565,46,5_0,maxclust,ward,3.0,COMPLETED,BO,4.208794
0.3653613672401565,47,5_0,maxclust,ward,3.0,COMPLETED,BO,4.495556
0.3653613672401565,48,5_0,maxclust,ward,3.0,COMPLETED,BO,5.020139
0.3653613672401565,50,5_0,maxclust,ward,3.0,COMPLETED,BO,6.140734
0.3653613672401565,38,5_0,maxclust,ward,3.0,COMPLETED,BO,5.616607
0.3653613672401565,51,5_0,maxclust,ward,3.0,COMPLETED,BO,4.541094
0.3653613672401565,52,5_0,maxclust,ward,3.0,COMPLETED,BO,4.723606
0.3653613672401565,53,5_0,maxclust,ward,3.0,COMPLETED,BO,5.381405
0.3653613672401565,54,5_0,maxclust,ward,3.0,COMPLETED,BO,4.909132
0.3653613672401565,55,5_0,maxclust,ward,3.0,COMPLETED,BO,7.480608
0.3653613672401565,5,5_0,maxclust,ward,3.0,COMPLETED,Unknown,0.00691
0.3653613672401565,56,5_0,maxclust,ward,3.0,COMPLETED,BO,6.190933
0.3653613672401565,57,5_0,maxclust,ward,3.0,COMPLETED,BO,5.276015
0.3653613672401565,58,5_0,maxclust,ward,3.0,COMPLETED,BO,4.455225
0.3653613672401565,59,5_0,maxclust,ward,3.0,COMPLETED,BO,3.367753
0.3653613672401565,6,5_0,maxclust,ward,3.0,COMPLETED,Unknown,0.006858
0.3653613672401565,49,5_0,maxclust,ward,3.0,COMPLETED,BO,4.738386
0.3653613672401565,37,5_0,maxclust,ward,3.0,COMPLETED,BO,4.245939
0.3653613672401565,35,5_0,maxclust,ward,3.0,COMPLETED,BO,3.781268
0.3653613672401565,21,5_0,maxclust,ward,3.0,COMPLETED,BO,4.15889
0.3653613672401565,11,5_0,maxclust,ward,3.0,COMPLETED,BO,5.161084
0.3653613672401565,12,5_0,maxclust,ward,3.0,COMPLETED,BO,5.256473
0.3653613672401565,13,5_0,maxclust,ward,3.0,COMPLETED,BO,5.246768
0.3653613672401565,14,5_0,maxclust,ward,3.0,COMPLETED,BO,5.152646
0.3653613672401565,15,5_0,maxclust,ward,3.0,COMPLETED,BO,3.896223
0.3653613672401565,16,5_0,maxclust,ward,3.0,COMPLETED,BO,3.930914
0.3653613672401565,17,5_0,maxclust,ward,3.0,COMPLETED,BO,4.240011
0.3653613672401565,18,5_0,maxclust,ward,3.0,COMPLETED,BO,4.167932
0.3653613672401565,19,5_0,maxclust,ward,3.0,COMPLETED,BO,4.271327
0.3653613672401565,20,5_0,maxclust,ward,3.0,COMPLETED,BO,4.451432
0.3653613672401565,36,5_0,maxclust,ward,3.0,COMPLETED,BO,3.86642
0.3653613672401565,10,5_0,maxclust,ward,3.0,COMPLETED,BO,4.654985
0.3653613672401565,22,5_0,maxclust,ward,3.0,COMPLETED,BO,4.471358
0.3653613672401565,24,5_0,maxclust,ward,3.0,COMPLETED,BO,4.800536
0.3653613672401565,25,5_0,maxclust,ward,3.0,COMPLETED,BO,4.35724
0.3653613672401565,26,5_0,maxclust,ward,3.0,COMPLETED,BO,4.346829
0.3653613672401565,27,5_0,maxclust,ward,3.0,COMPLETED,BO,4.177631
0.3653613672401565,28,5_0,maxclust,ward,3.0,COMPLETED,BO,4.257749
0.3653613672401565,29,5_0,maxclust,ward,3.0,COMPLETED,BO,4.310116
0.3653613672401565,30,5_0,maxclust,ward,3.0,COMPLETED,BO,4.272314
0.3653613672401565,31,5_0,maxclust,ward,3.0,COMPLETED,BO,4.675934
0.3653613672401565,32,5_0,maxclust,ward,3.0,COMPLETED,BO,4.324624
0.3653613672401565,33,5_0,maxclust,ward,3.0,COMPLETED,BO,4.292993
0.3653613672401565,34,5_0,maxclust,ward,3.0,COMPLETED,BO,3.99992
0.3653613672401565,23,5_0,maxclust,ward,3.0,COMPLETED,BO,4.52632
0.0,7,7_0,maxclust,centroid,3.0,COMPLETED,Unknown,0.00725
0.2448248442649241,8,8_0,maxclust,weighted,3.0,COMPLETED,Unknown,0.006871
0.2448248442649241,9,8_0,maxclust,weighted,3.0,COMPLETED,Unknown,0.006867
