adjusted_rand_score,trial_index,arm_name,criterion,method,t,trial_status,generator_model,compute_time
0.3821820205793785,0,0_0,maxclust,weighted,7.0,COMPLETED,Sobol,3.91514
0.3821820205793785,6,0_0,maxclust,weighted,7.0,COMPLETED,Sobol,4.091348
0.3821820205793785,8,0_0,maxclust,weighted,7.0,COMPLETED,Sobol,7.421448
0.3821820205793785,17,0_0,maxclust,weighted,7.0,COMPLETED,Sobol,4.099732
0.3821820205793785,23,0_0,maxclust,weighted,7.0,COMPLETED,Sobol,3.31259
0.3001610019466296,11,11_0,maxclust,median,7.0,COMPLETED,Sobol,3.891735
0.514459483229717,19,14_0,maxclust,ward,7.0,COMPLETED,Sobol,3.933307
0.514459483229717,24,14_0,maxclust,ward,7.0,COMPLETED,Sobol,5.722848
0.514459483229717,14,14_0,maxclust,ward,7.0,COMPLETED,Sobol,3.493081
0.2326574732025169,1,1_0,maxclust,centroid,7.0,COMPLETED,Sobol,4.093946
0.2326574732025169,21,1_0,maxclust,centroid,7.0,COMPLETED,Sobol,3.640722
0.2326574732025169,15,1_0,maxclust,centroid,7.0,COMPLETED,Sobol,3.510639
0.3520091378881373,18,2_0,maxclust,average,7.0,COMPLETED,Sobol,4.062881
0.3520091378881373,5,2_0,maxclust,average,7.0,COMPLETED,Sobol,4.383361
0.3520091378881373,22,2_0,maxclust,average,7.0,COMPLETED,Sobol,3.350935
0.3520091378881373,2,2_0,maxclust,average,7.0,COMPLETED,Sobol,4.056881
0.0587139469064023,4,3_0,maxclust,single,7.0,COMPLETED,Sobol,7.429947
0.0587139469064023,3,3_0,maxclust,single,7.0,COMPLETED,Sobol,4.063906
0.0587139469064023,20,3_0,maxclust,single,7.0,COMPLETED,Sobol,6.587285
0.0587139469064023,13,3_0,maxclust,single,7.0,COMPLETED,Sobol,3.429855
0.0587139469064023,10,3_0,maxclust,single,7.0,COMPLETED,Sobol,3.780006
0.0587139469064023,16,3_0,maxclust,single,7.0,COMPLETED,Sobol,6.82149
0.3734632601110693,12,7_0,maxclust,complete,7.0,COMPLETED,Sobol,6.624118
0.3734632601110693,7,7_0,maxclust,complete,7.0,COMPLETED,Sobol,4.247293
0.3734632601110693,9,7_0,maxclust,complete,7.0,COMPLETED,Sobol,4.149176
