adjusted_rand_score,trial_index,arm_name,criterion,method,t,trial_status,generator_model
0.179772805115419,0,0_0,maxclust,ward,3.0,COMPLETED,Sobol
0.179772805115419,4,0_0,maxclust,ward,3.0,COMPLETED,Sobol
0.179772805115419,8,0_0,maxclust,ward,3.0,COMPLETED,Sobol
0.179772805115419,22,0_0,maxclust,ward,3.0,COMPLETED,Sobol
0.179772805115419,18,0_0,maxclust,ward,3.0,COMPLETED,Sobol
0.179772805115419,17,0_0,maxclust,ward,3.0,COMPLETED,Sobol
0.179772805115419,15,0_0,maxclust,ward,3.0,COMPLETED,Sobol
0.0,23,13_0,maxclust,single,3.0,COMPLETED,Sobol
0.0,13,13_0,maxclust,single,3.0,COMPLETED,Sobol
-0.0029703390235497,11,1_0,maxclust,centroid,3.0,COMPLETED,Sobol
-0.0029703390235497,19,1_0,maxclust,centroid,3.0,COMPLETED,Sobol
-0.0029703390235497,1,1_0,maxclust,centroid,3.0,COMPLETED,Sobol
0.1576505627783939,5,2_0,maxclust,average,3.0,COMPLETED,Sobol
0.1576505627783939,6,2_0,maxclust,average,3.0,COMPLETED,Sobol
0.1576505627783939,2,2_0,maxclust,average,3.0,COMPLETED,Sobol
0.1576505627783939,10,2_0,maxclust,average,3.0,COMPLETED,Sobol
0.1576505627783939,21,2_0,maxclust,average,3.0,COMPLETED,Sobol
0.0233475306077002,14,3_0,maxclust,median,3.0,COMPLETED,Sobol
0.0233475306077002,3,3_0,maxclust,median,3.0,COMPLETED,Sobol
0.1506445184884635,7,7_0,maxclust,complete,3.0,COMPLETED,Sobol
0.1506445184884635,12,7_0,maxclust,complete,3.0,COMPLETED,Sobol
0.1506445184884635,16,7_0,maxclust,complete,3.0,COMPLETED,Sobol
0.1948152248594951,24,9_0,maxclust,weighted,3.0,COMPLETED,Sobol
0.1948152248594951,20,9_0,maxclust,weighted,3.0,COMPLETED,Sobol
0.1948152248594951,9,9_0,maxclust,weighted,3.0,COMPLETED,Sobol
