adjusted_rand_score,trial_index,arm_name,criterion,method,t,trial_status,generator_model,compute_time
0.0731061064682037,0,0_0,maxclust,complete,5.0,COMPLETED,Sobol,6.456851
0.0731061064682037,7,0_0,maxclust,complete,5.0,COMPLETED,Sobol,6.377212
0.0731061064682037,12,0_0,maxclust,complete,5.0,COMPLETED,Sobol,6.204566
0.0731061064682037,16,0_0,maxclust,complete,5.0,COMPLETED,Sobol,5.785462
0.0731061064682037,21,0_0,maxclust,complete,5.0,COMPLETED,Sobol,6.334238
0.0731061064682037,2,0_0,maxclust,complete,5.0,COMPLETED,Sobol,6.171854
0.0680113685371001,10,1_0,maxclust,ward,5.0,COMPLETED,Sobol,6.515682
0.0680113685371001,1,1_0,maxclust,ward,5.0,COMPLETED,Sobol,6.667506
0.0680113685371001,24,1_0,maxclust,ward,5.0,COMPLETED,Sobol,6.094234
0.0680113685371001,23,1_0,maxclust,ward,5.0,COMPLETED,Sobol,6.576207
0.0680113685371001,19,1_0,maxclust,ward,5.0,COMPLETED,Sobol,6.824799
0.0482706583757211,3,3_0,maxclust,weighted,5.0,COMPLETED,Sobol,6.121822
0.0482706583757211,20,3_0,maxclust,weighted,5.0,COMPLETED,Sobol,6.35318
4.701088676539255e-05,14,4_0,maxclust,median,5.0,COMPLETED,Sobol,6.894709
4.701088676539255e-05,4,4_0,maxclust,median,5.0,COMPLETED,Sobol,6.36008
4.701088676539255e-05,11,4_0,maxclust,median,5.0,COMPLETED,Sobol,6.401981
5.369994510319294e-05,17,5_0,maxclust,centroid,5.0,COMPLETED,Sobol,6.973682
5.369994510319294e-05,15,5_0,maxclust,centroid,5.0,COMPLETED,Sobol,6.407612
5.369994510319294e-05,5,5_0,maxclust,centroid,5.0,COMPLETED,Sobol,7.022028
0.0469648981823672,22,6_0,maxclust,average,5.0,COMPLETED,Sobol,7.242949
0.0469648981823672,13,6_0,maxclust,average,5.0,COMPLETED,Sobol,7.002859
0.0469648981823672,6,6_0,maxclust,average,5.0,COMPLETED,Sobol,6.022555
0.0469648981823672,9,6_0,maxclust,average,5.0,COMPLETED,Sobol,7.653315
0.000158303808784,18,8_0,maxclust,single,5.0,COMPLETED,Sobol,4.721942
0.000158303808784,8,8_0,maxclust,single,5.0,COMPLETED,Sobol,4.414889
