adjusted_rand_score,trial_index,arm_name,criterion,method,t,trial_status,generator_model,compute_time
-0.001128699026871,0,0_0,maxclust,single,2.0,COMPLETED,Unknown,0.013434
-0.001128699026871,1,0_0,maxclust,single,2.0,COMPLETED,Unknown,0.00668
0.0140614725087497,3,2_0,maxclust,complete,2.0,COMPLETED,Unknown,0.006488
0.0140614725087497,4,2_0,maxclust,complete,2.0,COMPLETED,Unknown,0.006573
0.0140614725087497,5,2_0,maxclust,complete,2.0,COMPLETED,Unknown,0.006609
0.0140614725087497,2,2_0,maxclust,complete,2.0,COMPLETED,Unknown,0.006493
0.1553856185419306,57,6_0,maxclust,ward,2.0,COMPLETED,BO,3.339593
0.1553856185419306,39,6_0,maxclust,ward,2.0,COMPLETED,BO,4.298227
0.1553856185419306,40,6_0,maxclust,ward,2.0,COMPLETED,BO,5.603077
0.1553856185419306,7,6_0,maxclust,ward,2.0,COMPLETED,Unknown,0.006872
0.1553856185419306,41,6_0,maxclust,ward,2.0,COMPLETED,BO,3.470892
0.1553856185419306,42,6_0,maxclust,ward,2.0,COMPLETED,BO,5.451943
0.1553856185419306,6,6_0,maxclust,ward,2.0,COMPLETED,Unknown,0.006472
0.1553856185419306,43,6_0,maxclust,ward,2.0,COMPLETED,BO,3.259158
0.1553856185419306,44,6_0,maxclust,ward,2.0,COMPLETED,BO,4.119549
0.1553856185419306,45,6_0,maxclust,ward,2.0,COMPLETED,BO,3.998333
0.1553856185419306,46,6_0,maxclust,ward,2.0,COMPLETED,BO,4.048608
0.1553856185419306,58,6_0,maxclust,ward,2.0,COMPLETED,BO,3.160056
0.1553856185419306,47,6_0,maxclust,ward,2.0,COMPLETED,BO,4.226214
0.1553856185419306,49,6_0,maxclust,ward,2.0,COMPLETED,BO,4.496489
0.1553856185419306,38,6_0,maxclust,ward,2.0,COMPLETED,BO,4.016558
0.1553856185419306,50,6_0,maxclust,ward,2.0,COMPLETED,BO,4.319944
0.1553856185419306,51,6_0,maxclust,ward,2.0,COMPLETED,BO,5.036136
0.1553856185419306,52,6_0,maxclust,ward,2.0,COMPLETED,BO,3.064847
0.1553856185419306,59,6_0,maxclust,ward,2.0,COMPLETED,BO,3.237675
0.1553856185419306,53,6_0,maxclust,ward,2.0,COMPLETED,BO,3.649263
0.1553856185419306,54,6_0,maxclust,ward,2.0,COMPLETED,BO,3.634198
0.1553856185419306,55,6_0,maxclust,ward,2.0,COMPLETED,BO,3.323091
0.1553856185419306,56,6_0,maxclust,ward,2.0,COMPLETED,BO,3.245533
0.1553856185419306,48,6_0,maxclust,ward,2.0,COMPLETED,BO,4.253583
0.1553856185419306,37,6_0,maxclust,ward,2.0,COMPLETED,BO,3.999009
0.1553856185419306,35,6_0,maxclust,ward,2.0,COMPLETED,BO,3.890919
0.1553856185419306,8,6_0,maxclust,ward,2.0,COMPLETED,Unknown,0.006503
0.1553856185419306,10,6_0,maxclust,ward,2.0,COMPLETED,BO,3.300472
0.1553856185419306,11,6_0,maxclust,ward,2.0,COMPLETED,BO,3.423379
0.1553856185419306,12,6_0,maxclust,ward,2.0,COMPLETED,BO,3.517071
0.1553856185419306,13,6_0,maxclust,ward,2.0,COMPLETED,BO,3.601006
0.1553856185419306,14,6_0,maxclust,ward,2.0,COMPLETED,BO,3.719986
0.1553856185419306,15,6_0,maxclust,ward,2.0,COMPLETED,BO,4.016813
0.1553856185419306,16,6_0,maxclust,ward,2.0,COMPLETED,BO,3.990504
0.1553856185419306,17,6_0,maxclust,ward,2.0,COMPLETED,BO,4.105275
0.1553856185419306,18,6_0,maxclust,ward,2.0,COMPLETED,BO,4.262109
0.1553856185419306,19,6_0,maxclust,ward,2.0,COMPLETED,BO,3.804473
0.1553856185419306,20,6_0,maxclust,ward,2.0,COMPLETED,BO,3.851042
0.1553856185419306,21,6_0,maxclust,ward,2.0,COMPLETED,BO,3.612372
0.1553856185419306,22,6_0,maxclust,ward,2.0,COMPLETED,BO,3.47434
0.1553856185419306,23,6_0,maxclust,ward,2.0,COMPLETED,BO,3.834848
0.1553856185419306,24,6_0,maxclust,ward,2.0,COMPLETED,BO,3.795883
0.1553856185419306,25,6_0,maxclust,ward,2.0,COMPLETED,BO,4.060724
0.1553856185419306,26,6_0,maxclust,ward,2.0,COMPLETED,BO,4.052006
0.1553856185419306,27,6_0,maxclust,ward,2.0,COMPLETED,BO,3.74869
0.1553856185419306,28,6_0,maxclust,ward,2.0,COMPLETED,BO,5.248627
0.1553856185419306,29,6_0,maxclust,ward,2.0,COMPLETED,BO,3.161212
0.1553856185419306,30,6_0,maxclust,ward,2.0,COMPLETED,BO,4.310231
0.1553856185419306,31,6_0,maxclust,ward,2.0,COMPLETED,BO,6.33003
0.1553856185419306,32,6_0,maxclust,ward,2.0,COMPLETED,BO,3.226963
0.1553856185419306,33,6_0,maxclust,ward,2.0,COMPLETED,BO,3.065535
0.1553856185419306,34,6_0,maxclust,ward,2.0,COMPLETED,BO,3.877404
0.1553856185419306,36,6_0,maxclust,ward,2.0,COMPLETED,BO,3.865132
0.1553856185419306,9,6_0,maxclust,ward,2.0,COMPLETED,Unknown,0.0065
