adjusted_rand_score,trial_index,arm_name,criterion,method,t,trial_status,generator_model,compute_time
-0.0287840779587632,0,0_0,maxclust,average,2.0,COMPLETED,Sobol,3.744751
-0.0287840779587632,23,0_0,maxclust,average,2.0,COMPLETED,Sobol,3.404023
-0.0287840779587632,15,0_0,maxclust,average,2.0,COMPLETED,Sobol,3.526662
-0.0287840779587632,7,0_0,maxclust,average,2.0,COMPLETED,Sobol,4.769202
-0.0287840779587632,8,0_0,maxclust,average,2.0,COMPLETED,Sobol,4.669293
-0.0098658066616026,10,10_0,maxclust,ward,2.0,COMPLETED,Sobol,3.705033
-0.0098658066616026,14,10_0,maxclust,ward,2.0,COMPLETED,Sobol,3.859012
0.0,19,19_0,maxclust,centroid,2.0,COMPLETED,Sobol,4.395425
-9.606879549588176e-05,1,1_0,maxclust,weighted,2.0,COMPLETED,Sobol,3.703552
-9.606879549588176e-05,13,1_0,maxclust,weighted,2.0,COMPLETED,Sobol,4.889187
-9.606879549588176e-05,16,1_0,maxclust,weighted,2.0,COMPLETED,Sobol,3.604751
-0.0003884931928152,2,2_0,maxclust,single,2.0,COMPLETED,Sobol,3.285999
-0.0003884931928152,22,2_0,maxclust,single,2.0,COMPLETED,Sobol,4.460239
-0.0003884931928152,17,2_0,maxclust,single,2.0,COMPLETED,Sobol,3.700732
-0.0003884931928152,24,2_0,maxclust,single,2.0,COMPLETED,Sobol,2.908864
-0.0003884931928152,12,2_0,maxclust,single,2.0,COMPLETED,Sobol,3.201833
-0.0003884931928152,11,2_0,maxclust,single,2.0,COMPLETED,Sobol,3.208861
-0.0003884931928152,5,2_0,maxclust,single,2.0,COMPLETED,Sobol,4.477526
0.0,4,3_0,maxclust,median,2.0,COMPLETED,Sobol,3.593058
0.0,9,3_0,maxclust,median,2.0,COMPLETED,Sobol,5.991446
0.0,21,3_0,maxclust,median,2.0,COMPLETED,Sobol,3.456376
0.0,18,3_0,maxclust,median,2.0,COMPLETED,Sobol,3.582881
0.0,3,3_0,maxclust,median,2.0,COMPLETED,Sobol,3.85195
-0.0080705967605167,6,6_0,maxclust,complete,2.0,COMPLETED,Sobol,4.796641
-0.0080705967605167,20,6_0,maxclust,complete,2.0,COMPLETED,Sobol,3.542051
