adjusted_rand_score,trial_index,arm_name,criterion,method,t,trial_status,generator_model
-3.441295615487277e-07,0,0_0,maxclust,average,9.0,COMPLETED,Sobol
-3.441295615487277e-07,8,0_0,maxclust,average,9.0,COMPLETED,Sobol
-3.441295615487277e-07,7,0_0,maxclust,average,9.0,COMPLETED,Sobol
-3.441295615487277e-07,23,0_0,maxclust,average,9.0,COMPLETED,Sobol
-3.441295615487277e-07,15,0_0,maxclust,average,9.0,COMPLETED,Sobol
-3.441295615487277e-07,10,10_0,maxclust,ward,9.0,COMPLETED,Sobol
-3.441295615487277e-07,14,10_0,maxclust,ward,9.0,COMPLETED,Sobol
-3.441295615487277e-07,19,19_0,maxclust,centroid,9.0,COMPLETED,Sobol
-3.441295615487277e-07,16,1_0,maxclust,weighted,9.0,COMPLETED,Sobol
-3.441295615487277e-07,13,1_0,maxclust,weighted,9.0,COMPLETED,Sobol
-3.441295615487277e-07,1,1_0,maxclust,weighted,9.0,COMPLETED,Sobol
-3.441295615487277e-07,2,2_0,maxclust,single,9.0,COMPLETED,Sobol
-3.441295615487277e-07,24,2_0,maxclust,single,9.0,COMPLETED,Sobol
-3.441295615487277e-07,12,2_0,maxclust,single,9.0,COMPLETED,Sobol
-3.441295615487277e-07,5,2_0,maxclust,single,9.0,COMPLETED,Sobol
-3.441295615487277e-07,17,2_0,maxclust,single,9.0,COMPLETED,Sobol
-3.441295615487277e-07,22,2_0,maxclust,single,9.0,COMPLETED,Sobol
-3.441295615487277e-07,11,2_0,maxclust,single,9.0,COMPLETED,Sobol
-3.441295615487277e-07,3,3_0,maxclust,median,9.0,COMPLETED,Sobol
-3.441295615487277e-07,9,3_0,maxclust,median,9.0,COMPLETED,Sobol
-3.441295615487277e-07,4,3_0,maxclust,median,9.0,COMPLETED,Sobol
-3.441295615487277e-07,18,3_0,maxclust,median,9.0,COMPLETED,Sobol
-3.441295615487277e-07,21,3_0,maxclust,median,9.0,COMPLETED,Sobol
-3.441295615487277e-07,6,6_0,maxclust,complete,9.0,COMPLETED,Sobol
-3.441295615487277e-07,20,6_0,maxclust,complete,9.0,COMPLETED,Sobol
