adjusted_rand_score,trial_index,arm_name,criterion,method,t,trial_status,generator_model,compute_time
0.1885613968801911,0,0_0,maxclust,average,2.0,COMPLETED,Sobol,5.640133
0.1885613968801911,19,0_0,maxclust,average,2.0,COMPLETED,Sobol,6.145322
0.1885613968801911,20,0_0,maxclust,average,2.0,COMPLETED,Sobol,10.382653
0.1885613968801911,11,0_0,maxclust,average,2.0,COMPLETED,Sobol,4.661116
0.1229843192277355,1,1_0,maxclust,weighted,2.0,COMPLETED,Sobol,7.034085
0.1229843192277355,7,1_0,maxclust,weighted,2.0,COMPLETED,Sobol,6.120286
0.1229843192277355,16,1_0,maxclust,weighted,2.0,COMPLETED,Sobol,11.750274
0.1229843192277355,22,1_0,maxclust,weighted,2.0,COMPLETED,Sobol,6.807174
0.003446406408225,12,2_0,maxclust,single,2.0,COMPLETED,Sobol,11.617164
0.003446406408225,24,2_0,maxclust,single,2.0,COMPLETED,Sobol,10.375764
0.003446406408225,17,2_0,maxclust,single,2.0,COMPLETED,Sobol,7.675871
0.003446406408225,2,2_0,maxclust,single,2.0,COMPLETED,Sobol,5.289595
0.1749768579310557,3,3_0,maxclust,ward,2.0,COMPLETED,Sobol,5.474542
0.1749768579310557,21,3_0,maxclust,ward,2.0,COMPLETED,Sobol,7.411678
0.1749768579310557,8,3_0,maxclust,ward,2.0,COMPLETED,Sobol,10.54928
0.0,18,4_0,maxclust,median,2.0,COMPLETED,Sobol,6.66483
0.0,14,4_0,maxclust,median,2.0,COMPLETED,Sobol,8.437019
0.0,4,4_0,maxclust,median,2.0,COMPLETED,Sobol,11.707548
0.1569651167147787,23,5_0,maxclust,centroid,2.0,COMPLETED,Sobol,5.102367
0.1569651167147787,15,5_0,maxclust,centroid,2.0,COMPLETED,Sobol,7.177522
0.1569651167147787,5,5_0,maxclust,centroid,2.0,COMPLETED,Sobol,6.487798
0.1569651167147787,9,5_0,maxclust,centroid,2.0,COMPLETED,Sobol,7.543236
0.2034816255091469,10,6_0,maxclust,complete,2.0,COMPLETED,Sobol,6.707825
0.2034816255091469,6,6_0,maxclust,complete,2.0,COMPLETED,Sobol,5.730406
0.2034816255091469,13,6_0,maxclust,complete,2.0,COMPLETED,Sobol,8.764504
