adjusted_rand_score,trial_index,arm_name,eps,metric,min_samples,trial_status,generator_model
0.0,0,0_0,0.5464677617549897,cosine,43.0,COMPLETED,Sobol
1.2254231336149608e-05,10,10_0,0.2084934116825461,cosine,46.0,COMPLETED,Sobol
0.0,11,11_0,0.8746975907236337,cosine,64.0,COMPLETED,Sobol
0.0,12,12_0,0.8146420068573207,cosine,30.0,COMPLETED,Sobol
0.0027843705241681,13,13_0,0.0227058645542711,cosine,60.0,COMPLETED,Sobol
0.0,14,14_0,0.2864870256651193,cosine,12.0,COMPLETED,Sobol
0.0,15,15_0,0.6096398954037577,cosine,81.0,COMPLETED,Sobol
0.0,16,16_0,0.5656790116261691,cosine,8.0,COMPLETED,Sobol
-1.5575531298686446e-06,17,17_0,0.2738312148507684,cosine,77.0,COMPLETED,Sobol
0.0597205645317184,18,18_0,0.0374017878640443,cosine,29.0,COMPLETED,Sobol
0.0,19,19_0,0.8604003025535494,cosine,59.0,COMPLETED,Sobol
0.0,1,1_0,0.3706132302042096,cosine,73.0,COMPLETED,Sobol
0.0,20,20_0,0.9243558407984674,cosine,50.0,COMPLETED,Sobol
6.863508313388105e-06,21,21_0,0.2270903006233275,cosine,68.0,COMPLETED,Sobol
0.0,22,22_0,0.458408649764955,cosine,17.0,COMPLETED,Sobol
0.0,23,23_0,0.6264575219899416,cosine,98.0,COMPLETED,Sobol
0.0,24,24_0,0.7164323382638395,cosine,39.0,COMPLETED,Sobol
0.0208917735211187,2,2_0,0.0727245517540723,cosine,25.0,COMPLETED,Sobol
0.0,3,3_0,0.7777805499378592,cosine,94.0,COMPLETED,Sobol
0.0,4,4_0,0.9674744089506566,cosine,3.0,COMPLETED,Sobol
0.0037988780002271,5,5_0,0.1366706987358629,cosine,85.0,COMPLETED,Sobol
0.0,6,6_0,0.4314016225859522,cosine,34.0,COMPLETED,Sobol
0.0,7,7_0,0.7310393866151571,cosine,51.0,COMPLETED,Sobol
0.0,8,8_0,0.6743193119131029,cosine,16.0,COMPLETED,Sobol
0.0,9,9_0,0.4749644744433463,cosine,97.0,COMPLETED,Sobol
