adjusted_rand_score,trial_index,arm_name,criterion,method,t,trial_status,generator_model,compute_time
0.0003720782313059,0,0_0,maxclust,single,6.0,COMPLETED,Unknown,0.013431
0.0003720782313059,1,0_0,maxclust,single,6.0,COMPLETED,Unknown,0.006983
0.2992853661021583,3,2_0,maxclust,complete,6.0,COMPLETED,Unknown,0.006975
0.2992853661021583,4,2_0,maxclust,complete,6.0,COMPLETED,Unknown,0.006985
0.2992853661021583,5,2_0,maxclust,complete,6.0,COMPLETED,Unknown,0.006986
0.2992853661021583,2,2_0,maxclust,complete,6.0,COMPLETED,Unknown,0.00694
0.4447757556148458,57,6_0,maxclust,ward,6.0,COMPLETED,BO,4.585727
0.4447757556148458,39,6_0,maxclust,ward,6.0,COMPLETED,BO,5.365572
0.4447757556148458,40,6_0,maxclust,ward,6.0,COMPLETED,BO,5.835742
0.4447757556148458,7,6_0,maxclust,ward,6.0,COMPLETED,Unknown,0.007313
0.4447757556148458,41,6_0,maxclust,ward,6.0,COMPLETED,BO,5.442234
0.4447757556148458,42,6_0,maxclust,ward,6.0,COMPLETED,BO,5.408911
0.4447757556148458,6,6_0,maxclust,ward,6.0,COMPLETED,Unknown,0.00691
0.4447757556148458,43,6_0,maxclust,ward,6.0,COMPLETED,BO,5.317319
0.4447757556148458,44,6_0,maxclust,ward,6.0,COMPLETED,BO,5.501845
0.4447757556148458,45,6_0,maxclust,ward,6.0,COMPLETED,BO,5.178991
0.4447757556148458,46,6_0,maxclust,ward,6.0,COMPLETED,BO,5.898818
0.4447757556148458,58,6_0,maxclust,ward,6.0,COMPLETED,BO,4.596809
0.4447757556148458,47,6_0,maxclust,ward,6.0,COMPLETED,BO,9.324914
0.4447757556148458,49,6_0,maxclust,ward,6.0,COMPLETED,BO,7.513963
0.4447757556148458,38,6_0,maxclust,ward,6.0,COMPLETED,BO,4.898619
0.4447757556148458,50,6_0,maxclust,ward,6.0,COMPLETED,BO,7.605538
0.4447757556148458,51,6_0,maxclust,ward,6.0,COMPLETED,BO,6.689632
0.4447757556148458,52,6_0,maxclust,ward,6.0,COMPLETED,BO,4.862249
0.4447757556148458,59,6_0,maxclust,ward,6.0,COMPLETED,BO,4.626403
0.4447757556148458,53,6_0,maxclust,ward,6.0,COMPLETED,BO,5.113922
0.4447757556148458,54,6_0,maxclust,ward,6.0,COMPLETED,BO,5.015709
0.4447757556148458,55,6_0,maxclust,ward,6.0,COMPLETED,BO,5.351094
0.4447757556148458,56,6_0,maxclust,ward,6.0,COMPLETED,BO,4.764052
0.4447757556148458,48,6_0,maxclust,ward,6.0,COMPLETED,BO,6.982799
0.4447757556148458,37,6_0,maxclust,ward,6.0,COMPLETED,BO,5.062984
0.4447757556148458,35,6_0,maxclust,ward,6.0,COMPLETED,BO,4.734437
0.4447757556148458,8,6_0,maxclust,ward,6.0,COMPLETED,Unknown,0.006927
0.4447757556148458,10,6_0,maxclust,ward,6.0,COMPLETED,BO,5.964278
0.4447757556148458,11,6_0,maxclust,ward,6.0,COMPLETED,BO,5.308425
0.4447757556148458,12,6_0,maxclust,ward,6.0,COMPLETED,BO,4.933437
0.4447757556148458,13,6_0,maxclust,ward,6.0,COMPLETED,BO,5.414615
0.4447757556148458,14,6_0,maxclust,ward,6.0,COMPLETED,BO,5.288765
0.4447757556148458,15,6_0,maxclust,ward,6.0,COMPLETED,BO,4.827984
0.4447757556148458,16,6_0,maxclust,ward,6.0,COMPLETED,BO,5.566157
0.4447757556148458,17,6_0,maxclust,ward,6.0,COMPLETED,BO,6.014788
0.4447757556148458,18,6_0,maxclust,ward,6.0,COMPLETED,BO,5.446271
0.4447757556148458,19,6_0,maxclust,ward,6.0,COMPLETED,BO,5.593629
0.4447757556148458,20,6_0,maxclust,ward,6.0,COMPLETED,BO,5.430201
0.4447757556148458,21,6_0,maxclust,ward,6.0,COMPLETED,BO,5.298786
0.4447757556148458,22,6_0,maxclust,ward,6.0,COMPLETED,BO,4.867715
0.4447757556148458,23,6_0,maxclust,ward,6.0,COMPLETED,BO,5.170441
0.4447757556148458,24,6_0,maxclust,ward,6.0,COMPLETED,BO,4.979077
0.4447757556148458,25,6_0,maxclust,ward,6.0,COMPLETED,BO,5.19414
0.4447757556148458,26,6_0,maxclust,ward,6.0,COMPLETED,BO,5.084155
0.4447757556148458,27,6_0,maxclust,ward,6.0,COMPLETED,BO,4.964314
0.4447757556148458,28,6_0,maxclust,ward,6.0,COMPLETED,BO,4.807503
0.4447757556148458,29,6_0,maxclust,ward,6.0,COMPLETED,BO,5.171646
0.4447757556148458,30,6_0,maxclust,ward,6.0,COMPLETED,BO,5.239591
0.4447757556148458,31,6_0,maxclust,ward,6.0,COMPLETED,BO,4.826073
0.4447757556148458,32,6_0,maxclust,ward,6.0,COMPLETED,BO,4.776437
0.4447757556148458,33,6_0,maxclust,ward,6.0,COMPLETED,BO,4.771259
0.4447757556148458,34,6_0,maxclust,ward,6.0,COMPLETED,BO,4.664053
0.4447757556148458,36,6_0,maxclust,ward,6.0,COMPLETED,BO,5.23321
0.4447757556148458,9,6_0,maxclust,ward,6.0,COMPLETED,Unknown,0.006937
