adjusted_rand_score,trial_index,arm_name,criterion,method,t,trial_status,generator_model,compute_time
0.1229843192277355,0,0_0,maxclust,weighted,2.0,COMPLETED,Sobol,3.650916
0.1229843192277355,23,0_0,maxclust,weighted,2.0,COMPLETED,Sobol,5.510172
0.1229843192277355,17,0_0,maxclust,weighted,2.0,COMPLETED,Sobol,4.590301
0.1229843192277355,12,0_0,maxclust,weighted,2.0,COMPLETED,Sobol,3.897767
0.1229843192277355,6,0_0,maxclust,weighted,2.0,COMPLETED,Sobol,4.762236
0.2034816255091469,18,11_0,maxclust,complete,2.0,COMPLETED,Sobol,4.146543
0.2034816255091469,11,11_0,maxclust,complete,2.0,COMPLETED,Sobol,4.397745
0.1569651167147787,13,13_0,maxclust,centroid,2.0,COMPLETED,Sobol,4.907762
0.1569651167147787,21,13_0,maxclust,centroid,2.0,COMPLETED,Sobol,4.983138
0.1749768579310557,14,1_0,maxclust,ward,2.0,COMPLETED,Sobol,3.651394
0.1749768579310557,19,1_0,maxclust,ward,2.0,COMPLETED,Sobol,6.835389
0.1749768579310557,1,1_0,maxclust,ward,2.0,COMPLETED,Sobol,3.705819
0.1749768579310557,10,1_0,maxclust,ward,2.0,COMPLETED,Sobol,4.551782
0.1749768579310557,24,1_0,maxclust,ward,2.0,COMPLETED,Sobol,3.826043
0.0,5,2_0,maxclust,median,2.0,COMPLETED,Sobol,4.154784
0.0,8,2_0,maxclust,median,2.0,COMPLETED,Sobol,5.012783
0.0,22,2_0,maxclust,median,2.0,COMPLETED,Sobol,4.982758
0.0,2,2_0,maxclust,median,2.0,COMPLETED,Sobol,3.736442
0.0,15,2_0,maxclust,median,2.0,COMPLETED,Sobol,5.128997
0.1885613968801911,3,3_0,maxclust,average,2.0,COMPLETED,Sobol,3.865087
0.1885613968801911,4,3_0,maxclust,average,2.0,COMPLETED,Sobol,3.826215
0.003446406408225,7,7_0,maxclust,single,2.0,COMPLETED,Sobol,5.123361
0.003446406408225,20,7_0,maxclust,single,2.0,COMPLETED,Sobol,4.881976
0.003446406408225,16,7_0,maxclust,single,2.0,COMPLETED,Sobol,4.265133
0.003446406408225,9,7_0,maxclust,single,2.0,COMPLETED,Sobol,6.543794
