adjusted_rand_score,trial_index,arm_name,eps,metric,min_samples,trial_status,generator_model
0.0,0,0_0,0.7770314656496048,cosine,97.0,COMPLETED,Sobol
0.0,10,10_0,0.0210616425033658,cosine,91.0,COMPLETED,Sobol
0.0,11,11_0,0.5606310004256666,cosine,3.0,COMPLETED,Sobol
0.0,12,12_0,0.6562137076072395,cosine,84.0,COMPLETED,Sobol
0.0053223192285583,13,13_0,0.1363831191863864,cosine,22.0,COMPLETED,Sobol
0.0009495458058871,14,14_0,0.3502334939818829,cosine,65.0,COMPLETED,Sobol
0.0,15,15_0,0.8245015848763287,cosine,29.0,COMPLETED,Sobol
0.0,16,16_0,0.8725412632059306,cosine,68.0,COMPLETED,Sobol
0.0026945491438541,17,17_0,0.332973840419203,cosine,30.0,COMPLETED,Sobol
0.0067531368467614,18,18_0,0.1804624672792852,cosine,86.0,COMPLETED,Sobol
0.0,19,19_0,0.6427925581093877,cosine,24.0,COMPLETED,Sobol
0.0024091503967621,1,1_0,0.3037374692093581,cosine,12.0,COMPLETED,Sobol
0.0,20,20_0,0.5126635058131069,cosine,92.0,COMPLETED,Sobol
0.0004377144694614,21,21_0,0.0383935429863631,cosine,6.0,COMPLETED,Sobol
0.0001025099062067,22,22_0,0.4482322625406086,cosine,61.0,COMPLETED,Sobol
0.0,23,23_0,0.9680647228937596,cosine,49.0,COMPLETED,Sobol
0.0,24,24_0,0.9215546000730246,cosine,78.0,COMPLETED,Sobol
0.0022573857977346,2,2_0,0.2136010811980813,cosine,54.0,COMPLETED,Sobol
0.0,3,3_0,0.7344077512584627,cosine,43.0,COMPLETED,Sobol
0.0,4,4_0,0.6081771215908229,cosine,74.0,COMPLETED,Sobol
0.0001654949257933,5,5_0,0.0676337342765182,cosine,36.0,COMPLETED,Sobol
0.0011621037351947,6,6_0,0.4150974389594048,cosine,80.0,COMPLETED,Sobol
0.0,7,7_0,0.8764533535428345,cosine,17.0,COMPLETED,Sobol
0.0,8,8_0,0.9546932158507406,cosine,60.0,COMPLETED,Sobol
0.0,9,9_0,0.4923611898850649,cosine,47.0,COMPLETED,Sobol
