adjusted_rand_score,trial_index,arm_name,criterion,method,t,trial_status,generator_model
0.0549063932696978,0,0_0,maxclust,complete,4.0,COMPLETED,Sobol
0.0549063932696978,21,0_0,maxclust,complete,4.0,COMPLETED,Sobol
0.0549063932696978,16,0_0,maxclust,complete,4.0,COMPLETED,Sobol
0.0549063932696978,12,0_0,maxclust,complete,4.0,COMPLETED,Sobol
0.0549063932696978,2,0_0,maxclust,complete,4.0,COMPLETED,Sobol
0.0549063932696978,7,0_0,maxclust,complete,4.0,COMPLETED,Sobol
0.0241880547691567,19,1_0,maxclust,ward,4.0,COMPLETED,Sobol
0.0241880547691567,10,1_0,maxclust,ward,4.0,COMPLETED,Sobol
0.0241880547691567,1,1_0,maxclust,ward,4.0,COMPLETED,Sobol
0.0241880547691567,23,1_0,maxclust,ward,4.0,COMPLETED,Sobol
0.0241880547691567,24,1_0,maxclust,ward,4.0,COMPLETED,Sobol
0.0648424400554781,3,3_0,maxclust,weighted,4.0,COMPLETED,Sobol
0.0648424400554781,20,3_0,maxclust,weighted,4.0,COMPLETED,Sobol
0.0615503716655481,4,4_0,maxclust,median,4.0,COMPLETED,Sobol
0.0615503716655481,14,4_0,maxclust,median,4.0,COMPLETED,Sobol
0.0615503716655481,11,4_0,maxclust,median,4.0,COMPLETED,Sobol
-0.0062180854283301,17,5_0,maxclust,centroid,4.0,COMPLETED,Sobol
-0.0062180854283301,15,5_0,maxclust,centroid,4.0,COMPLETED,Sobol
-0.0062180854283301,5,5_0,maxclust,centroid,4.0,COMPLETED,Sobol
0.04898626411311,22,6_0,maxclust,average,4.0,COMPLETED,Sobol
0.04898626411311,13,6_0,maxclust,average,4.0,COMPLETED,Sobol
0.04898626411311,6,6_0,maxclust,average,4.0,COMPLETED,Sobol
0.04898626411311,9,6_0,maxclust,average,4.0,COMPLETED,Sobol
0.0,8,8_0,maxclust,single,4.0,COMPLETED,Sobol
0.0,18,8_0,maxclust,single,4.0,COMPLETED,Sobol
