adjusted_rand_score,trial_index,arm_name,criterion,method,t,trial_status,generator_model,compute_time
0.0437550185515389,0,0_0,maxclust,ward,5.0,COMPLETED,Sobol,4.636484
0.0437550185515389,7,0_0,maxclust,ward,5.0,COMPLETED,Sobol,4.151741
0.0437550185515389,21,0_0,maxclust,ward,5.0,COMPLETED,Sobol,4.357707
0.0437550185515389,8,0_0,maxclust,ward,5.0,COMPLETED,Sobol,3.897833
0.0437550185515389,12,0_0,maxclust,ward,5.0,COMPLETED,Sobol,3.639593
0.0437550185515389,17,0_0,maxclust,ward,5.0,COMPLETED,Sobol,6.190781
-0.0091663973941898,16,1_0,maxclust,weighted,5.0,COMPLETED,Sobol,4.076176
-0.0091663973941898,20,1_0,maxclust,weighted,5.0,COMPLETED,Sobol,3.907848
-0.0091663973941898,13,1_0,maxclust,weighted,5.0,COMPLETED,Sobol,5.751677
-0.0091663973941898,1,1_0,maxclust,weighted,5.0,COMPLETED,Sobol,4.476128
-0.0091663973941898,11,1_0,maxclust,weighted,5.0,COMPLETED,Sobol,3.605522
-0.0035493148277212,18,2_0,maxclust,single,5.0,COMPLETED,Sobol,4.21967
-0.0035493148277212,2,2_0,maxclust,single,5.0,COMPLETED,Sobol,3.97501
-0.0017826807035152,14,3_0,maxclust,median,5.0,COMPLETED,Sobol,3.772158
-0.0017826807035152,24,3_0,maxclust,median,5.0,COMPLETED,Sobol,3.828628
-0.0017826807035152,3,3_0,maxclust,median,5.0,COMPLETED,Sobol,4.021022
0.0133650388511605,19,4_0,maxclust,complete,5.0,COMPLETED,Sobol,5.278087
0.0133650388511605,10,4_0,maxclust,complete,5.0,COMPLETED,Sobol,3.546632
0.0133650388511605,4,4_0,maxclust,complete,5.0,COMPLETED,Sobol,3.762805
0.0023145373664951,5,5_0,maxclust,centroid,5.0,COMPLETED,Sobol,4.105452
0.0023145373664951,23,5_0,maxclust,centroid,5.0,COMPLETED,Sobol,5.02639
0.0023145373664951,15,5_0,maxclust,centroid,5.0,COMPLETED,Sobol,3.977507
0.0023145373664951,9,5_0,maxclust,centroid,5.0,COMPLETED,Sobol,5.896556
0.0105690460483728,6,6_0,maxclust,average,5.0,COMPLETED,Sobol,4.178583
0.0105690460483728,22,6_0,maxclust,average,5.0,COMPLETED,Sobol,3.549491
