adjusted_rand_score,trial_index,arm_name,criterion,method,t,trial_status,generator_model
0.0016908672914999,0,0_0,maxclust,weighted,2.0,COMPLETED,Sobol
0.0016908672914999,8,0_0,maxclust,weighted,2.0,COMPLETED,Sobol
0.0016908672914999,23,0_0,maxclust,weighted,2.0,COMPLETED,Sobol
0.0016908672914999,17,0_0,maxclust,weighted,2.0,COMPLETED,Sobol
0.0016908672914999,6,0_0,maxclust,weighted,2.0,COMPLETED,Sobol
0.0,11,11_0,maxclust,median,2.0,COMPLETED,Sobol
-0.06877270731836,14,14_0,maxclust,ward,2.0,COMPLETED,Sobol
-0.06877270731836,19,14_0,maxclust,ward,2.0,COMPLETED,Sobol
-0.06877270731836,24,14_0,maxclust,ward,2.0,COMPLETED,Sobol
-0.0003338425439616,15,1_0,maxclust,centroid,2.0,COMPLETED,Sobol
-0.0003338425439616,21,1_0,maxclust,centroid,2.0,COMPLETED,Sobol
-0.0003338425439616,1,1_0,maxclust,centroid,2.0,COMPLETED,Sobol
-0.0003338425439616,2,2_0,maxclust,average,2.0,COMPLETED,Sobol
-0.0003338425439616,22,2_0,maxclust,average,2.0,COMPLETED,Sobol
-0.0003338425439616,5,2_0,maxclust,average,2.0,COMPLETED,Sobol
-0.0003338425439616,18,2_0,maxclust,average,2.0,COMPLETED,Sobol
0.0016908672914999,4,3_0,maxclust,single,2.0,COMPLETED,Sobol
0.0016908672914999,10,3_0,maxclust,single,2.0,COMPLETED,Sobol
0.0016908672914999,13,3_0,maxclust,single,2.0,COMPLETED,Sobol
0.0016908672914999,16,3_0,maxclust,single,2.0,COMPLETED,Sobol
0.0016908672914999,20,3_0,maxclust,single,2.0,COMPLETED,Sobol
0.0016908672914999,3,3_0,maxclust,single,2.0,COMPLETED,Sobol
-0.0011867647220711,12,7_0,maxclust,complete,2.0,COMPLETED,Sobol
-0.0011867647220711,7,7_0,maxclust,complete,2.0,COMPLETED,Sobol
-0.0011867647220711,9,7_0,maxclust,complete,2.0,COMPLETED,Sobol
