adjusted_rand_score,trial_index,arm_name,criterion,method,t,trial_status,generator_model,compute_time
4.661777344719955e-07,0,0_0,maxclust,centroid,10.0,COMPLETED,Sobol,9.186322
4.661777344719955e-07,6,0_0,maxclust,centroid,10.0,COMPLETED,Sobol,9.060596
4.661777344719955e-07,12,0_0,maxclust,centroid,10.0,COMPLETED,Sobol,13.738564
4.661777344719955e-07,18,0_0,maxclust,centroid,10.0,COMPLETED,Sobol,13.839971
0.2380786177930453,21,17_0,maxclust,weighted,10.0,COMPLETED,Sobol,6.067784
0.2380786177930453,17,17_0,maxclust,weighted,10.0,COMPLETED,Sobol,13.885252
0.4143449642003128,5,1_0,maxclust,ward,10.0,COMPLETED,Sobol,9.052091
0.4143449642003128,1,1_0,maxclust,ward,10.0,COMPLETED,Sobol,8.561713
0.4143449642003128,14,1_0,maxclust,ward,10.0,COMPLETED,Sobol,8.619011
1.245576371554169e-06,2,2_0,maxclust,median,10.0,COMPLETED,Sobol,9.053696
1.245576371554169e-06,20,2_0,maxclust,median,10.0,COMPLETED,Sobol,19.537167
1.245576371554169e-06,15,2_0,maxclust,median,10.0,COMPLETED,Sobol,8.028179
1.245576371554169e-06,13,2_0,maxclust,median,10.0,COMPLETED,Sobol,7.73523
0.2775581453997979,22,3_0,maxclust,complete,10.0,COMPLETED,Sobol,6.886653
0.2775581453997979,3,3_0,maxclust,complete,10.0,COMPLETED,Sobol,8.622212
0.2775581453997979,4,3_0,maxclust,complete,10.0,COMPLETED,Sobol,16.829499
0.2775581453997979,10,3_0,maxclust,complete,10.0,COMPLETED,Sobol,6.533749
0.4416831710667691,8,7_0,maxclust,average,10.0,COMPLETED,Sobol,14.745051
0.4416831710667691,23,7_0,maxclust,average,10.0,COMPLETED,Sobol,6.539408
0.4416831710667691,24,7_0,maxclust,average,10.0,COMPLETED,Sobol,10.815483
0.4416831710667691,11,7_0,maxclust,average,10.0,COMPLETED,Sobol,5.793346
0.4416831710667691,7,7_0,maxclust,average,10.0,COMPLETED,Sobol,8.999119
0.4416831710667691,16,7_0,maxclust,average,10.0,COMPLETED,Sobol,21.749345
3.826355467198626e-06,19,9_0,maxclust,single,10.0,COMPLETED,Sobol,12.784339
3.826355467198626e-06,9,9_0,maxclust,single,10.0,COMPLETED,Sobol,7.082744
