adjusted_rand_score,trial_index,arm_name,criterion,method,t,trial_status,generator_model
0.0,0,0_0,maxclust,single,3.0,COMPLETED,Sobol
0.0,7,0_0,maxclust,single,3.0,COMPLETED,Sobol
0.0,19,0_0,maxclust,single,3.0,COMPLETED,Sobol
0.0,9,0_0,maxclust,single,3.0,COMPLETED,Sobol
0.0157571943779536,13,11_0,maxclust,centroid,3.0,COMPLETED,Sobol
0.0157571943779536,15,11_0,maxclust,centroid,3.0,COMPLETED,Sobol
0.0157571943779536,17,11_0,maxclust,centroid,3.0,COMPLETED,Sobol
0.0157571943779536,11,11_0,maxclust,centroid,3.0,COMPLETED,Sobol
0.0157571943779536,21,11_0,maxclust,centroid,3.0,COMPLETED,Sobol
0.0,18,18_0,maxclust,complete,3.0,COMPLETED,Sobol
0.0202052078605381,12,1_0,maxclust,median,3.0,COMPLETED,Sobol
0.0202052078605381,6,1_0,maxclust,median,3.0,COMPLETED,Sobol
0.0202052078605381,1,1_0,maxclust,median,3.0,COMPLETED,Sobol
0.0202052078605381,16,1_0,maxclust,median,3.0,COMPLETED,Sobol
0.0202052078605381,23,1_0,maxclust,median,3.0,COMPLETED,Sobol
0.0202052078605381,2,2_0,maxclust,weighted,3.0,COMPLETED,Sobol
0.0202052078605381,8,2_0,maxclust,weighted,3.0,COMPLETED,Sobol
0.0202052078605381,4,2_0,maxclust,weighted,3.0,COMPLETED,Sobol
0.0202052078605381,22,3_0,maxclust,average,3.0,COMPLETED,Sobol
0.0202052078605381,20,3_0,maxclust,average,3.0,COMPLETED,Sobol
0.0202052078605381,3,3_0,maxclust,average,3.0,COMPLETED,Sobol
0.0157571943779536,24,5_0,maxclust,ward,3.0,COMPLETED,Sobol
0.0157571943779536,5,5_0,maxclust,ward,3.0,COMPLETED,Sobol
0.0157571943779536,14,5_0,maxclust,ward,3.0,COMPLETED,Sobol
0.0157571943779536,10,5_0,maxclust,ward,3.0,COMPLETED,Sobol
