adjusted_rand_score,trial_index,arm_name,criterion,method,t,trial_status,generator_model,compute_time
0.026457819375428,0,0_0,maxclust,ward,6.0,COMPLETED,Sobol,5.549848
0.026457819375428,4,0_0,maxclust,ward,6.0,COMPLETED,Sobol,10.260073
0.026457819375428,22,0_0,maxclust,ward,6.0,COMPLETED,Sobol,6.463486
0.026457819375428,8,0_0,maxclust,ward,6.0,COMPLETED,Sobol,9.827907
0.026457819375428,17,0_0,maxclust,ward,6.0,COMPLETED,Sobol,5.593274
0.026457819375428,15,0_0,maxclust,ward,6.0,COMPLETED,Sobol,5.260895
0.026457819375428,18,0_0,maxclust,ward,6.0,COMPLETED,Sobol,6.051297
-0.0002714261044184,13,13_0,maxclust,single,6.0,COMPLETED,Sobol,4.651481
-0.0002714261044184,23,13_0,maxclust,single,6.0,COMPLETED,Sobol,5.055314
-0.0038692631739583,19,1_0,maxclust,centroid,6.0,COMPLETED,Sobol,5.512041
-0.0038692631739583,1,1_0,maxclust,centroid,6.0,COMPLETED,Sobol,5.947765
-0.0038692631739583,11,1_0,maxclust,centroid,6.0,COMPLETED,Sobol,5.345758
0.011613023301459,5,2_0,maxclust,average,6.0,COMPLETED,Sobol,5.821854
0.011613023301459,21,2_0,maxclust,average,6.0,COMPLETED,Sobol,6.064056
0.011613023301459,2,2_0,maxclust,average,6.0,COMPLETED,Sobol,5.688714
0.011613023301459,10,2_0,maxclust,average,6.0,COMPLETED,Sobol,5.324993
0.011613023301459,6,2_0,maxclust,average,6.0,COMPLETED,Sobol,5.492319
-0.0008622563780761,3,3_0,maxclust,median,6.0,COMPLETED,Sobol,5.711074
-0.0008622563780761,14,3_0,maxclust,median,6.0,COMPLETED,Sobol,5.433865
0.0370339804492872,16,7_0,maxclust,complete,6.0,COMPLETED,Sobol,9.05038
0.0370339804492872,12,7_0,maxclust,complete,6.0,COMPLETED,Sobol,9.366193
0.0370339804492872,7,7_0,maxclust,complete,6.0,COMPLETED,Sobol,5.495098
0.0359066261715918,20,9_0,maxclust,weighted,6.0,COMPLETED,Sobol,10.060601
0.0359066261715918,24,9_0,maxclust,weighted,6.0,COMPLETED,Sobol,9.905743
0.0359066261715918,9,9_0,maxclust,weighted,6.0,COMPLETED,Sobol,5.486477
