adjusted_rand_score,trial_index,arm_name,criterion,method,t,trial_status,generator_model
0.0028281539056759,0,0_0,maxclust,weighted,6.0,COMPLETED,Sobol
0.0028281539056759,6,0_0,maxclust,weighted,6.0,COMPLETED,Sobol
0.0028281539056759,12,0_0,maxclust,weighted,6.0,COMPLETED,Sobol
0.0028281539056759,23,0_0,maxclust,weighted,6.0,COMPLETED,Sobol
0.0028281539056759,17,0_0,maxclust,weighted,6.0,COMPLETED,Sobol
0.0104790003918065,11,11_0,maxclust,complete,6.0,COMPLETED,Sobol
0.0104790003918065,18,11_0,maxclust,complete,6.0,COMPLETED,Sobol
0.0004059959064466,21,13_0,maxclust,centroid,6.0,COMPLETED,Sobol
0.0004059959064466,13,13_0,maxclust,centroid,6.0,COMPLETED,Sobol
0.0056597718357547,19,1_0,maxclust,ward,6.0,COMPLETED,Sobol
0.0056597718357547,10,1_0,maxclust,ward,6.0,COMPLETED,Sobol
0.0056597718357547,24,1_0,maxclust,ward,6.0,COMPLETED,Sobol
0.0056597718357547,1,1_0,maxclust,ward,6.0,COMPLETED,Sobol
0.0056597718357547,14,1_0,maxclust,ward,6.0,COMPLETED,Sobol
0.0024223027299761,5,2_0,maxclust,median,6.0,COMPLETED,Sobol
0.0024223027299761,8,2_0,maxclust,median,6.0,COMPLETED,Sobol
0.0024223027299761,22,2_0,maxclust,median,6.0,COMPLETED,Sobol
0.0024223027299761,2,2_0,maxclust,median,6.0,COMPLETED,Sobol
0.0024223027299761,15,2_0,maxclust,median,6.0,COMPLETED,Sobol
0.0052594233689569,4,3_0,maxclust,average,6.0,COMPLETED,Sobol
0.0052594233689569,3,3_0,maxclust,average,6.0,COMPLETED,Sobol
0.0093875119454731,16,7_0,maxclust,single,6.0,COMPLETED,Sobol
0.0093875119454731,20,7_0,maxclust,single,6.0,COMPLETED,Sobol
0.0093875119454731,7,7_0,maxclust,single,6.0,COMPLETED,Sobol
0.0093875119454731,9,7_0,maxclust,single,6.0,COMPLETED,Sobol
