adjusted_rand_score,trial_index,arm_name,criterion,method,t,trial_status,generator_model,compute_time
-0.0003075520854153,0,0_0,maxclust,weighted,2.0,COMPLETED,Unknown,0.018802
-0.0003075520854153,1,0_0,maxclust,weighted,2.0,COMPLETED,Unknown,0.009672
-0.0003075520854153,4,0_0,maxclust,weighted,2.0,COMPLETED,Unknown,0.009614
-0.0003075520854153,3,0_0,maxclust,weighted,2.0,COMPLETED,Unknown,0.009624
-0.0003075520854153,2,0_0,maxclust,weighted,2.0,COMPLETED,Unknown,0.009721
0.0,5,5_0,maxclust,median,2.0,COMPLETED,Unknown,0.00961
0.01712719585003248,39,6_0,maxclust,ward,2.0,COMPLETED,BO,5.560401
0.01712719585003248,40,6_0,maxclust,ward,2.0,COMPLETED,BO,4.979162
0.01712719585003248,41,6_0,maxclust,ward,2.0,COMPLETED,BO,5.329298
0.01712719585003248,42,6_0,maxclust,ward,2.0,COMPLETED,BO,5.26492
0.01712719585003248,43,6_0,maxclust,ward,2.0,COMPLETED,BO,5.668595
0.01712719585003248,44,6_0,maxclust,ward,2.0,COMPLETED,BO,5.300096
0.01712719585003248,45,6_0,maxclust,ward,2.0,COMPLETED,BO,5.335711
0.01712719585003248,46,6_0,maxclust,ward,2.0,COMPLETED,BO,5.423384
0.01712719585003248,47,6_0,maxclust,ward,2.0,COMPLETED,BO,6.030935
0.01712719585003248,48,6_0,maxclust,ward,2.0,COMPLETED,BO,5.857563
0.01712719585003248,50,6_0,maxclust,ward,2.0,COMPLETED,BO,5.155263
0.01712719585003248,38,6_0,maxclust,ward,2.0,COMPLETED,BO,4.92687
0.01712719585003248,51,6_0,maxclust,ward,2.0,COMPLETED,BO,6.116694
0.01712719585003248,52,6_0,maxclust,ward,2.0,COMPLETED,BO,5.148811
0.01712719585003248,53,6_0,maxclust,ward,2.0,COMPLETED,BO,5.622275
0.01712719585003248,54,6_0,maxclust,ward,2.0,COMPLETED,BO,5.871549
0.01712719585003248,55,6_0,maxclust,ward,2.0,COMPLETED,BO,6.636176
0.01712719585003248,56,6_0,maxclust,ward,2.0,COMPLETED,BO,5.16677
0.01712719585003248,57,6_0,maxclust,ward,2.0,COMPLETED,BO,5.302305
0.01712719585003248,58,6_0,maxclust,ward,2.0,COMPLETED,BO,4.995102
0.01712719585003248,59,6_0,maxclust,ward,2.0,COMPLETED,BO,5.30264
0.0171271958500324,6,6_0,maxclust,ward,2.0,COMPLETED,Unknown,0.009607
0.0171271958500324,7,6_0,maxclust,ward,2.0,COMPLETED,Unknown,0.010194
0.01712719585003248,49,6_0,maxclust,ward,2.0,COMPLETED,BO,5.024059
0.01712719585003248,37,6_0,maxclust,ward,2.0,COMPLETED,BO,5.200756
0.01712719585003248,35,6_0,maxclust,ward,2.0,COMPLETED,BO,6.13281
0.0171271958500324,8,6_0,maxclust,ward,2.0,COMPLETED,Unknown,0.009625
0.01712719585003248,10,6_0,maxclust,ward,2.0,COMPLETED,BO,5.596411
0.01712719585003248,11,6_0,maxclust,ward,2.0,COMPLETED,BO,5.145389
0.01712719585003248,12,6_0,maxclust,ward,2.0,COMPLETED,BO,5.124026
0.01712719585003248,13,6_0,maxclust,ward,2.0,COMPLETED,BO,5.116094
0.01712719585003248,14,6_0,maxclust,ward,2.0,COMPLETED,BO,6.644076
0.01712719585003248,15,6_0,maxclust,ward,2.0,COMPLETED,BO,7.990661
0.01712719585003248,16,6_0,maxclust,ward,2.0,COMPLETED,BO,5.227799
0.01712719585003248,17,6_0,maxclust,ward,2.0,COMPLETED,BO,5.165858
0.01712719585003248,18,6_0,maxclust,ward,2.0,COMPLETED,BO,6.069871
0.01712719585003248,19,6_0,maxclust,ward,2.0,COMPLETED,BO,5.051748
0.01712719585003248,20,6_0,maxclust,ward,2.0,COMPLETED,BO,5.11789
0.01712719585003248,21,6_0,maxclust,ward,2.0,COMPLETED,BO,4.891607
0.01712719585003248,22,6_0,maxclust,ward,2.0,COMPLETED,BO,5.148647
0.01712719585003248,23,6_0,maxclust,ward,2.0,COMPLETED,BO,6.134365
0.01712719585003248,24,6_0,maxclust,ward,2.0,COMPLETED,BO,5.323345
0.01712719585003248,25,6_0,maxclust,ward,2.0,COMPLETED,BO,5.755059
0.01712719585003248,26,6_0,maxclust,ward,2.0,COMPLETED,BO,7.192929
0.01712719585003248,27,6_0,maxclust,ward,2.0,COMPLETED,BO,8.003236
0.01712719585003248,28,6_0,maxclust,ward,2.0,COMPLETED,BO,6.738034
0.01712719585003248,29,6_0,maxclust,ward,2.0,COMPLETED,BO,6.1921
0.01712719585003248,30,6_0,maxclust,ward,2.0,COMPLETED,BO,6.116808
0.01712719585003248,31,6_0,maxclust,ward,2.0,COMPLETED,BO,5.627117
0.01712719585003248,32,6_0,maxclust,ward,2.0,COMPLETED,BO,5.125123
0.01712719585003248,33,6_0,maxclust,ward,2.0,COMPLETED,BO,5.476475
0.01712719585003248,34,6_0,maxclust,ward,2.0,COMPLETED,BO,5.774834
0.01712719585003248,36,6_0,maxclust,ward,2.0,COMPLETED,BO,5.020366
0.0,9,9_0,maxclust,centroid,2.0,COMPLETED,Unknown,0.00963
