adjusted_rand_score,trial_index,arm_name,criterion,method,t,trial_status,generator_model
0.3321501020586118,0,0_0,maxclust,weighted,6.0,COMPLETED,Sobol
0.3321501020586118,23,0_0,maxclust,weighted,6.0,COMPLETED,Sobol
0.3321501020586118,17,0_0,maxclust,weighted,6.0,COMPLETED,Sobol
0.3321501020586118,8,0_0,maxclust,weighted,6.0,COMPLETED,Sobol
0.3321501020586118,6,0_0,maxclust,weighted,6.0,COMPLETED,Sobol
0.3257291511931581,11,11_0,maxclust,median,6.0,COMPLETED,Sobol
0.459874890109388,24,14_0,maxclust,ward,6.0,COMPLETED,Sobol
0.459874890109388,14,14_0,maxclust,ward,6.0,COMPLETED,Sobol
0.459874890109388,19,14_0,maxclust,ward,6.0,COMPLETED,Sobol
9.166712614520676e-05,1,1_0,maxclust,centroid,6.0,COMPLETED,Sobol
9.166712614520676e-05,21,1_0,maxclust,centroid,6.0,COMPLETED,Sobol
9.166712614520676e-05,15,1_0,maxclust,centroid,6.0,COMPLETED,Sobol
0.0024078862538124,5,2_0,maxclust,average,6.0,COMPLETED,Sobol
0.0024078862538124,18,2_0,maxclust,average,6.0,COMPLETED,Sobol
0.0024078862538124,22,2_0,maxclust,average,6.0,COMPLETED,Sobol
0.0024078862538124,2,2_0,maxclust,average,6.0,COMPLETED,Sobol
9.095182796422855e-05,16,3_0,maxclust,single,6.0,COMPLETED,Sobol
9.095182796422855e-05,20,3_0,maxclust,single,6.0,COMPLETED,Sobol
9.095182796422855e-05,13,3_0,maxclust,single,6.0,COMPLETED,Sobol
9.095182796422855e-05,3,3_0,maxclust,single,6.0,COMPLETED,Sobol
9.095182796422855e-05,10,3_0,maxclust,single,6.0,COMPLETED,Sobol
9.095182796422855e-05,4,3_0,maxclust,single,6.0,COMPLETED,Sobol
0.329373404881023,12,7_0,maxclust,complete,6.0,COMPLETED,Sobol
0.329373404881023,7,7_0,maxclust,complete,6.0,COMPLETED,Sobol
0.329373404881023,9,7_0,maxclust,complete,6.0,COMPLETED,Sobol
