adjusted_rand_score,trial_index,arm_name,criterion,method,t,trial_status,generator_model
0.04898626411311,0,0_0,maxclust,average,4.0,COMPLETED,Sobol
0.04898626411311,23,0_0,maxclust,average,4.0,COMPLETED,Sobol
0.04898626411311,15,0_0,maxclust,average,4.0,COMPLETED,Sobol
0.04898626411311,8,0_0,maxclust,average,4.0,COMPLETED,Sobol
0.04898626411311,7,0_0,maxclust,average,4.0,COMPLETED,Sobol
0.0241880547691567,14,10_0,maxclust,ward,4.0,COMPLETED,Sobol
0.0241880547691567,10,10_0,maxclust,ward,4.0,COMPLETED,Sobol
-0.0062180854283301,19,19_0,maxclust,centroid,4.0,COMPLETED,Sobol
0.0648424400554781,1,1_0,maxclust,weighted,4.0,COMPLETED,Sobol
0.0648424400554781,16,1_0,maxclust,weighted,4.0,COMPLETED,Sobol
0.0648424400554781,13,1_0,maxclust,weighted,4.0,COMPLETED,Sobol
0.0,24,2_0,maxclust,single,4.0,COMPLETED,Sobol
0.0,22,2_0,maxclust,single,4.0,COMPLETED,Sobol
0.0,5,2_0,maxclust,single,4.0,COMPLETED,Sobol
0.0,11,2_0,maxclust,single,4.0,COMPLETED,Sobol
0.0,12,2_0,maxclust,single,4.0,COMPLETED,Sobol
0.0,17,2_0,maxclust,single,4.0,COMPLETED,Sobol
0.0,2,2_0,maxclust,single,4.0,COMPLETED,Sobol
0.0615503716655481,9,3_0,maxclust,median,4.0,COMPLETED,Sobol
0.0615503716655481,4,3_0,maxclust,median,4.0,COMPLETED,Sobol
0.0615503716655481,21,3_0,maxclust,median,4.0,COMPLETED,Sobol
0.0615503716655481,3,3_0,maxclust,median,4.0,COMPLETED,Sobol
0.0615503716655481,18,3_0,maxclust,median,4.0,COMPLETED,Sobol
0.0549063932696978,6,6_0,maxclust,complete,4.0,COMPLETED,Sobol
0.0549063932696978,20,6_0,maxclust,complete,4.0,COMPLETED,Sobol
