adjusted_rand_score,trial_index,arm_name,criterion,method,t,trial_status,generator_model,compute_time
0.1231418279244251,0,0_0,maxclust,ward,11.0,COMPLETED,Sobol,4.024195
0.1231418279244251,4,0_0,maxclust,ward,11.0,COMPLETED,Sobol,3.925109
0.1231418279244251,22,0_0,maxclust,ward,11.0,COMPLETED,Sobol,3.300087
0.1231418279244251,8,0_0,maxclust,ward,11.0,COMPLETED,Sobol,3.085709
0.1231418279244251,17,0_0,maxclust,ward,11.0,COMPLETED,Sobol,4.847576
0.1231418279244251,15,0_0,maxclust,ward,11.0,COMPLETED,Sobol,3.317614
0.1231418279244251,18,0_0,maxclust,ward,11.0,COMPLETED,Sobol,3.784428
0.0014356683152219,13,13_0,maxclust,single,11.0,COMPLETED,Sobol,5.049719
0.0014356683152219,23,13_0,maxclust,single,11.0,COMPLETED,Sobol,3.420655
0.068184124937057,19,1_0,maxclust,centroid,11.0,COMPLETED,Sobol,4.098507
0.068184124937057,1,1_0,maxclust,centroid,11.0,COMPLETED,Sobol,3.879417
0.068184124937057,11,1_0,maxclust,centroid,11.0,COMPLETED,Sobol,3.137996
0.1076813128709972,5,2_0,maxclust,average,11.0,COMPLETED,Sobol,3.268506
0.1076813128709972,21,2_0,maxclust,average,11.0,COMPLETED,Sobol,4.967771
0.1076813128709972,2,2_0,maxclust,average,11.0,COMPLETED,Sobol,3.889335
0.1076813128709972,10,2_0,maxclust,average,11.0,COMPLETED,Sobol,3.121808
0.1076813128709972,6,2_0,maxclust,average,11.0,COMPLETED,Sobol,3.238988
0.0071194816959277,3,3_0,maxclust,median,11.0,COMPLETED,Sobol,3.923871
0.0071194816959277,14,3_0,maxclust,median,11.0,COMPLETED,Sobol,3.274582
0.117025441213917,16,7_0,maxclust,complete,11.0,COMPLETED,Sobol,3.115958
0.117025441213917,12,7_0,maxclust,complete,11.0,COMPLETED,Sobol,3.123729
0.117025441213917,7,7_0,maxclust,complete,11.0,COMPLETED,Sobol,3.207399
0.1179672798305403,20,9_0,maxclust,weighted,11.0,COMPLETED,Sobol,3.187374
0.1179672798305403,24,9_0,maxclust,weighted,11.0,COMPLETED,Sobol,2.923996
0.1179672798305403,9,9_0,maxclust,weighted,11.0,COMPLETED,Sobol,4.980704
