adjusted_rand_score,trial_index,arm_name,criterion,method,t,trial_status,generator_model,compute_time
0.5270884835371428,0,0_0,maxclust,ward,10.0,COMPLETED,Sobol,4.313938
0.5270884835371428,7,0_0,maxclust,ward,10.0,COMPLETED,Sobol,3.971366
0.5270884835371428,21,0_0,maxclust,ward,10.0,COMPLETED,Sobol,5.149281
0.5270884835371428,8,0_0,maxclust,ward,10.0,COMPLETED,Sobol,3.853213
0.5270884835371428,12,0_0,maxclust,ward,10.0,COMPLETED,Sobol,3.962442
0.5270884835371428,17,0_0,maxclust,ward,10.0,COMPLETED,Sobol,5.32492
0.3947475848626346,16,1_0,maxclust,weighted,10.0,COMPLETED,Sobol,3.868179
0.3947475848626346,20,1_0,maxclust,weighted,10.0,COMPLETED,Sobol,4.29222
0.3947475848626346,13,1_0,maxclust,weighted,10.0,COMPLETED,Sobol,5.389219
0.3947475848626346,1,1_0,maxclust,weighted,10.0,COMPLETED,Sobol,4.247666
0.3947475848626346,11,1_0,maxclust,weighted,10.0,COMPLETED,Sobol,4.266934
2.182282609884763e-05,18,2_0,maxclust,single,10.0,COMPLETED,Sobol,4.517284
2.182282609884763e-05,2,2_0,maxclust,single,10.0,COMPLETED,Sobol,4.229191
7.376753311507166e-06,14,3_0,maxclust,median,10.0,COMPLETED,Sobol,3.874948
7.376753311507166e-06,24,3_0,maxclust,median,10.0,COMPLETED,Sobol,3.844433
7.376753311507166e-06,3,3_0,maxclust,median,10.0,COMPLETED,Sobol,4.300054
0.2448957890170758,19,4_0,maxclust,complete,10.0,COMPLETED,Sobol,6.125197
0.2448957890170758,10,4_0,maxclust,complete,10.0,COMPLETED,Sobol,3.616868
0.2448957890170758,4,4_0,maxclust,complete,10.0,COMPLETED,Sobol,4.224087
0.0,5,5_0,maxclust,centroid,10.0,COMPLETED,Sobol,3.837615
0.0,23,5_0,maxclust,centroid,10.0,COMPLETED,Sobol,4.243616
0.0,15,5_0,maxclust,centroid,10.0,COMPLETED,Sobol,5.223037
0.0,9,5_0,maxclust,centroid,10.0,COMPLETED,Sobol,5.502121
0.4513364701258934,6,6_0,maxclust,average,10.0,COMPLETED,Sobol,3.712833
0.4513364701258934,22,6_0,maxclust,average,10.0,COMPLETED,Sobol,4.668759
