adjusted_rand_score,trial_index,arm_name,criterion,method,t,trial_status,generator_model,compute_time
0.3247009227650138,0,0_0,maxclust,average,6.0,COMPLETED,Sobol,35.402822
0.3247009227650138,19,0_0,maxclust,average,6.0,COMPLETED,Sobol,31.089945
0.3247009227650138,20,0_0,maxclust,average,6.0,COMPLETED,Sobol,59.366471
0.3247009227650138,11,0_0,maxclust,average,6.0,COMPLETED,Sobol,29.07532
0.3196679954509593,1,1_0,maxclust,weighted,6.0,COMPLETED,Sobol,35.54261
0.3196679954509593,7,1_0,maxclust,weighted,6.0,COMPLETED,Sobol,34.599418
0.3196679954509593,16,1_0,maxclust,weighted,6.0,COMPLETED,Sobol,61.264793
0.3196679954509593,22,1_0,maxclust,weighted,6.0,COMPLETED,Sobol,31.524213
-2.161260584208991e-05,12,2_0,maxclust,single,6.0,COMPLETED,Sobol,61.296647
-2.161260584208991e-05,24,2_0,maxclust,single,6.0,COMPLETED,Sobol,54.982562
-2.161260584208991e-05,17,2_0,maxclust,single,6.0,COMPLETED,Sobol,33.603285
-2.161260584208991e-05,2,2_0,maxclust,single,6.0,COMPLETED,Sobol,33.190477
0.5146514976448956,3,3_0,maxclust,ward,6.0,COMPLETED,Sobol,35.350029
0.5146514976448956,21,3_0,maxclust,ward,6.0,COMPLETED,Sobol,31.100325
0.5146514976448956,8,3_0,maxclust,ward,6.0,COMPLETED,Sobol,66.609246
-0.0001069217845792,18,4_0,maxclust,median,6.0,COMPLETED,Sobol,29.005
-0.0001069217845792,14,4_0,maxclust,median,6.0,COMPLETED,Sobol,32.570097
-0.0001069217845792,4,4_0,maxclust,median,6.0,COMPLETED,Sobol,69.307904
0.3315760357044917,23,5_0,maxclust,centroid,6.0,COMPLETED,Sobol,31.661766
0.3315760357044917,15,5_0,maxclust,centroid,6.0,COMPLETED,Sobol,33.441157
0.3315760357044917,5,5_0,maxclust,centroid,6.0,COMPLETED,Sobol,36.292745
0.3315760357044917,9,5_0,maxclust,centroid,6.0,COMPLETED,Sobol,33.567364
0.2982595383342766,10,6_0,maxclust,complete,6.0,COMPLETED,Sobol,31.974137
0.2982595383342766,6,6_0,maxclust,complete,6.0,COMPLETED,Sobol,34.994814
0.2982595383342766,13,6_0,maxclust,complete,6.0,COMPLETED,Sobol,36.418051
