adjusted_rand_score,trial_index,arm_name,criterion,method,t,trial_status,generator_model,compute_time
-0.0219991121682418,0,0_0,maxclust,complete,2.0,COMPLETED,Sobol,3.83669
-0.0219991121682418,7,0_0,maxclust,complete,2.0,COMPLETED,Sobol,3.770837
-0.0219991121682418,12,0_0,maxclust,complete,2.0,COMPLETED,Sobol,6.60467
-0.0219991121682418,16,0_0,maxclust,complete,2.0,COMPLETED,Sobol,6.546947
-0.0219991121682418,21,0_0,maxclust,complete,2.0,COMPLETED,Sobol,3.858557
-0.0219991121682418,2,0_0,maxclust,complete,2.0,COMPLETED,Sobol,3.875236
0.0366732533588345,10,1_0,maxclust,ward,2.0,COMPLETED,Sobol,3.697458
0.0366732533588345,1,1_0,maxclust,ward,2.0,COMPLETED,Sobol,3.943065
0.0366732533588345,24,1_0,maxclust,ward,2.0,COMPLETED,Sobol,6.872401
0.0366732533588345,23,1_0,maxclust,ward,2.0,COMPLETED,Sobol,3.71617
0.0366732533588345,19,1_0,maxclust,ward,2.0,COMPLETED,Sobol,3.605093
0.0542755327143877,3,3_0,maxclust,weighted,2.0,COMPLETED,Sobol,3.915327
0.0542755327143877,20,3_0,maxclust,weighted,2.0,COMPLETED,Sobol,6.545645
0.0,14,4_0,maxclust,median,2.0,COMPLETED,Sobol,3.732841
0.0,4,4_0,maxclust,median,2.0,COMPLETED,Sobol,6.724856
0.0,11,4_0,maxclust,median,2.0,COMPLETED,Sobol,3.761589
0.0265642888288639,17,5_0,maxclust,centroid,2.0,COMPLETED,Sobol,3.829873
0.0265642888288639,15,5_0,maxclust,centroid,2.0,COMPLETED,Sobol,3.665647
0.0265642888288639,5,5_0,maxclust,centroid,2.0,COMPLETED,Sobol,3.901863
0.0274521769158753,22,6_0,maxclust,average,2.0,COMPLETED,Sobol,3.681795
0.0274521769158753,13,6_0,maxclust,average,2.0,COMPLETED,Sobol,3.984139
0.0274521769158753,6,6_0,maxclust,average,2.0,COMPLETED,Sobol,3.670815
0.0274521769158753,9,6_0,maxclust,average,2.0,COMPLETED,Sobol,3.885698
-0.0018351240363008,18,8_0,maxclust,single,2.0,COMPLETED,Sobol,3.594594
-0.0018351240363008,8,8_0,maxclust,single,2.0,COMPLETED,Sobol,6.540957
