adjusted_rand_score,trial_index,arm_name,criterion,method,t,trial_status,generator_model,compute_time
-0.0014269582588249,0,0_0,maxclust,centroid,2.0,COMPLETED,Unknown,0.017211
-0.0014269582588249,1,0_0,maxclust,centroid,2.0,COMPLETED,Unknown,0.006654
-0.0014269582588249,3,0_0,maxclust,centroid,2.0,COMPLETED,Unknown,0.006584
-0.0014269582588249,2,0_0,maxclust,centroid,2.0,COMPLETED,Unknown,0.006607
0.0048283446965917,5,4_0,maxclust,weighted,2.0,COMPLETED,Unknown,0.006668
0.0048283446965917,4,4_0,maxclust,weighted,2.0,COMPLETED,Unknown,0.006597
0.5750409366326297,39,6_0,maxclust,ward,2.0,COMPLETED,BO,4.767544
0.5750409366326297,40,6_0,maxclust,ward,2.0,COMPLETED,BO,5.761472
0.5750409366326297,41,6_0,maxclust,ward,2.0,COMPLETED,BO,3.732088
0.5750409366326297,42,6_0,maxclust,ward,2.0,COMPLETED,BO,4.456305
0.5750409366326297,43,6_0,maxclust,ward,2.0,COMPLETED,BO,7.425263
0.5750409366326297,44,6_0,maxclust,ward,2.0,COMPLETED,BO,8.611707
0.5750409366326297,45,6_0,maxclust,ward,2.0,COMPLETED,BO,9.79042
0.5750409366326297,46,6_0,maxclust,ward,2.0,COMPLETED,BO,7.71943
0.5750409366326297,47,6_0,maxclust,ward,2.0,COMPLETED,BO,4.099079
0.5750409366326297,48,6_0,maxclust,ward,2.0,COMPLETED,BO,3.980028
0.5750409366326297,50,6_0,maxclust,ward,2.0,COMPLETED,BO,3.79292
0.5750409366326297,38,6_0,maxclust,ward,2.0,COMPLETED,BO,4.686071
0.5750409366326297,51,6_0,maxclust,ward,2.0,COMPLETED,BO,3.887669
0.5750409366326297,52,6_0,maxclust,ward,2.0,COMPLETED,BO,4.1487
0.5750409366326297,53,6_0,maxclust,ward,2.0,COMPLETED,BO,4.35576
0.5750409366326297,54,6_0,maxclust,ward,2.0,COMPLETED,BO,4.101563
0.5750409366326297,55,6_0,maxclust,ward,2.0,COMPLETED,BO,3.910791
0.5750409366326297,56,6_0,maxclust,ward,2.0,COMPLETED,BO,3.044073
0.5750409366326297,57,6_0,maxclust,ward,2.0,COMPLETED,BO,2.968382
0.5750409366326297,58,6_0,maxclust,ward,2.0,COMPLETED,BO,2.937483
0.5750409366326297,59,6_0,maxclust,ward,2.0,COMPLETED,BO,2.766693
0.5750409366326297,6,6_0,maxclust,ward,2.0,COMPLETED,Unknown,0.006606
0.5750409366326297,7,6_0,maxclust,ward,2.0,COMPLETED,Unknown,0.006979
0.5750409366326297,49,6_0,maxclust,ward,2.0,COMPLETED,BO,3.844995
0.5750409366326297,37,6_0,maxclust,ward,2.0,COMPLETED,BO,4.648888
0.5750409366326297,35,6_0,maxclust,ward,2.0,COMPLETED,BO,4.410637
0.5750409366326297,8,6_0,maxclust,ward,2.0,COMPLETED,Unknown,0.006601
0.5750409366326297,10,6_0,maxclust,ward,2.0,COMPLETED,BO,4.94796
0.5750409366326297,11,6_0,maxclust,ward,2.0,COMPLETED,BO,4.774875
0.5750409366326297,12,6_0,maxclust,ward,2.0,COMPLETED,BO,4.800944
0.5750409366326297,13,6_0,maxclust,ward,2.0,COMPLETED,BO,4.635234
0.5750409366326297,14,6_0,maxclust,ward,2.0,COMPLETED,BO,4.725204
0.5750409366326297,15,6_0,maxclust,ward,2.0,COMPLETED,BO,4.144382
0.5750409366326297,16,6_0,maxclust,ward,2.0,COMPLETED,BO,4.143276
0.5750409366326297,17,6_0,maxclust,ward,2.0,COMPLETED,BO,4.327661
0.5750409366326297,18,6_0,maxclust,ward,2.0,COMPLETED,BO,4.335268
0.5750409366326297,19,6_0,maxclust,ward,2.0,COMPLETED,BO,4.247852
0.5750409366326297,20,6_0,maxclust,ward,2.0,COMPLETED,BO,4.498466
0.5750409366326297,21,6_0,maxclust,ward,2.0,COMPLETED,BO,4.785747
0.5750409366326297,22,6_0,maxclust,ward,2.0,COMPLETED,BO,4.981652
0.5750409366326297,23,6_0,maxclust,ward,2.0,COMPLETED,BO,5.268863
0.5750409366326297,24,6_0,maxclust,ward,2.0,COMPLETED,BO,5.550574
0.5750409366326297,25,6_0,maxclust,ward,2.0,COMPLETED,BO,5.060387
0.5750409366326297,26,6_0,maxclust,ward,2.0,COMPLETED,BO,5.017796
0.5750409366326297,27,6_0,maxclust,ward,2.0,COMPLETED,BO,6.062258
0.5750409366326297,28,6_0,maxclust,ward,2.0,COMPLETED,BO,3.680011
0.5750409366326297,29,6_0,maxclust,ward,2.0,COMPLETED,BO,3.722512
0.5750409366326297,30,6_0,maxclust,ward,2.0,COMPLETED,BO,3.807278
0.5750409366326297,31,6_0,maxclust,ward,2.0,COMPLETED,BO,3.876228
0.5750409366326297,32,6_0,maxclust,ward,2.0,COMPLETED,BO,3.934422
0.5750409366326297,33,6_0,maxclust,ward,2.0,COMPLETED,BO,4.136242
0.5750409366326297,34,6_0,maxclust,ward,2.0,COMPLETED,BO,4.638202
0.5750409366326297,36,6_0,maxclust,ward,2.0,COMPLETED,BO,4.129404
0.0048283446965917,9,9_0,maxclust,median,2.0,COMPLETED,Unknown,0.006588
