adjusted_rand_score,trial_index,arm_name,criterion,method,t,trial_status,generator_model
0.0143826832857603,0,0_0,maxclust,ward,2.0,COMPLETED,Sobol
0.0143826832857603,22,0_0,maxclust,ward,2.0,COMPLETED,Sobol
0.0143826832857603,4,0_0,maxclust,ward,2.0,COMPLETED,Sobol
0.0143826832857603,18,0_0,maxclust,ward,2.0,COMPLETED,Sobol
0.0143826832857603,17,0_0,maxclust,ward,2.0,COMPLETED,Sobol
0.0143826832857603,15,0_0,maxclust,ward,2.0,COMPLETED,Sobol
0.0143826832857603,8,0_0,maxclust,ward,2.0,COMPLETED,Sobol
0.035491909149488,23,13_0,maxclust,single,2.0,COMPLETED,Sobol
0.035491909149488,13,13_0,maxclust,single,2.0,COMPLETED,Sobol
-0.0033049146171588,11,1_0,maxclust,centroid,2.0,COMPLETED,Sobol
-0.0033049146171588,1,1_0,maxclust,centroid,2.0,COMPLETED,Sobol
-0.0033049146171588,19,1_0,maxclust,centroid,2.0,COMPLETED,Sobol
-0.0033049146171588,21,2_0,maxclust,average,2.0,COMPLETED,Sobol
-0.0033049146171588,2,2_0,maxclust,average,2.0,COMPLETED,Sobol
-0.0033049146171588,10,2_0,maxclust,average,2.0,COMPLETED,Sobol
-0.0033049146171588,5,2_0,maxclust,average,2.0,COMPLETED,Sobol
-0.0033049146171588,6,2_0,maxclust,average,2.0,COMPLETED,Sobol
-0.0033049146171588,14,3_0,maxclust,median,2.0,COMPLETED,Sobol
-0.0033049146171588,3,3_0,maxclust,median,2.0,COMPLETED,Sobol
-0.0251085934508942,16,7_0,maxclust,complete,2.0,COMPLETED,Sobol
-0.0251085934508942,12,7_0,maxclust,complete,2.0,COMPLETED,Sobol
-0.0251085934508942,7,7_0,maxclust,complete,2.0,COMPLETED,Sobol
-0.0033049146171588,24,9_0,maxclust,weighted,2.0,COMPLETED,Sobol
-0.0033049146171588,20,9_0,maxclust,weighted,2.0,COMPLETED,Sobol
-0.0033049146171588,9,9_0,maxclust,weighted,2.0,COMPLETED,Sobol
