adjusted_rand_score,trial_index,arm_name,criterion,method,t,trial_status,generator_model,compute_time
-0.0009298259145637,0,0_0,maxclust,centroid,2.0,COMPLETED,Sobol,4.277392
-0.0009298259145637,6,0_0,maxclust,centroid,2.0,COMPLETED,Sobol,3.392686
-0.0009298259145637,12,0_0,maxclust,centroid,2.0,COMPLETED,Sobol,3.007386
-0.0009298259145637,18,0_0,maxclust,centroid,2.0,COMPLETED,Sobol,6.150184
0.1247790531320218,21,17_0,maxclust,weighted,2.0,COMPLETED,Sobol,7.261535
0.1247790531320218,17,17_0,maxclust,weighted,2.0,COMPLETED,Sobol,6.639317
0.2609414981874891,5,1_0,maxclust,ward,2.0,COMPLETED,Sobol,3.394323
0.2609414981874891,1,1_0,maxclust,ward,2.0,COMPLETED,Sobol,4.121252
0.2609414981874891,14,1_0,maxclust,ward,2.0,COMPLETED,Sobol,3.564433
0.0,2,2_0,maxclust,median,2.0,COMPLETED,Sobol,3.739364
0.0,20,2_0,maxclust,median,2.0,COMPLETED,Sobol,5.718714
0.0,15,2_0,maxclust,median,2.0,COMPLETED,Sobol,3.102934
0.0,13,2_0,maxclust,median,2.0,COMPLETED,Sobol,4.646777
0.2708445127296633,22,3_0,maxclust,complete,2.0,COMPLETED,Sobol,4.210566
0.2708445127296633,3,3_0,maxclust,complete,2.0,COMPLETED,Sobol,3.522111
0.2708445127296633,4,3_0,maxclust,complete,2.0,COMPLETED,Sobol,3.515501
0.2708445127296633,10,3_0,maxclust,complete,2.0,COMPLETED,Sobol,3.100289
0.0737524395538497,8,7_0,maxclust,average,2.0,COMPLETED,Sobol,3.400508
0.0737524395538497,23,7_0,maxclust,average,2.0,COMPLETED,Sobol,4.051588
0.0737524395538497,24,7_0,maxclust,average,2.0,COMPLETED,Sobol,3.590312
0.0737524395538497,11,7_0,maxclust,average,2.0,COMPLETED,Sobol,3.205169
0.0737524395538497,7,7_0,maxclust,average,2.0,COMPLETED,Sobol,3.387585
0.0737524395538497,16,7_0,maxclust,average,2.0,COMPLETED,Sobol,2.901638
-0.0009298259145637,19,9_0,maxclust,single,2.0,COMPLETED,Sobol,6.124205
-0.0009298259145637,9,9_0,maxclust,single,2.0,COMPLETED,Sobol,5.046528
