adjusted_rand_score,trial_index,arm_name,criterion,method,t,trial_status,generator_model
0.0778282294856881,0,0_0,maxclust,weighted,11.0,COMPLETED,Sobol
0.0778282294856881,8,0_0,maxclust,weighted,11.0,COMPLETED,Sobol
0.0778282294856881,6,0_0,maxclust,weighted,11.0,COMPLETED,Sobol
0.0778282294856881,17,0_0,maxclust,weighted,11.0,COMPLETED,Sobol
0.0778282294856881,23,0_0,maxclust,weighted,11.0,COMPLETED,Sobol
0.0307702470371697,11,11_0,maxclust,median,11.0,COMPLETED,Sobol
0.1172129731559235,14,14_0,maxclust,ward,11.0,COMPLETED,Sobol
0.1172129731559235,19,14_0,maxclust,ward,11.0,COMPLETED,Sobol
0.1172129731559235,24,14_0,maxclust,ward,11.0,COMPLETED,Sobol
0.0484667115068079,15,1_0,maxclust,centroid,11.0,COMPLETED,Sobol
0.0484667115068079,1,1_0,maxclust,centroid,11.0,COMPLETED,Sobol
0.0484667115068079,21,1_0,maxclust,centroid,11.0,COMPLETED,Sobol
0.0781488057973329,18,2_0,maxclust,average,11.0,COMPLETED,Sobol
0.0781488057973329,22,2_0,maxclust,average,11.0,COMPLETED,Sobol
0.0781488057973329,2,2_0,maxclust,average,11.0,COMPLETED,Sobol
0.0781488057973329,5,2_0,maxclust,average,11.0,COMPLETED,Sobol
0.0022180149704371,4,3_0,maxclust,single,11.0,COMPLETED,Sobol
0.0022180149704371,3,3_0,maxclust,single,11.0,COMPLETED,Sobol
0.0022180149704371,10,3_0,maxclust,single,11.0,COMPLETED,Sobol
0.0022180149704371,13,3_0,maxclust,single,11.0,COMPLETED,Sobol
0.0022180149704371,20,3_0,maxclust,single,11.0,COMPLETED,Sobol
0.0022180149704371,16,3_0,maxclust,single,11.0,COMPLETED,Sobol
0.1474045370321765,7,7_0,maxclust,complete,11.0,COMPLETED,Sobol
0.1474045370321765,12,7_0,maxclust,complete,11.0,COMPLETED,Sobol
0.1474045370321765,9,7_0,maxclust,complete,11.0,COMPLETED,Sobol
