adjusted_rand_score,trial_index,arm_name,criterion,method,t,trial_status,generator_model,compute_time
-0.0009941848795322,0,0_0,maxclust,single,4.0,COMPLETED,Sobol,3.846556
-0.0009941848795322,7,0_0,maxclust,single,4.0,COMPLETED,Sobol,4.196365
-0.0009941848795322,19,0_0,maxclust,single,4.0,COMPLETED,Sobol,3.90852
-0.0009941848795322,9,0_0,maxclust,single,4.0,COMPLETED,Sobol,5.223678
0.0,13,11_0,maxclust,centroid,4.0,COMPLETED,Sobol,4.585874
0.0,15,11_0,maxclust,centroid,4.0,COMPLETED,Sobol,3.40928
0.0,17,11_0,maxclust,centroid,4.0,COMPLETED,Sobol,4.751294
0.0,11,11_0,maxclust,centroid,4.0,COMPLETED,Sobol,3.751385
0.0,21,11_0,maxclust,centroid,4.0,COMPLETED,Sobol,3.808278
0.6967321183161476,18,18_0,maxclust,complete,4.0,COMPLETED,Sobol,4.201256
-0.0013245405452405,12,1_0,maxclust,median,4.0,COMPLETED,Sobol,3.736569
-0.0013245405452405,6,1_0,maxclust,median,4.0,COMPLETED,Sobol,4.374489
-0.0013245405452405,16,1_0,maxclust,median,4.0,COMPLETED,Sobol,3.510515
-0.0013245405452405,1,1_0,maxclust,median,4.0,COMPLETED,Sobol,3.681725
-0.0013245405452405,23,1_0,maxclust,median,4.0,COMPLETED,Sobol,3.604981
0.9286378154675736,8,2_0,maxclust,weighted,4.0,COMPLETED,Sobol,4.285885
0.9286378154675736,2,2_0,maxclust,weighted,4.0,COMPLETED,Sobol,3.712081
0.9286378154675736,4,2_0,maxclust,weighted,4.0,COMPLETED,Sobol,3.504516
0.97737458212551,22,3_0,maxclust,average,4.0,COMPLETED,Sobol,3.595028
0.97737458212551,3,3_0,maxclust,average,4.0,COMPLETED,Sobol,3.479966
0.97737458212551,20,3_0,maxclust,average,4.0,COMPLETED,Sobol,3.587128
0.9848566742730436,24,5_0,maxclust,ward,4.0,COMPLETED,Sobol,4.174702
0.9848566742730436,5,5_0,maxclust,ward,4.0,COMPLETED,Sobol,4.273067
0.9848566742730436,14,5_0,maxclust,ward,4.0,COMPLETED,Sobol,4.45404
0.9848566742730436,10,5_0,maxclust,ward,4.0,COMPLETED,Sobol,3.717537
