adjusted_rand_score,trial_index,arm_name,criterion,method,t,trial_status,generator_model,compute_time
-0.0009941848795322,0,0_0,maxclust,single,4.0,COMPLETED,Sobol,5.864099
-0.0009941848795322,19,0_0,maxclust,single,4.0,COMPLETED,Sobol,3.744064
0.6967321183161476,17,13_0,maxclust,complete,4.0,COMPLETED,Sobol,3.702969
0.6967321183161476,15,13_0,maxclust,complete,4.0,COMPLETED,Sobol,4.266813
0.6967321183161476,13,13_0,maxclust,complete,4.0,COMPLETED,Sobol,4.249357
0.6967321183161476,20,13_0,maxclust,complete,4.0,COMPLETED,Sobol,6.556199
0.9848566742730436,14,1_0,maxclust,ward,4.0,COMPLETED,Sobol,4.264215
0.9848566742730436,1,1_0,maxclust,ward,4.0,COMPLETED,Sobol,5.696126
0.9848566742730436,5,1_0,maxclust,ward,4.0,COMPLETED,Sobol,8.232251
0.9848566742730436,23,1_0,maxclust,ward,4.0,COMPLETED,Sobol,3.191986
0.9848566742730436,10,1_0,maxclust,ward,4.0,COMPLETED,Sobol,4.78005
0.0,12,2_0,maxclust,centroid,4.0,COMPLETED,Sobol,8.242629
0.0,2,2_0,maxclust,centroid,4.0,COMPLETED,Sobol,5.718058
0.0,8,2_0,maxclust,centroid,4.0,COMPLETED,Sobol,12.317757
-0.0013245405452405,21,3_0,maxclust,median,4.0,COMPLETED,Sobol,3.412618
-0.0013245405452405,18,3_0,maxclust,median,4.0,COMPLETED,Sobol,3.739946
-0.0013245405452405,24,3_0,maxclust,median,4.0,COMPLETED,Sobol,6.235567
-0.0013245405452405,3,3_0,maxclust,median,4.0,COMPLETED,Sobol,5.892345
-0.0013245405452405,4,3_0,maxclust,median,4.0,COMPLETED,Sobol,13.52971
-0.0013245405452405,9,3_0,maxclust,median,4.0,COMPLETED,Sobol,4.692316
0.97737458212551,22,6_0,maxclust,average,4.0,COMPLETED,Sobol,3.436535
0.97737458212551,6,6_0,maxclust,average,4.0,COMPLETED,Sobol,8.435093
0.9286378154675736,11,7_0,maxclust,weighted,4.0,COMPLETED,Sobol,4.457443
0.9286378154675736,16,7_0,maxclust,weighted,4.0,COMPLETED,Sobol,7.489777
0.9286378154675736,7,7_0,maxclust,weighted,4.0,COMPLETED,Sobol,8.488845
