adjusted_rand_score,trial_index,arm_name,criterion,method,t,trial_status,generator_model,compute_time
0.1223567708574827,0,0_0,maxclust,average,3.0,COMPLETED,Unknown,0.01351
0.12235677085748274,37,0_0,maxclust,average,3.0,COMPLETED,BO,4.968724
0.12235677085748274,38,0_0,maxclust,average,3.0,COMPLETED,BO,4.536082
0.12235677085748274,39,0_0,maxclust,average,3.0,COMPLETED,BO,5.595408
0.12235677085748274,40,0_0,maxclust,average,3.0,COMPLETED,BO,3.123854
0.1223567708574827,4,0_0,maxclust,average,3.0,COMPLETED,Unknown,0.006584
0.12235677085748274,41,0_0,maxclust,average,3.0,COMPLETED,BO,4.750947
0.12235677085748274,42,0_0,maxclust,average,3.0,COMPLETED,BO,7.658716
0.12235677085748274,43,0_0,maxclust,average,3.0,COMPLETED,BO,5.160978
0.12235677085748274,44,0_0,maxclust,average,3.0,COMPLETED,BO,2.856511
0.12235677085748274,45,0_0,maxclust,average,3.0,COMPLETED,BO,6.234909
0.12235677085748274,46,0_0,maxclust,average,3.0,COMPLETED,BO,3.851902
0.12235677085748274,36,0_0,maxclust,average,3.0,COMPLETED,BO,2.747254
0.12235677085748274,47,0_0,maxclust,average,3.0,COMPLETED,BO,6.639958
0.12235677085748274,49,0_0,maxclust,average,3.0,COMPLETED,BO,11.231696
0.12235677085748274,50,0_0,maxclust,average,3.0,COMPLETED,BO,4.10849
0.12235677085748274,51,0_0,maxclust,average,3.0,COMPLETED,BO,5.574129
0.12235677085748274,52,0_0,maxclust,average,3.0,COMPLETED,BO,2.921677
0.12235677085748274,53,0_0,maxclust,average,3.0,COMPLETED,BO,4.442417
0.12235677085748274,54,0_0,maxclust,average,3.0,COMPLETED,BO,5.886801
0.12235677085748274,55,0_0,maxclust,average,3.0,COMPLETED,BO,6.050511
0.12235677085748274,56,0_0,maxclust,average,3.0,COMPLETED,BO,4.567127
0.12235677085748274,57,0_0,maxclust,average,3.0,COMPLETED,BO,3.441467
0.12235677085748274,58,0_0,maxclust,average,3.0,COMPLETED,BO,2.784042
0.12235677085748274,59,0_0,maxclust,average,3.0,COMPLETED,BO,2.613744
0.12235677085748274,48,0_0,maxclust,average,3.0,COMPLETED,BO,3.97307
0.12235677085748274,34,0_0,maxclust,average,3.0,COMPLETED,BO,3.954772
0.12235677085748274,35,0_0,maxclust,average,3.0,COMPLETED,BO,6.487764
0.12235677085748274,32,0_0,maxclust,average,3.0,COMPLETED,BO,4.198849
0.12235677085748274,10,0_0,maxclust,average,3.0,COMPLETED,BO,6.24242
0.1223567708574827,1,0_0,maxclust,average,3.0,COMPLETED,Unknown,0.006782
0.12235677085748274,11,0_0,maxclust,average,3.0,COMPLETED,BO,3.80546
0.12235677085748274,12,0_0,maxclust,average,3.0,COMPLETED,BO,6.486403
0.12235677085748274,13,0_0,maxclust,average,3.0,COMPLETED,BO,3.742003
0.12235677085748274,14,0_0,maxclust,average,3.0,COMPLETED,BO,5.858068
0.12235677085748274,15,0_0,maxclust,average,3.0,COMPLETED,BO,5.950613
0.12235677085748274,16,0_0,maxclust,average,3.0,COMPLETED,BO,8.763566
0.12235677085748274,17,0_0,maxclust,average,3.0,COMPLETED,BO,6.170567
0.12235677085748274,18,0_0,maxclust,average,3.0,COMPLETED,BO,2.834574
0.12235677085748274,19,0_0,maxclust,average,3.0,COMPLETED,BO,5.301233
0.12235677085748274,33,0_0,maxclust,average,3.0,COMPLETED,BO,3.787925
0.1223567708574827,2,0_0,maxclust,average,3.0,COMPLETED,Unknown,0.006603
0.12235677085748274,20,0_0,maxclust,average,3.0,COMPLETED,BO,6.569284
0.12235677085748274,22,0_0,maxclust,average,3.0,COMPLETED,BO,4.766932
0.12235677085748274,23,0_0,maxclust,average,3.0,COMPLETED,BO,6.001586
0.12235677085748274,24,0_0,maxclust,average,3.0,COMPLETED,BO,3.45286
0.12235677085748274,25,0_0,maxclust,average,3.0,COMPLETED,BO,7.428962
0.12235677085748274,26,0_0,maxclust,average,3.0,COMPLETED,BO,3.500554
0.12235677085748274,27,0_0,maxclust,average,3.0,COMPLETED,BO,3.851901
0.12235677085748274,28,0_0,maxclust,average,3.0,COMPLETED,BO,5.095827
0.12235677085748274,29,0_0,maxclust,average,3.0,COMPLETED,BO,6.72053
0.12235677085748274,21,0_0,maxclust,average,3.0,COMPLETED,BO,3.619627
0.12235677085748274,30,0_0,maxclust,average,3.0,COMPLETED,BO,4.000706
0.1223567708574827,3,0_0,maxclust,average,3.0,COMPLETED,Unknown,0.006588
0.12235677085748274,31,0_0,maxclust,average,3.0,COMPLETED,BO,10.335143
0.1206657150961311,6,5_0,maxclust,ward,3.0,COMPLETED,Unknown,0.006586
0.1206657150961311,5,5_0,maxclust,ward,3.0,COMPLETED,Unknown,0.006663
0.0,7,7_0,maxclust,centroid,3.0,COMPLETED,Unknown,0.006979
0.0782639050312928,8,8_0,maxclust,weighted,3.0,COMPLETED,Unknown,0.006577
0.0782639050312928,9,8_0,maxclust,weighted,3.0,COMPLETED,Unknown,0.0066
