adjusted_rand_score,trial_index,arm_name,criterion,method,t,trial_status,generator_model,compute_time
0.0140614725087497,0,0_0,maxclust,complete,2.0,COMPLETED,Sobol,7.386745
0.0140614725087497,7,0_0,maxclust,complete,2.0,COMPLETED,Sobol,7.468504
0.0140614725087497,12,0_0,maxclust,complete,2.0,COMPLETED,Sobol,16.693933
0.0140614725087497,16,0_0,maxclust,complete,2.0,COMPLETED,Sobol,15.93228
0.0140614725087497,21,0_0,maxclust,complete,2.0,COMPLETED,Sobol,6.782706
0.0140614725087497,2,0_0,maxclust,complete,2.0,COMPLETED,Sobol,7.008787
0.1553856185419306,10,1_0,maxclust,ward,2.0,COMPLETED,Sobol,8.479384
0.1553856185419306,1,1_0,maxclust,ward,2.0,COMPLETED,Sobol,6.822004
0.1553856185419306,24,1_0,maxclust,ward,2.0,COMPLETED,Sobol,11.620374
0.1553856185419306,23,1_0,maxclust,ward,2.0,COMPLETED,Sobol,5.766638
0.1553856185419306,19,1_0,maxclust,ward,2.0,COMPLETED,Sobol,7.235106
0.0546462404180657,3,3_0,maxclust,weighted,2.0,COMPLETED,Sobol,7.072886
0.0546462404180657,20,3_0,maxclust,weighted,2.0,COMPLETED,Sobol,12.440048
0.0,14,4_0,maxclust,median,2.0,COMPLETED,Sobol,9.409707
0.0,4,4_0,maxclust,median,2.0,COMPLETED,Sobol,13.93988
0.0,11,4_0,maxclust,median,2.0,COMPLETED,Sobol,8.486509
-0.001128699026871,17,5_0,maxclust,centroid,2.0,COMPLETED,Sobol,7.308714
-0.001128699026871,15,5_0,maxclust,centroid,2.0,COMPLETED,Sobol,8.713326
-0.001128699026871,5,5_0,maxclust,centroid,2.0,COMPLETED,Sobol,7.397889
0.0306600989554999,22,6_0,maxclust,average,2.0,COMPLETED,Sobol,6.239315
0.0306600989554999,13,6_0,maxclust,average,2.0,COMPLETED,Sobol,9.440658
0.0306600989554999,6,6_0,maxclust,average,2.0,COMPLETED,Sobol,7.816091
0.0306600989554999,9,6_0,maxclust,average,2.0,COMPLETED,Sobol,8.467377
-0.001128699026871,18,8_0,maxclust,single,2.0,COMPLETED,Sobol,6.835306
-0.001128699026871,8,8_0,maxclust,single,2.0,COMPLETED,Sobol,15.125746
