adjusted_rand_score,trial_index,arm_name,criterion,method,t,trial_status,generator_model,compute_time
0.0268908750805164,0,0_0,maxclust,average,3.0,COMPLETED,Unknown,0.01482
0.026890875080516477,37,0_0,maxclust,average,3.0,COMPLETED,BO,5.365668
0.026890875080516477,38,0_0,maxclust,average,3.0,COMPLETED,BO,4.845083
0.026890875080516477,39,0_0,maxclust,average,3.0,COMPLETED,BO,5.139216
0.026890875080516477,40,0_0,maxclust,average,3.0,COMPLETED,BO,7.249326
0.0268908750805164,4,0_0,maxclust,average,3.0,COMPLETED,Unknown,0.006579
0.026890875080516477,41,0_0,maxclust,average,3.0,COMPLETED,BO,6.968242
0.026890875080516477,42,0_0,maxclust,average,3.0,COMPLETED,BO,3.337686
0.026890875080516477,43,0_0,maxclust,average,3.0,COMPLETED,BO,5.808999
0.026890875080516477,44,0_0,maxclust,average,3.0,COMPLETED,BO,8.845399
0.026890875080516477,45,0_0,maxclust,average,3.0,COMPLETED,BO,3.886255
0.026890875080516477,46,0_0,maxclust,average,3.0,COMPLETED,BO,4.4012
0.026890875080516477,36,0_0,maxclust,average,3.0,COMPLETED,BO,3.984806
0.026890875080516477,47,0_0,maxclust,average,3.0,COMPLETED,BO,7.047122
0.026890875080516477,49,0_0,maxclust,average,3.0,COMPLETED,BO,5.522288
0.026890875080516477,50,0_0,maxclust,average,3.0,COMPLETED,BO,5.564219
0.026890875080516477,51,0_0,maxclust,average,3.0,COMPLETED,BO,7.344147
0.026890875080516477,52,0_0,maxclust,average,3.0,COMPLETED,BO,4.945969
0.026890875080516477,53,0_0,maxclust,average,3.0,COMPLETED,BO,5.807146
0.026890875080516477,54,0_0,maxclust,average,3.0,COMPLETED,BO,6.736689
0.026890875080516477,55,0_0,maxclust,average,3.0,COMPLETED,BO,3.823383
0.026890875080516477,56,0_0,maxclust,average,3.0,COMPLETED,BO,4.08203
0.026890875080516477,57,0_0,maxclust,average,3.0,COMPLETED,BO,3.508398
0.026890875080516477,58,0_0,maxclust,average,3.0,COMPLETED,BO,3.751584
0.026890875080516477,59,0_0,maxclust,average,3.0,COMPLETED,BO,3.21885
0.026890875080516477,48,0_0,maxclust,average,3.0,COMPLETED,BO,4.462677
0.026890875080516477,34,0_0,maxclust,average,3.0,COMPLETED,BO,3.75864
0.026890875080516477,35,0_0,maxclust,average,3.0,COMPLETED,BO,6.332593
0.026890875080516477,32,0_0,maxclust,average,3.0,COMPLETED,BO,3.50352
0.026890875080516477,10,0_0,maxclust,average,3.0,COMPLETED,BO,7.360307
0.0268908750805164,1,0_0,maxclust,average,3.0,COMPLETED,Unknown,0.006841
0.026890875080516477,11,0_0,maxclust,average,3.0,COMPLETED,BO,3.310457
0.026890875080516477,12,0_0,maxclust,average,3.0,COMPLETED,BO,4.67033
0.026890875080516477,13,0_0,maxclust,average,3.0,COMPLETED,BO,4.238771
0.026890875080516477,14,0_0,maxclust,average,3.0,COMPLETED,BO,4.225954
0.026890875080516477,15,0_0,maxclust,average,3.0,COMPLETED,BO,4.09611
0.026890875080516477,16,0_0,maxclust,average,3.0,COMPLETED,BO,4.67161
0.026890875080516477,17,0_0,maxclust,average,3.0,COMPLETED,BO,5.740714
0.026890875080516477,18,0_0,maxclust,average,3.0,COMPLETED,BO,3.433299
0.026890875080516477,19,0_0,maxclust,average,3.0,COMPLETED,BO,5.056564
0.026890875080516477,33,0_0,maxclust,average,3.0,COMPLETED,BO,3.386647
0.0268908750805164,2,0_0,maxclust,average,3.0,COMPLETED,Unknown,0.006584
0.026890875080516477,20,0_0,maxclust,average,3.0,COMPLETED,BO,6.747694
0.026890875080516477,22,0_0,maxclust,average,3.0,COMPLETED,BO,5.357641
0.026890875080516477,23,0_0,maxclust,average,3.0,COMPLETED,BO,5.296178
0.026890875080516477,24,0_0,maxclust,average,3.0,COMPLETED,BO,5.397046
0.026890875080516477,25,0_0,maxclust,average,3.0,COMPLETED,BO,5.256212
0.026890875080516477,26,0_0,maxclust,average,3.0,COMPLETED,BO,6.417255
0.026890875080516477,27,0_0,maxclust,average,3.0,COMPLETED,BO,3.921095
0.026890875080516477,28,0_0,maxclust,average,3.0,COMPLETED,BO,6.928287
0.026890875080516477,29,0_0,maxclust,average,3.0,COMPLETED,BO,3.317078
0.026890875080516477,21,0_0,maxclust,average,3.0,COMPLETED,BO,4.087456
0.026890875080516477,30,0_0,maxclust,average,3.0,COMPLETED,BO,3.506935
0.0268908750805164,3,0_0,maxclust,average,3.0,COMPLETED,Unknown,0.006669
0.026890875080516477,31,0_0,maxclust,average,3.0,COMPLETED,BO,8.651793
0.0262887815825131,6,5_0,maxclust,ward,3.0,COMPLETED,Unknown,0.006573
0.0262887815825131,5,5_0,maxclust,ward,3.0,COMPLETED,Unknown,0.006664
2.896914531855564e-05,7,7_0,maxclust,centroid,3.0,COMPLETED,Unknown,0.00696
0.0004001646474157,8,8_0,maxclust,weighted,3.0,COMPLETED,Unknown,0.007063
0.0004001646474157,9,8_0,maxclust,weighted,3.0,COMPLETED,Unknown,0.006726
