adjusted_rand_score,trial_index,arm_name,criterion,method,t,trial_status,generator_model,compute_time
0.1827677684678997,0,0_0,maxclust,complete,10.0,COMPLETED,Unknown,0.014375
0.1827677684678997,1,0_0,maxclust,complete,10.0,COMPLETED,Unknown,0.007374
0.1827677684678997,4,0_0,maxclust,complete,10.0,COMPLETED,Unknown,0.007294
0.1827677684678997,3,0_0,maxclust,complete,10.0,COMPLETED,Unknown,0.007332
0.1827677684678997,2,0_0,maxclust,complete,10.0,COMPLETED,Unknown,0.007358
0.1827677684678997,5,0_0,maxclust,complete,10.0,COMPLETED,Unknown,0.007315
0.6263317454948245,39,6_0,maxclust,ward,10.0,COMPLETED,BO,4.102188
0.6263317454948245,40,6_0,maxclust,ward,10.0,COMPLETED,BO,3.964835
0.6263317454948245,41,6_0,maxclust,ward,10.0,COMPLETED,BO,4.262101
0.6263317454948245,42,6_0,maxclust,ward,10.0,COMPLETED,BO,4.578376
0.6263317454948245,43,6_0,maxclust,ward,10.0,COMPLETED,BO,4.879083
0.6263317454948245,44,6_0,maxclust,ward,10.0,COMPLETED,BO,4.66673
0.6263317454948245,45,6_0,maxclust,ward,10.0,COMPLETED,BO,5.299986
0.6263317454948245,46,6_0,maxclust,ward,10.0,COMPLETED,BO,4.546036
0.6263317454948245,47,6_0,maxclust,ward,10.0,COMPLETED,BO,4.346335
0.6263317454948245,48,6_0,maxclust,ward,10.0,COMPLETED,BO,4.202791
0.6263317454948245,50,6_0,maxclust,ward,10.0,COMPLETED,BO,4.328504
0.6263317454948245,38,6_0,maxclust,ward,10.0,COMPLETED,BO,4.039712
0.6263317454948245,51,6_0,maxclust,ward,10.0,COMPLETED,BO,5.144604
0.6263317454948245,52,6_0,maxclust,ward,10.0,COMPLETED,BO,5.355791
0.6263317454948245,53,6_0,maxclust,ward,10.0,COMPLETED,BO,4.596666
0.6263317454948245,54,6_0,maxclust,ward,10.0,COMPLETED,BO,4.934453
0.6263317454948245,55,6_0,maxclust,ward,10.0,COMPLETED,BO,4.015192
0.6263317454948245,56,6_0,maxclust,ward,10.0,COMPLETED,BO,3.759575
0.6263317454948245,57,6_0,maxclust,ward,10.0,COMPLETED,BO,3.503527
0.6263317454948245,58,6_0,maxclust,ward,10.0,COMPLETED,BO,3.620518
0.6263317454948245,59,6_0,maxclust,ward,10.0,COMPLETED,BO,3.291685
0.6263317454948245,6,6_0,maxclust,ward,10.0,COMPLETED,Unknown,0.007286
0.6263317454948245,7,6_0,maxclust,ward,10.0,COMPLETED,Unknown,0.007826
0.6263317454948245,49,6_0,maxclust,ward,10.0,COMPLETED,BO,3.854972
0.6263317454948245,37,6_0,maxclust,ward,10.0,COMPLETED,BO,4.578046
0.6263317454948245,35,6_0,maxclust,ward,10.0,COMPLETED,BO,4.868479
0.6263317454948245,8,6_0,maxclust,ward,10.0,COMPLETED,Unknown,0.007315
0.6263317454948245,10,6_0,maxclust,ward,10.0,COMPLETED,BO,4.921998
0.6263317454948245,11,6_0,maxclust,ward,10.0,COMPLETED,BO,4.577933
0.6263317454948245,12,6_0,maxclust,ward,10.0,COMPLETED,BO,4.011758
0.6263317454948245,13,6_0,maxclust,ward,10.0,COMPLETED,BO,4.145226
0.6263317454948245,14,6_0,maxclust,ward,10.0,COMPLETED,BO,5.440321
0.6263317454948245,15,6_0,maxclust,ward,10.0,COMPLETED,BO,4.046963
0.6263317454948245,16,6_0,maxclust,ward,10.0,COMPLETED,BO,4.338952
0.6263317454948245,17,6_0,maxclust,ward,10.0,COMPLETED,BO,4.072003
0.6263317454948245,18,6_0,maxclust,ward,10.0,COMPLETED,BO,4.124331
0.6263317454948245,19,6_0,maxclust,ward,10.0,COMPLETED,BO,4.070149
0.6263317454948245,20,6_0,maxclust,ward,10.0,COMPLETED,BO,4.546934
0.6263317454948245,21,6_0,maxclust,ward,10.0,COMPLETED,BO,4.956058
0.6263317454948245,22,6_0,maxclust,ward,10.0,COMPLETED,BO,5.342357
0.6263317454948245,23,6_0,maxclust,ward,10.0,COMPLETED,BO,5.475639
0.6263317454948245,24,6_0,maxclust,ward,10.0,COMPLETED,BO,5.166427
0.6263317454948245,25,6_0,maxclust,ward,10.0,COMPLETED,BO,5.35274
0.6263317454948245,26,6_0,maxclust,ward,10.0,COMPLETED,BO,5.452749
0.6263317454948245,27,6_0,maxclust,ward,10.0,COMPLETED,BO,4.215114
0.6263317454948245,28,6_0,maxclust,ward,10.0,COMPLETED,BO,4.60032
0.6263317454948245,29,6_0,maxclust,ward,10.0,COMPLETED,BO,4.184595
0.6263317454948245,30,6_0,maxclust,ward,10.0,COMPLETED,BO,3.904093
0.6263317454948245,31,6_0,maxclust,ward,10.0,COMPLETED,BO,4.405187
0.6263317454948245,32,6_0,maxclust,ward,10.0,COMPLETED,BO,4.17152
0.6263317454948245,33,6_0,maxclust,ward,10.0,COMPLETED,BO,4.731925
0.6263317454948245,34,6_0,maxclust,ward,10.0,COMPLETED,BO,5.138654
0.6263317454948245,36,6_0,maxclust,ward,10.0,COMPLETED,BO,4.894985
0.6263317454948245,9,6_0,maxclust,ward,10.0,COMPLETED,Unknown,0.007315
