adjusted_rand_score,trial_index,arm_name,criterion,method,t,trial_status,generator_model,compute_time
-0.001128699026871,0,0_0,maxclust,average,2.0,COMPLETED,Unknown,0.019559
-0.0011286990268710901,33,0_0,maxclust,average,2.0,COMPLETED,BO,5.187732
-0.0011286990268710901,34,0_0,maxclust,average,2.0,COMPLETED,BO,4.427776
-0.0011286990268710901,36,0_0,maxclust,average,2.0,COMPLETED,BO,3.577111
-0.0011286990268710901,38,0_0,maxclust,average,2.0,COMPLETED,BO,3.603821
-0.0011286990268710901,39,0_0,maxclust,average,2.0,COMPLETED,BO,3.512692
-0.0011286990268710901,40,0_0,maxclust,average,2.0,COMPLETED,BO,3.705882
-0.001128699026871,4,0_0,maxclust,average,2.0,COMPLETED,Unknown,0.00677
-0.0011286990268710901,41,0_0,maxclust,average,2.0,COMPLETED,BO,3.810943
-0.0011286990268710901,42,0_0,maxclust,average,2.0,COMPLETED,BO,3.27815
-0.0011286990268710901,44,0_0,maxclust,average,2.0,COMPLETED,BO,3.175523
-0.0011286990268710901,46,0_0,maxclust,average,2.0,COMPLETED,BO,3.420913
-0.0011286990268710901,47,0_0,maxclust,average,2.0,COMPLETED,BO,4.004395
-0.0011286990268710901,48,0_0,maxclust,average,2.0,COMPLETED,BO,3.397182
-0.0011286990268710901,49,0_0,maxclust,average,2.0,COMPLETED,BO,3.524949
-0.0011286990268710901,50,0_0,maxclust,average,2.0,COMPLETED,BO,3.570063
-0.0011286990268710901,52,0_0,maxclust,average,2.0,COMPLETED,BO,3.557256
-0.0011286990268710901,53,0_0,maxclust,average,2.0,COMPLETED,BO,3.838909
-0.0011286990268710901,55,0_0,maxclust,average,2.0,COMPLETED,BO,3.652267
-0.0011286990268710901,56,0_0,maxclust,average,2.0,COMPLETED,BO,3.2262
-0.0011286990268710901,57,0_0,maxclust,average,2.0,COMPLETED,BO,3.097875
-0.0011286990268710901,59,0_0,maxclust,average,2.0,COMPLETED,BO,3.655779
-0.0011286990268710901,32,0_0,maxclust,average,2.0,COMPLETED,BO,5.675053
-0.0011286990268710901,31,0_0,maxclust,average,2.0,COMPLETED,BO,4.588744
-0.0011286990268710901,35,0_0,maxclust,average,2.0,COMPLETED,BO,3.471442
-0.0011286990268710901,18,0_0,maxclust,average,2.0,COMPLETED,BO,3.926155
-0.0011286990268710901,19,0_0,maxclust,average,2.0,COMPLETED,BO,3.951365
-0.0011286990268710901,20,0_0,maxclust,average,2.0,COMPLETED,BO,3.368596
-0.0011286990268710901,14,0_0,maxclust,average,2.0,COMPLETED,BO,3.449534
-0.001128699026871,2,0_0,maxclust,average,2.0,COMPLETED,Unknown,0.006783
-0.0011286990268710901,13,0_0,maxclust,average,2.0,COMPLETED,BO,3.316243
-0.0011286990268710901,22,0_0,maxclust,average,2.0,COMPLETED,BO,3.513965
-0.001128699026871,3,0_0,maxclust,average,2.0,COMPLETED,Unknown,0.006748
-0.0011286990268710901,17,0_0,maxclust,average,2.0,COMPLETED,BO,3.660399
-0.0011286990268710901,25,0_0,maxclust,average,2.0,COMPLETED,BO,3.611188
-0.0011286990268710901,11,0_0,maxclust,average,2.0,COMPLETED,BO,3.293093
-0.0011286990268710901,26,0_0,maxclust,average,2.0,COMPLETED,BO,3.369193
-0.001128699026871,1,0_0,maxclust,average,2.0,COMPLETED,Unknown,0.006927
-0.0011286990268710901,27,0_0,maxclust,average,2.0,COMPLETED,BO,3.394894
-0.0011286990268710901,28,0_0,maxclust,average,2.0,COMPLETED,BO,4.204119
-0.0011286990268710901,10,0_0,maxclust,average,2.0,COMPLETED,BO,3.373054
-0.0011286990268710901,12,0_0,maxclust,average,2.0,COMPLETED,BO,3.317302
-0.0011286990268710901,15,15_0,maxclust,single,2.0,COMPLETED,BO,3.797718
-0.0011286990268710901,54,15_0,maxclust,single,2.0,COMPLETED,BO,3.807494
-0.0011286990268710901,30,15_0,maxclust,single,2.0,COMPLETED,BO,4.563549
-0.0011286990268710901,45,15_0,maxclust,single,2.0,COMPLETED,BO,3.407743
-0.0011286990268710901,43,5_0,maxclust,ward,2.0,COMPLETED,BO,3.258676
-0.001128699026871,5,5_0,maxclust,ward,2.0,COMPLETED,Unknown,0.006819
-0.001128699026871,6,5_0,maxclust,ward,2.0,COMPLETED,Unknown,0.006774
-0.0011286990268710901,51,7_0,maxclust,centroid,2.0,COMPLETED,BO,5.872607
-0.0011286990268710901,21,7_0,maxclust,centroid,2.0,COMPLETED,BO,3.47733
-0.0011286990268710901,23,7_0,maxclust,centroid,2.0,COMPLETED,BO,3.709185
-0.0011286990268710901,24,7_0,maxclust,centroid,2.0,COMPLETED,BO,4.50691
-0.0011286990268710901,37,7_0,maxclust,centroid,2.0,COMPLETED,BO,3.311635
-0.0011286990268710901,58,7_0,maxclust,centroid,2.0,COMPLETED,BO,3.02077
-0.0011286990268710901,29,7_0,maxclust,centroid,2.0,COMPLETED,BO,3.883018
-0.001128699026871,7,7_0,maxclust,centroid,2.0,COMPLETED,Unknown,0.00733
-0.001128699026871,8,8_0,maxclust,weighted,2.0,COMPLETED,Unknown,0.006772
-0.0011286990268710901,16,8_0,maxclust,weighted,2.0,COMPLETED,BO,4.283038
-0.001128699026871,9,8_0,maxclust,weighted,2.0,COMPLETED,Unknown,0.006808
