adjusted_rand_score,trial_index,arm_name,criterion,method,t,trial_status,generator_model,compute_time
-0.0033049146171588,0,0_0,maxclust,single,2.0,COMPLETED,Sobol,3.185046
-0.0033049146171588,7,0_0,maxclust,single,2.0,COMPLETED,Sobol,3.07029
-0.0033049146171588,19,0_0,maxclust,single,2.0,COMPLETED,Sobol,4.631548
-0.0033049146171588,9,0_0,maxclust,single,2.0,COMPLETED,Sobol,4.599601
0.0,13,11_0,maxclust,centroid,2.0,COMPLETED,Sobol,5.104059
0.0,15,11_0,maxclust,centroid,2.0,COMPLETED,Sobol,4.036374
0.0,17,11_0,maxclust,centroid,2.0,COMPLETED,Sobol,5.172571
0.0,11,11_0,maxclust,centroid,2.0,COMPLETED,Sobol,2.948875
0.0,21,11_0,maxclust,centroid,2.0,COMPLETED,Sobol,4.341439
0.0045584996443445,18,18_0,maxclust,complete,2.0,COMPLETED,Sobol,3.140394
-0.0033049146171588,12,1_0,maxclust,median,2.0,COMPLETED,Sobol,2.947491
-0.0033049146171588,6,1_0,maxclust,median,2.0,COMPLETED,Sobol,3.291492
-0.0033049146171588,16,1_0,maxclust,median,2.0,COMPLETED,Sobol,3.99429
-0.0033049146171588,1,1_0,maxclust,median,2.0,COMPLETED,Sobol,3.199878
-0.0033049146171588,23,1_0,maxclust,median,2.0,COMPLETED,Sobol,3.517741
-0.0351026058737601,8,2_0,maxclust,weighted,2.0,COMPLETED,Sobol,3.150238
-0.0351026058737601,2,2_0,maxclust,weighted,2.0,COMPLETED,Sobol,3.175552
-0.0351026058737601,4,2_0,maxclust,weighted,2.0,COMPLETED,Sobol,3.025169
0.0389360283632582,22,3_0,maxclust,average,2.0,COMPLETED,Sobol,3.196046
0.0389360283632582,3,3_0,maxclust,average,2.0,COMPLETED,Sobol,3.078926
0.0389360283632582,20,3_0,maxclust,average,2.0,COMPLETED,Sobol,2.97874
0.0170549566382797,24,5_0,maxclust,ward,2.0,COMPLETED,Sobol,3.264876
0.0170549566382797,5,5_0,maxclust,ward,2.0,COMPLETED,Sobol,3.235785
0.0170549566382797,14,5_0,maxclust,ward,2.0,COMPLETED,Sobol,3.610818
0.0170549566382797,10,5_0,maxclust,ward,2.0,COMPLETED,Sobol,3.027936
