adjusted_rand_score,trial_index,arm_name,criterion,method,t,trial_status,generator_model,compute_time
-0.0014560803545031,0,0_0,maxclust,average,2.0,COMPLETED,Unknown,0.014132
-0.0014560803545031,2,0_0,maxclust,average,2.0,COMPLETED,Unknown,0.007131
-0.0014560803545031,1,0_0,maxclust,average,2.0,COMPLETED,Unknown,0.007188
-0.0014560803545031,3,0_0,maxclust,average,2.0,COMPLETED,Unknown,0.007039
-0.0014560803545031,4,0_0,maxclust,average,2.0,COMPLETED,Unknown,0.007067
-0.0620378555852892,5,5_0,maxclust,ward,2.0,COMPLETED,Unknown,0.007079
-0.0620378555852892,6,5_0,maxclust,ward,2.0,COMPLETED,Unknown,0.007057
0.0,41,7_0,maxclust,centroid,2.0,COMPLETED,BO,5.70191
0.0,47,7_0,maxclust,centroid,2.0,COMPLETED,BO,5.534204
0.0,42,7_0,maxclust,centroid,2.0,COMPLETED,BO,3.615511
0.0,43,7_0,maxclust,centroid,2.0,COMPLETED,BO,4.215446
0.0,44,7_0,maxclust,centroid,2.0,COMPLETED,BO,4.809434
0.0,45,7_0,maxclust,centroid,2.0,COMPLETED,BO,5.14586
0.0,39,7_0,maxclust,centroid,2.0,COMPLETED,BO,4.592677
0.0,46,7_0,maxclust,centroid,2.0,COMPLETED,BO,5.260874
0.0,40,7_0,maxclust,centroid,2.0,COMPLETED,BO,4.819152
0.0,48,7_0,maxclust,centroid,2.0,COMPLETED,BO,4.802224
0.0,50,7_0,maxclust,centroid,2.0,COMPLETED,BO,3.417022
0.0,38,7_0,maxclust,centroid,2.0,COMPLETED,BO,3.979746
0.0,51,7_0,maxclust,centroid,2.0,COMPLETED,BO,6.124162
0.0,52,7_0,maxclust,centroid,2.0,COMPLETED,BO,3.812225
0.0,53,7_0,maxclust,centroid,2.0,COMPLETED,BO,5.411448
0.0,54,7_0,maxclust,centroid,2.0,COMPLETED,BO,5.612803
0.0,55,7_0,maxclust,centroid,2.0,COMPLETED,BO,5.128509
0.0,56,7_0,maxclust,centroid,2.0,COMPLETED,BO,3.94095
0.0,57,7_0,maxclust,centroid,2.0,COMPLETED,BO,3.447804
0.0,58,7_0,maxclust,centroid,2.0,COMPLETED,BO,3.13822
0.0,59,7_0,maxclust,centroid,2.0,COMPLETED,BO,2.923651
0.0,7,7_0,maxclust,centroid,2.0,COMPLETED,Unknown,0.007572
0.0,49,7_0,maxclust,centroid,2.0,COMPLETED,BO,5.963156
0.0,37,7_0,maxclust,centroid,2.0,COMPLETED,BO,3.662959
0.0,35,7_0,maxclust,centroid,2.0,COMPLETED,BO,4.686914
0.0,22,7_0,maxclust,centroid,2.0,COMPLETED,BO,3.980606
0.0,12,7_0,maxclust,centroid,2.0,COMPLETED,BO,5.353763
0.0,13,7_0,maxclust,centroid,2.0,COMPLETED,BO,3.380594
0.0,14,7_0,maxclust,centroid,2.0,COMPLETED,BO,5.689789
0.0,15,7_0,maxclust,centroid,2.0,COMPLETED,BO,3.491501
0.0,16,7_0,maxclust,centroid,2.0,COMPLETED,BO,4.324003
0.0,17,7_0,maxclust,centroid,2.0,COMPLETED,BO,6.00173
0.0,18,7_0,maxclust,centroid,2.0,COMPLETED,BO,3.642441
0.0,19,7_0,maxclust,centroid,2.0,COMPLETED,BO,5.527753
0.0,20,7_0,maxclust,centroid,2.0,COMPLETED,BO,3.69642
0.0,21,7_0,maxclust,centroid,2.0,COMPLETED,BO,4.130831
0.0,36,7_0,maxclust,centroid,2.0,COMPLETED,BO,6.437991
0.0,23,7_0,maxclust,centroid,2.0,COMPLETED,BO,3.979978
0.0,24,7_0,maxclust,centroid,2.0,COMPLETED,BO,3.924463
0.0,25,7_0,maxclust,centroid,2.0,COMPLETED,BO,3.485166
0.0,26,7_0,maxclust,centroid,2.0,COMPLETED,BO,3.727554
0.0,27,7_0,maxclust,centroid,2.0,COMPLETED,BO,3.98428
0.0,28,7_0,maxclust,centroid,2.0,COMPLETED,BO,4.451769
0.0,29,7_0,maxclust,centroid,2.0,COMPLETED,BO,4.641206
0.0,30,7_0,maxclust,centroid,2.0,COMPLETED,BO,4.647434
0.0,31,7_0,maxclust,centroid,2.0,COMPLETED,BO,4.797902
0.0,32,7_0,maxclust,centroid,2.0,COMPLETED,BO,4.687667
0.0,33,7_0,maxclust,centroid,2.0,COMPLETED,BO,5.844726
0.0,34,7_0,maxclust,centroid,2.0,COMPLETED,BO,7.18963
0.0,11,7_0,maxclust,centroid,2.0,COMPLETED,BO,4.12557
0.0,10,7_0,maxclust,centroid,2.0,COMPLETED,BO,4.291018
-0.0653479773397892,8,8_0,maxclust,weighted,2.0,COMPLETED,Unknown,0.007093
-0.0653479773397892,9,8_0,maxclust,weighted,2.0,COMPLETED,Unknown,0.007071
