adjusted_rand_score,trial_index,arm_name,criterion,method,t,trial_status,generator_model,compute_time
0.4143449642003128,0,0_0,maxclust,ward,10.0,COMPLETED,Sobol,5.074119
0.4143449642003128,7,0_0,maxclust,ward,10.0,COMPLETED,Sobol,4.286119
0.4143449642003128,21,0_0,maxclust,ward,10.0,COMPLETED,Sobol,4.341106
0.4143449642003128,8,0_0,maxclust,ward,10.0,COMPLETED,Sobol,4.354445
0.4143449642003128,12,0_0,maxclust,ward,10.0,COMPLETED,Sobol,3.915217
0.4143449642003128,17,0_0,maxclust,ward,10.0,COMPLETED,Sobol,5.077344
0.2380786177930453,16,1_0,maxclust,weighted,10.0,COMPLETED,Sobol,4.297173
0.2380786177930453,20,1_0,maxclust,weighted,10.0,COMPLETED,Sobol,3.779868
0.2380786177930453,13,1_0,maxclust,weighted,10.0,COMPLETED,Sobol,4.870539
0.2380786177930453,1,1_0,maxclust,weighted,10.0,COMPLETED,Sobol,5.158143
0.2380786177930453,11,1_0,maxclust,weighted,10.0,COMPLETED,Sobol,3.790714
3.826355467198626e-06,18,2_0,maxclust,single,10.0,COMPLETED,Sobol,4.140006
3.826355467198626e-06,2,2_0,maxclust,single,10.0,COMPLETED,Sobol,5.064603
1.245576371554169e-06,14,3_0,maxclust,median,10.0,COMPLETED,Sobol,4.335967
1.245576371554169e-06,24,3_0,maxclust,median,10.0,COMPLETED,Sobol,4.110046
1.245576371554169e-06,3,3_0,maxclust,median,10.0,COMPLETED,Sobol,5.019759
0.2775581453997979,19,4_0,maxclust,complete,10.0,COMPLETED,Sobol,4.880212
0.2775581453997979,10,4_0,maxclust,complete,10.0,COMPLETED,Sobol,3.945522
0.2775581453997979,4,4_0,maxclust,complete,10.0,COMPLETED,Sobol,4.980363
4.661777344719955e-07,5,5_0,maxclust,centroid,10.0,COMPLETED,Sobol,4.228998
4.661777344719955e-07,23,5_0,maxclust,centroid,10.0,COMPLETED,Sobol,4.611922
4.661777344719955e-07,15,5_0,maxclust,centroid,10.0,COMPLETED,Sobol,4.262809
4.661777344719955e-07,9,5_0,maxclust,centroid,10.0,COMPLETED,Sobol,5.596333
0.4416831710667691,6,6_0,maxclust,average,10.0,COMPLETED,Sobol,4.462363
0.4416831710667691,22,6_0,maxclust,average,10.0,COMPLETED,Sobol,3.6393
