adjusted_rand_score,trial_index,arm_name,criterion,method,t,trial_status,generator_model,compute_time
-0.0032584722979982,0,0_0,maxclust,weighted,3.0,COMPLETED,Sobol,425.161432
-0.0032584722979982,23,0_0,maxclust,weighted,3.0,COMPLETED,Sobol,288.566545
-0.0032584722979982,17,0_0,maxclust,weighted,3.0,COMPLETED,Sobol,251.274341
-0.0032584722979982,12,0_0,maxclust,weighted,3.0,COMPLETED,Sobol,319.777302
-0.0032584722979982,6,0_0,maxclust,weighted,3.0,COMPLETED,Sobol,253.462761
0.0114829697888611,18,11_0,maxclust,complete,3.0,COMPLETED,Sobol,327.222428
0.0114829697888611,11,11_0,maxclust,complete,3.0,COMPLETED,Sobol,334.526957
-3.69849499266611e-05,13,13_0,maxclust,centroid,3.0,COMPLETED,Sobol,312.515315
-3.69849499266611e-05,21,13_0,maxclust,centroid,3.0,COMPLETED,Sobol,300.079273
0.0054763164102206,14,1_0,maxclust,ward,3.0,COMPLETED,Sobol,340.842934
0.0054763164102206,19,1_0,maxclust,ward,3.0,COMPLETED,Sobol,315.419145
0.0054763164102206,1,1_0,maxclust,ward,3.0,COMPLETED,Sobol,318.859916
0.0054763164102206,10,1_0,maxclust,ward,3.0,COMPLETED,Sobol,391.340372
0.0054763164102206,24,1_0,maxclust,ward,3.0,COMPLETED,Sobol,311.449646
0.0,5,2_0,maxclust,median,3.0,COMPLETED,Sobol,406.096175
0.0,8,2_0,maxclust,median,3.0,COMPLETED,Sobol,307.679029
0.0,22,2_0,maxclust,median,3.0,COMPLETED,Sobol,303.963567
0.0,2,2_0,maxclust,median,3.0,COMPLETED,Sobol,309.038348
0.0,15,2_0,maxclust,median,3.0,COMPLETED,Sobol,316.037111
0.0052033893387488,3,3_0,maxclust,average,3.0,COMPLETED,Sobol,333.022877
0.0052033893387488,4,3_0,maxclust,average,3.0,COMPLETED,Sobol,459.073321
0.0001226678096024,7,7_0,maxclust,single,3.0,COMPLETED,Sobol,134.044352
0.0001226678096024,20,7_0,maxclust,single,3.0,COMPLETED,Sobol,126.398009
0.0001226678096024,16,7_0,maxclust,single,3.0,COMPLETED,Sobol,170.260913
0.0001226678096024,9,7_0,maxclust,single,3.0,COMPLETED,Sobol,115.424528
