adjusted_rand_score,trial_index,arm_name,criterion,method,t,trial_status,generator_model
-0.0011749611780494,0,0_0,maxclust,single,7.0,COMPLETED,Sobol
-0.0011749611780494,7,0_0,maxclust,single,7.0,COMPLETED,Sobol
-0.0011749611780494,19,0_0,maxclust,single,7.0,COMPLETED,Sobol
-0.0011749611780494,9,0_0,maxclust,single,7.0,COMPLETED,Sobol
-0.0015727985793784,21,11_0,maxclust,centroid,7.0,COMPLETED,Sobol
-0.0015727985793784,13,11_0,maxclust,centroid,7.0,COMPLETED,Sobol
-0.0015727985793784,15,11_0,maxclust,centroid,7.0,COMPLETED,Sobol
-0.0015727985793784,17,11_0,maxclust,centroid,7.0,COMPLETED,Sobol
-0.0015727985793784,11,11_0,maxclust,centroid,7.0,COMPLETED,Sobol
0.0437611454105747,18,18_0,maxclust,complete,7.0,COMPLETED,Sobol
-0.0011189564917582,1,1_0,maxclust,median,7.0,COMPLETED,Sobol
-0.0011189564917582,6,1_0,maxclust,median,7.0,COMPLETED,Sobol
-0.0011189564917582,23,1_0,maxclust,median,7.0,COMPLETED,Sobol
-0.0011189564917582,12,1_0,maxclust,median,7.0,COMPLETED,Sobol
-0.0011189564917582,16,1_0,maxclust,median,7.0,COMPLETED,Sobol
-0.008366447151069,2,2_0,maxclust,weighted,7.0,COMPLETED,Sobol
-0.008366447151069,4,2_0,maxclust,weighted,7.0,COMPLETED,Sobol
-0.008366447151069,8,2_0,maxclust,weighted,7.0,COMPLETED,Sobol
-0.0033090010836089,22,3_0,maxclust,average,7.0,COMPLETED,Sobol
-0.0033090010836089,20,3_0,maxclust,average,7.0,COMPLETED,Sobol
-0.0033090010836089,3,3_0,maxclust,average,7.0,COMPLETED,Sobol
0.1534579191767447,5,5_0,maxclust,ward,7.0,COMPLETED,Sobol
0.1534579191767447,10,5_0,maxclust,ward,7.0,COMPLETED,Sobol
0.1534579191767447,24,5_0,maxclust,ward,7.0,COMPLETED,Sobol
0.1534579191767447,14,5_0,maxclust,ward,7.0,COMPLETED,Sobol
