adjusted_rand_score,trial_index,arm_name,criterion,method,t,trial_status,generator_model,compute_time
0.0001011140555958,0,0_0,maxclust,single,4.0,COMPLETED,Sobol,8.180226
0.0001011140555958,19,0_0,maxclust,single,4.0,COMPLETED,Sobol,9.199068
0.0468377869954223,17,13_0,maxclust,complete,4.0,COMPLETED,Sobol,9.616267
0.0468377869954223,15,13_0,maxclust,complete,4.0,COMPLETED,Sobol,8.363569
0.0468377869954223,13,13_0,maxclust,complete,4.0,COMPLETED,Sobol,8.001492
0.0468377869954223,20,13_0,maxclust,complete,4.0,COMPLETED,Sobol,19.635768
0.0352260684391469,14,1_0,maxclust,ward,4.0,COMPLETED,Sobol,8.399463
0.0352260684391469,1,1_0,maxclust,ward,4.0,COMPLETED,Sobol,8.42639
0.0352260684391469,5,1_0,maxclust,ward,4.0,COMPLETED,Sobol,8.759712
0.0352260684391469,23,1_0,maxclust,ward,4.0,COMPLETED,Sobol,11.190441
0.0352260684391469,10,1_0,maxclust,ward,4.0,COMPLETED,Sobol,7.063055
0.0001815761300508,12,2_0,maxclust,centroid,4.0,COMPLETED,Sobol,14.042137
0.0001815761300508,2,2_0,maxclust,centroid,4.0,COMPLETED,Sobol,8.648114
0.0001815761300508,8,2_0,maxclust,centroid,4.0,COMPLETED,Sobol,13.356583
0.0,21,3_0,maxclust,median,4.0,COMPLETED,Sobol,12.594225
0.0,18,3_0,maxclust,median,4.0,COMPLETED,Sobol,10.436085
0.0,24,3_0,maxclust,median,4.0,COMPLETED,Sobol,16.64016
0.0,3,3_0,maxclust,median,4.0,COMPLETED,Sobol,9.094196
0.0,4,3_0,maxclust,median,4.0,COMPLETED,Sobol,14.754512
0.0,9,3_0,maxclust,median,4.0,COMPLETED,Sobol,8.552522
0.0489109723282337,22,6_0,maxclust,average,4.0,COMPLETED,Sobol,11.695011
0.0489109723282337,6,6_0,maxclust,average,4.0,COMPLETED,Sobol,7.860522
0.0326315858214311,11,7_0,maxclust,weighted,4.0,COMPLETED,Sobol,7.90275
0.0326315858214311,16,7_0,maxclust,weighted,4.0,COMPLETED,Sobol,15.274424
0.0326315858214311,7,7_0,maxclust,weighted,4.0,COMPLETED,Sobol,8.238943
