adjusted_rand_score,trial_index,arm_name,criterion,method,t,trial_status,generator_model,compute_time
0.003446406408225,0,0_0,maxclust,average,2.0,COMPLETED,Unknown,0.013771
0.003446406408225,1,0_0,maxclust,average,2.0,COMPLETED,Unknown,0.007171
0.003446406408225,4,0_0,maxclust,average,2.0,COMPLETED,Unknown,0.007091
0.003446406408225,3,0_0,maxclust,average,2.0,COMPLETED,Unknown,0.00708
0.003446406408225,2,0_0,maxclust,average,2.0,COMPLETED,Unknown,0.007108
0.21184868916478614,39,5_0,maxclust,ward,2.0,COMPLETED,BO,3.709177
0.21184868916478614,40,5_0,maxclust,ward,2.0,COMPLETED,BO,3.882175
0.21184868916478614,41,5_0,maxclust,ward,2.0,COMPLETED,BO,3.750445
0.21184868916478614,42,5_0,maxclust,ward,2.0,COMPLETED,BO,4.114819
0.21184868916478614,43,5_0,maxclust,ward,2.0,COMPLETED,BO,4.090384
0.21184868916478614,44,5_0,maxclust,ward,2.0,COMPLETED,BO,5.479713
0.21184868916478614,45,5_0,maxclust,ward,2.0,COMPLETED,BO,3.281271
0.21184868916478614,46,5_0,maxclust,ward,2.0,COMPLETED,BO,4.058921
0.21184868916478614,47,5_0,maxclust,ward,2.0,COMPLETED,BO,4.367647
0.21184868916478614,48,5_0,maxclust,ward,2.0,COMPLETED,BO,4.249078
0.21184868916478614,50,5_0,maxclust,ward,2.0,COMPLETED,BO,4.561859
0.21184868916478614,38,5_0,maxclust,ward,2.0,COMPLETED,BO,5.654566
0.21184868916478614,51,5_0,maxclust,ward,2.0,COMPLETED,BO,4.176456
0.21184868916478614,52,5_0,maxclust,ward,2.0,COMPLETED,BO,4.473931
0.21184868916478614,53,5_0,maxclust,ward,2.0,COMPLETED,BO,3.841711
0.21184868916478614,54,5_0,maxclust,ward,2.0,COMPLETED,BO,4.508045
0.21184868916478614,55,5_0,maxclust,ward,2.0,COMPLETED,BO,4.962367
0.2118486891647861,5,5_0,maxclust,ward,2.0,COMPLETED,Unknown,0.007099
0.21184868916478614,56,5_0,maxclust,ward,2.0,COMPLETED,BO,3.80603
0.21184868916478614,57,5_0,maxclust,ward,2.0,COMPLETED,BO,3.653769
0.21184868916478614,58,5_0,maxclust,ward,2.0,COMPLETED,BO,3.454035
0.21184868916478614,59,5_0,maxclust,ward,2.0,COMPLETED,BO,2.978838
0.2118486891647861,6,5_0,maxclust,ward,2.0,COMPLETED,Unknown,0.007085
0.21184868916478614,49,5_0,maxclust,ward,2.0,COMPLETED,BO,4.712162
0.21184868916478614,37,5_0,maxclust,ward,2.0,COMPLETED,BO,5.000862
0.21184868916478614,35,5_0,maxclust,ward,2.0,COMPLETED,BO,5.741088
0.21184868916478614,21,5_0,maxclust,ward,2.0,COMPLETED,BO,3.679713
0.21184868916478614,11,5_0,maxclust,ward,2.0,COMPLETED,BO,4.086419
0.21184868916478614,12,5_0,maxclust,ward,2.0,COMPLETED,BO,4.364074
0.21184868916478614,13,5_0,maxclust,ward,2.0,COMPLETED,BO,4.778295
0.21184868916478614,14,5_0,maxclust,ward,2.0,COMPLETED,BO,4.481514
0.21184868916478614,15,5_0,maxclust,ward,2.0,COMPLETED,BO,4.401515
0.21184868916478614,16,5_0,maxclust,ward,2.0,COMPLETED,BO,4.355684
0.21184868916478614,17,5_0,maxclust,ward,2.0,COMPLETED,BO,4.057505
0.21184868916478614,18,5_0,maxclust,ward,2.0,COMPLETED,BO,3.881016
0.21184868916478614,19,5_0,maxclust,ward,2.0,COMPLETED,BO,3.664332
0.21184868916478614,20,5_0,maxclust,ward,2.0,COMPLETED,BO,3.437464
0.21184868916478614,36,5_0,maxclust,ward,2.0,COMPLETED,BO,3.619905
0.21184868916478614,10,5_0,maxclust,ward,2.0,COMPLETED,BO,4.481553
0.21184868916478614,22,5_0,maxclust,ward,2.0,COMPLETED,BO,3.53469
0.21184868916478614,24,5_0,maxclust,ward,2.0,COMPLETED,BO,3.679023
0.21184868916478614,25,5_0,maxclust,ward,2.0,COMPLETED,BO,3.747451
0.21184868916478614,26,5_0,maxclust,ward,2.0,COMPLETED,BO,3.854829
0.21184868916478614,27,5_0,maxclust,ward,2.0,COMPLETED,BO,3.381268
0.21184868916478614,28,5_0,maxclust,ward,2.0,COMPLETED,BO,3.811651
0.21184868916478614,29,5_0,maxclust,ward,2.0,COMPLETED,BO,4.398618
0.21184868916478614,30,5_0,maxclust,ward,2.0,COMPLETED,BO,3.614897
0.21184868916478614,31,5_0,maxclust,ward,2.0,COMPLETED,BO,4.176017
0.21184868916478614,32,5_0,maxclust,ward,2.0,COMPLETED,BO,3.933688
0.21184868916478614,33,5_0,maxclust,ward,2.0,COMPLETED,BO,3.539024
0.21184868916478614,34,5_0,maxclust,ward,2.0,COMPLETED,BO,4.183977
0.21184868916478614,23,5_0,maxclust,ward,2.0,COMPLETED,BO,3.626115
-0.0007735901859092,7,7_0,maxclust,centroid,2.0,COMPLETED,Unknown,0.007534
0.003446406408225,8,8_0,maxclust,weighted,2.0,COMPLETED,Unknown,0.007085
0.003446406408225,9,8_0,maxclust,weighted,2.0,COMPLETED,Unknown,0.007095
