adjusted_rand_score,trial_index,arm_name,criterion,method,t,trial_status,generator_model,compute_time
0.2992853661021583,0,0_0,maxclust,complete,6.0,COMPLETED,Unknown,0.036121
0.2992853661021583,1,0_0,maxclust,complete,6.0,COMPLETED,Unknown,0.008209
0.2992853661021583,4,0_0,maxclust,complete,6.0,COMPLETED,Unknown,0.006929
0.2992853661021583,3,0_0,maxclust,complete,6.0,COMPLETED,Unknown,0.006861
0.2992853661021583,2,0_0,maxclust,complete,6.0,COMPLETED,Unknown,0.00689
0.2992853661021583,5,0_0,maxclust,complete,6.0,COMPLETED,Unknown,0.006878
0.4447757556148458,39,6_0,maxclust,ward,6.0,COMPLETED,BO,5.973844
0.4447757556148458,40,6_0,maxclust,ward,6.0,COMPLETED,BO,6.294004
0.4447757556148458,41,6_0,maxclust,ward,6.0,COMPLETED,BO,6.403806
0.4447757556148458,42,6_0,maxclust,ward,6.0,COMPLETED,BO,5.905076
0.4447757556148458,43,6_0,maxclust,ward,6.0,COMPLETED,BO,6.898927
0.4447757556148458,44,6_0,maxclust,ward,6.0,COMPLETED,BO,6.515384
0.4447757556148458,45,6_0,maxclust,ward,6.0,COMPLETED,BO,6.451478
0.4447757556148458,46,6_0,maxclust,ward,6.0,COMPLETED,BO,6.786496
0.4447757556148458,47,6_0,maxclust,ward,6.0,COMPLETED,BO,7.405994
0.4447757556148458,48,6_0,maxclust,ward,6.0,COMPLETED,BO,5.509124
0.4447757556148458,50,6_0,maxclust,ward,6.0,COMPLETED,BO,5.594774
0.4447757556148458,38,6_0,maxclust,ward,6.0,COMPLETED,BO,6.493625
0.4447757556148458,51,6_0,maxclust,ward,6.0,COMPLETED,BO,5.537607
0.4447757556148458,52,6_0,maxclust,ward,6.0,COMPLETED,BO,5.526798
0.4447757556148458,53,6_0,maxclust,ward,6.0,COMPLETED,BO,5.30543
0.4447757556148458,54,6_0,maxclust,ward,6.0,COMPLETED,BO,5.838378
0.4447757556148458,55,6_0,maxclust,ward,6.0,COMPLETED,BO,6.682975
0.4447757556148458,56,6_0,maxclust,ward,6.0,COMPLETED,BO,5.521383
0.4447757556148458,57,6_0,maxclust,ward,6.0,COMPLETED,BO,5.260664
0.4447757556148458,58,6_0,maxclust,ward,6.0,COMPLETED,BO,4.59227
0.4447757556148458,59,6_0,maxclust,ward,6.0,COMPLETED,BO,4.413944
0.4447757556148458,6,6_0,maxclust,ward,6.0,COMPLETED,Unknown,0.006872
0.4447757556148458,7,6_0,maxclust,ward,6.0,COMPLETED,Unknown,0.007274
0.4447757556148458,49,6_0,maxclust,ward,6.0,COMPLETED,BO,5.588502
0.4447757556148458,37,6_0,maxclust,ward,6.0,COMPLETED,BO,6.609762
0.4447757556148458,35,6_0,maxclust,ward,6.0,COMPLETED,BO,6.73866
0.4447757556148458,8,6_0,maxclust,ward,6.0,COMPLETED,Unknown,0.006904
0.4447757556148458,10,6_0,maxclust,ward,6.0,COMPLETED,BO,5.730711
0.4447757556148458,11,6_0,maxclust,ward,6.0,COMPLETED,BO,5.77304
0.4447757556148458,12,6_0,maxclust,ward,6.0,COMPLETED,BO,5.73621
0.4447757556148458,13,6_0,maxclust,ward,6.0,COMPLETED,BO,5.685136
0.4447757556148458,14,6_0,maxclust,ward,6.0,COMPLETED,BO,5.687617
0.4447757556148458,15,6_0,maxclust,ward,6.0,COMPLETED,BO,6.00889
0.4447757556148458,16,6_0,maxclust,ward,6.0,COMPLETED,BO,6.713112
0.4447757556148458,17,6_0,maxclust,ward,6.0,COMPLETED,BO,6.909182
0.4447757556148458,18,6_0,maxclust,ward,6.0,COMPLETED,BO,6.72617
0.4447757556148458,19,6_0,maxclust,ward,6.0,COMPLETED,BO,6.325742
0.4447757556148458,20,6_0,maxclust,ward,6.0,COMPLETED,BO,5.039615
0.4447757556148458,21,6_0,maxclust,ward,6.0,COMPLETED,BO,5.622222
0.4447757556148458,22,6_0,maxclust,ward,6.0,COMPLETED,BO,5.859699
0.4447757556148458,23,6_0,maxclust,ward,6.0,COMPLETED,BO,5.691735
0.4447757556148458,24,6_0,maxclust,ward,6.0,COMPLETED,BO,6.095539
0.4447757556148458,25,6_0,maxclust,ward,6.0,COMPLETED,BO,6.050891
0.4447757556148458,26,6_0,maxclust,ward,6.0,COMPLETED,BO,5.571855
0.4447757556148458,27,6_0,maxclust,ward,6.0,COMPLETED,BO,5.934051
0.4447757556148458,28,6_0,maxclust,ward,6.0,COMPLETED,BO,6.04085
0.4447757556148458,29,6_0,maxclust,ward,6.0,COMPLETED,BO,6.733767
0.4447757556148458,30,6_0,maxclust,ward,6.0,COMPLETED,BO,6.676941
0.4447757556148458,31,6_0,maxclust,ward,6.0,COMPLETED,BO,5.926359
0.4447757556148458,32,6_0,maxclust,ward,6.0,COMPLETED,BO,6.123849
0.4447757556148458,33,6_0,maxclust,ward,6.0,COMPLETED,BO,7.124143
0.4447757556148458,34,6_0,maxclust,ward,6.0,COMPLETED,BO,6.74123
0.4447757556148458,36,6_0,maxclust,ward,6.0,COMPLETED,BO,5.929468
0.4447757556148458,9,6_0,maxclust,ward,6.0,COMPLETED,Unknown,0.006897
