adjusted_rand_score,trial_index,arm_name,criterion,method,t,trial_status,generator_model,compute_time
0.0052033893387488,0,0_0,maxclust,average,3.0,COMPLETED,Sobol,294.679015
0.0052033893387488,19,0_0,maxclust,average,3.0,COMPLETED,Sobol,318.846075
0.0052033893387488,20,0_0,maxclust,average,3.0,COMPLETED,Sobol,483.872996
0.0052033893387488,11,0_0,maxclust,average,3.0,COMPLETED,Sobol,405.948823
-0.0032584722979982,1,1_0,maxclust,weighted,3.0,COMPLETED,Sobol,273.478127
-0.0032584722979982,7,1_0,maxclust,weighted,3.0,COMPLETED,Sobol,401.198266
-0.0032584722979982,16,1_0,maxclust,weighted,3.0,COMPLETED,Sobol,415.617935
-0.0032584722979982,22,1_0,maxclust,weighted,3.0,COMPLETED,Sobol,573.545378
0.0001226678096024,12,2_0,maxclust,single,3.0,COMPLETED,Sobol,164.640553
0.0001226678096024,24,2_0,maxclust,single,3.0,COMPLETED,Sobol,258.113207
0.0001226678096024,17,2_0,maxclust,single,3.0,COMPLETED,Sobol,216.101398
0.0001226678096024,2,2_0,maxclust,single,3.0,COMPLETED,Sobol,123.505688
0.0054763164102206,3,3_0,maxclust,ward,3.0,COMPLETED,Sobol,257.600432
0.0054763164102206,21,3_0,maxclust,ward,3.0,COMPLETED,Sobol,344.675858
0.0054763164102206,8,3_0,maxclust,ward,3.0,COMPLETED,Sobol,469.163489
0.0,18,4_0,maxclust,median,3.0,COMPLETED,Sobol,400.289771
0.0,14,4_0,maxclust,median,3.0,COMPLETED,Sobol,359.252515
0.0,4,4_0,maxclust,median,3.0,COMPLETED,Sobol,739.587414
-3.69849499266611e-05,23,5_0,maxclust,centroid,3.0,COMPLETED,Sobol,348.941535
-3.69849499266611e-05,15,5_0,maxclust,centroid,3.0,COMPLETED,Sobol,437.501974
-3.69849499266611e-05,5,5_0,maxclust,centroid,3.0,COMPLETED,Sobol,355.584113
-3.69849499266611e-05,9,5_0,maxclust,centroid,3.0,COMPLETED,Sobol,450.198879
0.0114829697888611,10,6_0,maxclust,complete,3.0,COMPLETED,Sobol,380.372717
0.0114829697888611,6,6_0,maxclust,complete,3.0,COMPLETED,Sobol,257.101022
0.0114829697888611,13,6_0,maxclust,complete,3.0,COMPLETED,Sobol,398.247708
