adjusted_rand_score,trial_index,arm_name,criterion,method,t,trial_status,generator_model,compute_time
0.3196679954509593,0,0_0,maxclust,weighted,6.0,COMPLETED,Sobol,37.009894
0.3196679954509593,23,0_0,maxclust,weighted,6.0,COMPLETED,Sobol,33.598692
0.3196679954509593,17,0_0,maxclust,weighted,6.0,COMPLETED,Sobol,33.988713
0.3196679954509593,12,0_0,maxclust,weighted,6.0,COMPLETED,Sobol,34.873954
0.3196679954509593,6,0_0,maxclust,weighted,6.0,COMPLETED,Sobol,32.88008
0.2982595383342766,18,11_0,maxclust,complete,6.0,COMPLETED,Sobol,34.566961
0.2982595383342766,11,11_0,maxclust,complete,6.0,COMPLETED,Sobol,33.472899
0.3315760357044917,13,13_0,maxclust,centroid,6.0,COMPLETED,Sobol,34.589823
0.3315760357044917,21,13_0,maxclust,centroid,6.0,COMPLETED,Sobol,34.283255
0.5146514976448956,14,1_0,maxclust,ward,6.0,COMPLETED,Sobol,35.241275
0.5146514976448956,19,1_0,maxclust,ward,6.0,COMPLETED,Sobol,34.499871
0.5146514976448956,1,1_0,maxclust,ward,6.0,COMPLETED,Sobol,34.560962
0.5146514976448956,10,1_0,maxclust,ward,6.0,COMPLETED,Sobol,34.033402
0.5146514976448956,24,1_0,maxclust,ward,6.0,COMPLETED,Sobol,34.160211
-0.0001069217845792,5,2_0,maxclust,median,6.0,COMPLETED,Sobol,32.145753
-0.0001069217845792,8,2_0,maxclust,median,6.0,COMPLETED,Sobol,34.605378
-0.0001069217845792,22,2_0,maxclust,median,6.0,COMPLETED,Sobol,33.069681
-0.0001069217845792,2,2_0,maxclust,median,6.0,COMPLETED,Sobol,35.759823
-0.0001069217845792,15,2_0,maxclust,median,6.0,COMPLETED,Sobol,31.802199
0.3247009227650138,3,3_0,maxclust,average,6.0,COMPLETED,Sobol,34.911896
0.3247009227650138,4,3_0,maxclust,average,6.0,COMPLETED,Sobol,34.623776
-2.161260584208991e-05,7,7_0,maxclust,single,6.0,COMPLETED,Sobol,32.453857
-2.161260584208991e-05,20,7_0,maxclust,single,6.0,COMPLETED,Sobol,32.166879
-2.161260584208991e-05,16,7_0,maxclust,single,6.0,COMPLETED,Sobol,32.903188
-2.161260584208991e-05,9,7_0,maxclust,single,6.0,COMPLETED,Sobol,32.726807
