adjusted_rand_score,trial_index,arm_name,criterion,method,t,trial_status,generator_model,compute_time
-0.0006152874572628,0,0_0,maxclust,average,4.0,COMPLETED,Unknown,0.019247
-0.0006152874572628,2,0_0,maxclust,average,4.0,COMPLETED,Unknown,0.00956
-0.0006152874572628,1,0_0,maxclust,average,4.0,COMPLETED,Unknown,0.009615
-0.0006152874572628,3,0_0,maxclust,average,4.0,COMPLETED,Unknown,0.00954
-0.0006152874572628,4,0_0,maxclust,average,4.0,COMPLETED,Unknown,0.009577
0.0461833534975036,5,5_0,maxclust,ward,4.0,COMPLETED,Unknown,0.009604
0.0461833534975036,6,5_0,maxclust,ward,4.0,COMPLETED,Unknown,0.009662
-0.013390302302483,7,7_0,maxclust,centroid,4.0,COMPLETED,Unknown,0.010289
0.10443801805179186,39,8_0,maxclust,weighted,4.0,COMPLETED,BO,4.552203
0.10443801805179186,41,8_0,maxclust,weighted,4.0,COMPLETED,BO,4.050637
0.10443801805179186,46,8_0,maxclust,weighted,4.0,COMPLETED,BO,6.342465
0.10443801805179186,42,8_0,maxclust,weighted,4.0,COMPLETED,BO,3.813249
0.10443801805179186,43,8_0,maxclust,weighted,4.0,COMPLETED,BO,4.137533
0.10443801805179186,44,8_0,maxclust,weighted,4.0,COMPLETED,BO,4.715867
0.10443801805179186,45,8_0,maxclust,weighted,4.0,COMPLETED,BO,5.439488
0.10443801805179186,40,8_0,maxclust,weighted,4.0,COMPLETED,BO,4.946013
0.10443801805179186,47,8_0,maxclust,weighted,4.0,COMPLETED,BO,6.26798
0.10443801805179186,50,8_0,maxclust,weighted,4.0,COMPLETED,BO,3.907332
0.10443801805179186,49,8_0,maxclust,weighted,4.0,COMPLETED,BO,3.735163
0.10443801805179186,38,8_0,maxclust,weighted,4.0,COMPLETED,BO,4.233469
0.10443801805179186,51,8_0,maxclust,weighted,4.0,COMPLETED,BO,3.600815
0.10443801805179186,52,8_0,maxclust,weighted,4.0,COMPLETED,BO,6.762785
0.10443801805179186,53,8_0,maxclust,weighted,4.0,COMPLETED,BO,3.597912
0.10443801805179186,54,8_0,maxclust,weighted,4.0,COMPLETED,BO,4.28001
0.10443801805179186,55,8_0,maxclust,weighted,4.0,COMPLETED,BO,5.097767
0.10443801805179186,56,8_0,maxclust,weighted,4.0,COMPLETED,BO,3.708641
0.10443801805179186,57,8_0,maxclust,weighted,4.0,COMPLETED,BO,3.478314
0.10443801805179186,58,8_0,maxclust,weighted,4.0,COMPLETED,BO,3.320042
0.10443801805179186,59,8_0,maxclust,weighted,4.0,COMPLETED,BO,3.24997
0.10443801805179186,48,8_0,maxclust,weighted,4.0,COMPLETED,BO,5.874042
0.10443801805179186,37,8_0,maxclust,weighted,4.0,COMPLETED,BO,5.817144
0.10443801805179186,35,8_0,maxclust,weighted,4.0,COMPLETED,BO,3.862526
0.1044380180517918,8,8_0,maxclust,weighted,4.0,COMPLETED,Unknown,0.009603
0.10443801805179186,10,8_0,maxclust,weighted,4.0,COMPLETED,BO,3.297312
0.10443801805179186,11,8_0,maxclust,weighted,4.0,COMPLETED,BO,3.624984
0.10443801805179186,12,8_0,maxclust,weighted,4.0,COMPLETED,BO,3.917664
0.10443801805179186,13,8_0,maxclust,weighted,4.0,COMPLETED,BO,3.768345
0.10443801805179186,14,8_0,maxclust,weighted,4.0,COMPLETED,BO,4.090383
0.10443801805179186,15,8_0,maxclust,weighted,4.0,COMPLETED,BO,4.073616
0.10443801805179186,16,8_0,maxclust,weighted,4.0,COMPLETED,BO,3.861596
0.10443801805179186,17,8_0,maxclust,weighted,4.0,COMPLETED,BO,4.459452
0.10443801805179186,18,8_0,maxclust,weighted,4.0,COMPLETED,BO,4.276813
0.10443801805179186,19,8_0,maxclust,weighted,4.0,COMPLETED,BO,3.833236
0.10443801805179186,20,8_0,maxclust,weighted,4.0,COMPLETED,BO,3.675504
0.10443801805179186,21,8_0,maxclust,weighted,4.0,COMPLETED,BO,3.243897
0.10443801805179186,22,8_0,maxclust,weighted,4.0,COMPLETED,BO,3.563386
0.10443801805179186,23,8_0,maxclust,weighted,4.0,COMPLETED,BO,3.312721
0.10443801805179186,24,8_0,maxclust,weighted,4.0,COMPLETED,BO,3.729246
0.10443801805179186,25,8_0,maxclust,weighted,4.0,COMPLETED,BO,3.991918
0.10443801805179186,26,8_0,maxclust,weighted,4.0,COMPLETED,BO,4.740161
0.10443801805179186,27,8_0,maxclust,weighted,4.0,COMPLETED,BO,4.007082
0.10443801805179186,28,8_0,maxclust,weighted,4.0,COMPLETED,BO,4.62895
0.10443801805179186,29,8_0,maxclust,weighted,4.0,COMPLETED,BO,4.252786
0.10443801805179186,30,8_0,maxclust,weighted,4.0,COMPLETED,BO,6.612341
0.10443801805179186,31,8_0,maxclust,weighted,4.0,COMPLETED,BO,3.897577
0.10443801805179186,32,8_0,maxclust,weighted,4.0,COMPLETED,BO,5.166696
0.10443801805179186,33,8_0,maxclust,weighted,4.0,COMPLETED,BO,8.393051
0.10443801805179186,34,8_0,maxclust,weighted,4.0,COMPLETED,BO,4.504915
0.10443801805179186,36,8_0,maxclust,weighted,4.0,COMPLETED,BO,5.160882
0.1044380180517918,9,8_0,maxclust,weighted,4.0,COMPLETED,Unknown,0.009563
