adjusted_rand_score,trial_index,arm_name,criterion,method,t,trial_status,generator_model
-0.0020502621143481,0,0_0,maxclust,single,2.0,COMPLETED,Sobol
-0.0020502621143481,7,0_0,maxclust,single,2.0,COMPLETED,Sobol
-0.0020502621143481,19,0_0,maxclust,single,2.0,COMPLETED,Sobol
-0.0020502621143481,9,0_0,maxclust,single,2.0,COMPLETED,Sobol
-0.0020502621143481,13,11_0,maxclust,centroid,2.0,COMPLETED,Sobol
-0.0020502621143481,15,11_0,maxclust,centroid,2.0,COMPLETED,Sobol
-0.0020502621143481,17,11_0,maxclust,centroid,2.0,COMPLETED,Sobol
-0.0020502621143481,21,11_0,maxclust,centroid,2.0,COMPLETED,Sobol
-0.0020502621143481,11,11_0,maxclust,centroid,2.0,COMPLETED,Sobol
-0.0040708398462569,18,18_0,maxclust,complete,2.0,COMPLETED,Sobol
-0.013734185941176,23,1_0,maxclust,median,2.0,COMPLETED,Sobol
-0.013734185941176,12,1_0,maxclust,median,2.0,COMPLETED,Sobol
-0.013734185941176,1,1_0,maxclust,median,2.0,COMPLETED,Sobol
-0.013734185941176,16,1_0,maxclust,median,2.0,COMPLETED,Sobol
-0.013734185941176,6,1_0,maxclust,median,2.0,COMPLETED,Sobol
-0.026060734905574,4,2_0,maxclust,weighted,2.0,COMPLETED,Sobol
-0.026060734905574,8,2_0,maxclust,weighted,2.0,COMPLETED,Sobol
-0.026060734905574,2,2_0,maxclust,weighted,2.0,COMPLETED,Sobol
-0.0020502621143481,3,3_0,maxclust,average,2.0,COMPLETED,Sobol
-0.0020502621143481,22,3_0,maxclust,average,2.0,COMPLETED,Sobol
-0.0020502621143481,20,3_0,maxclust,average,2.0,COMPLETED,Sobol
-0.0729297189950046,24,5_0,maxclust,ward,2.0,COMPLETED,Sobol
-0.0729297189950046,5,5_0,maxclust,ward,2.0,COMPLETED,Sobol
-0.0729297189950046,10,5_0,maxclust,ward,2.0,COMPLETED,Sobol
-0.0729297189950046,14,5_0,maxclust,ward,2.0,COMPLETED,Sobol
