adjusted_rand_score,trial_index,arm_name,criterion,method,t,trial_status,generator_model
0.0271805465526253,0,0_0,maxclust,average,4.0,COMPLETED,Sobol
0.0271805465526253,20,0_0,maxclust,average,4.0,COMPLETED,Sobol
0.0271805465526253,19,0_0,maxclust,average,4.0,COMPLETED,Sobol
0.0271805465526253,11,0_0,maxclust,average,4.0,COMPLETED,Sobol
0.0893604154865583,7,1_0,maxclust,weighted,4.0,COMPLETED,Sobol
0.0893604154865583,1,1_0,maxclust,weighted,4.0,COMPLETED,Sobol
0.0893604154865583,16,1_0,maxclust,weighted,4.0,COMPLETED,Sobol
0.0893604154865583,22,1_0,maxclust,weighted,4.0,COMPLETED,Sobol
-0.000177262838088,24,2_0,maxclust,single,4.0,COMPLETED,Sobol
-0.000177262838088,12,2_0,maxclust,single,4.0,COMPLETED,Sobol
-0.000177262838088,2,2_0,maxclust,single,4.0,COMPLETED,Sobol
-0.000177262838088,17,2_0,maxclust,single,4.0,COMPLETED,Sobol
0.0408822925093853,8,3_0,maxclust,ward,4.0,COMPLETED,Sobol
0.0408822925093853,3,3_0,maxclust,ward,4.0,COMPLETED,Sobol
0.0408822925093853,21,3_0,maxclust,ward,4.0,COMPLETED,Sobol
0.0006639452185323,14,4_0,maxclust,median,4.0,COMPLETED,Sobol
0.0006639452185323,18,4_0,maxclust,median,4.0,COMPLETED,Sobol
0.0006639452185323,4,4_0,maxclust,median,4.0,COMPLETED,Sobol
-0.0001255261364337,23,5_0,maxclust,centroid,4.0,COMPLETED,Sobol
-0.0001255261364337,5,5_0,maxclust,centroid,4.0,COMPLETED,Sobol
-0.0001255261364337,15,5_0,maxclust,centroid,4.0,COMPLETED,Sobol
-0.0001255261364337,9,5_0,maxclust,centroid,4.0,COMPLETED,Sobol
0.0086399328981301,13,6_0,maxclust,complete,4.0,COMPLETED,Sobol
0.0086399328981301,6,6_0,maxclust,complete,4.0,COMPLETED,Sobol
0.0086399328981301,10,6_0,maxclust,complete,4.0,COMPLETED,Sobol
