adjusted_rand_score,trial_index,arm_name,criterion,method,t,trial_status,generator_model
1.183888694442254e-06,0,0_0,maxclust,average,2.0,COMPLETED,Sobol
1.183888694442254e-06,23,0_0,maxclust,average,2.0,COMPLETED,Sobol
1.183888694442254e-06,15,0_0,maxclust,average,2.0,COMPLETED,Sobol
1.183888694442254e-06,8,0_0,maxclust,average,2.0,COMPLETED,Sobol
1.183888694442254e-06,7,0_0,maxclust,average,2.0,COMPLETED,Sobol
0.0097739331596407,10,10_0,maxclust,ward,2.0,COMPLETED,Sobol
0.0097739331596407,14,10_0,maxclust,ward,2.0,COMPLETED,Sobol
0.0,19,19_0,maxclust,centroid,2.0,COMPLETED,Sobol
0.0,16,1_0,maxclust,weighted,2.0,COMPLETED,Sobol
0.0,1,1_0,maxclust,weighted,2.0,COMPLETED,Sobol
0.0,13,1_0,maxclust,weighted,2.0,COMPLETED,Sobol
0.0,17,2_0,maxclust,single,2.0,COMPLETED,Sobol
0.0,5,2_0,maxclust,single,2.0,COMPLETED,Sobol
0.0,22,2_0,maxclust,single,2.0,COMPLETED,Sobol
0.0,2,2_0,maxclust,single,2.0,COMPLETED,Sobol
0.0,24,2_0,maxclust,single,2.0,COMPLETED,Sobol
0.0,11,2_0,maxclust,single,2.0,COMPLETED,Sobol
0.0,12,2_0,maxclust,single,2.0,COMPLETED,Sobol
0.0,18,3_0,maxclust,median,2.0,COMPLETED,Sobol
0.0,21,3_0,maxclust,median,2.0,COMPLETED,Sobol
0.0,3,3_0,maxclust,median,2.0,COMPLETED,Sobol
0.0,4,3_0,maxclust,median,2.0,COMPLETED,Sobol
0.0,9,3_0,maxclust,median,2.0,COMPLETED,Sobol
0.0007360495213513,20,6_0,maxclust,complete,2.0,COMPLETED,Sobol
0.0007360495213513,6,6_0,maxclust,complete,2.0,COMPLETED,Sobol
