adjusted_rand_score,trial_index,arm_name,criterion,method,t,trial_status,generator_model
0.0028281539056759,0,0_0,maxclust,weighted,6.0,COMPLETED,Sobol
0.0028281539056759,8,0_0,maxclust,weighted,6.0,COMPLETED,Sobol
0.0028281539056759,6,0_0,maxclust,weighted,6.0,COMPLETED,Sobol
0.0028281539056759,17,0_0,maxclust,weighted,6.0,COMPLETED,Sobol
0.0028281539056759,23,0_0,maxclust,weighted,6.0,COMPLETED,Sobol
0.0024223027299761,11,11_0,maxclust,median,6.0,COMPLETED,Sobol
0.0056597718357547,14,14_0,maxclust,ward,6.0,COMPLETED,Sobol
0.0056597718357547,19,14_0,maxclust,ward,6.0,COMPLETED,Sobol
0.0056597718357547,24,14_0,maxclust,ward,6.0,COMPLETED,Sobol
0.0004059959064466,15,1_0,maxclust,centroid,6.0,COMPLETED,Sobol
0.0004059959064466,1,1_0,maxclust,centroid,6.0,COMPLETED,Sobol
0.0004059959064466,21,1_0,maxclust,centroid,6.0,COMPLETED,Sobol
0.0052594233689569,18,2_0,maxclust,average,6.0,COMPLETED,Sobol
0.0052594233689569,22,2_0,maxclust,average,6.0,COMPLETED,Sobol
0.0052594233689569,2,2_0,maxclust,average,6.0,COMPLETED,Sobol
0.0052594233689569,5,2_0,maxclust,average,6.0,COMPLETED,Sobol
0.0093875119454731,4,3_0,maxclust,single,6.0,COMPLETED,Sobol
0.0093875119454731,3,3_0,maxclust,single,6.0,COMPLETED,Sobol
0.0093875119454731,10,3_0,maxclust,single,6.0,COMPLETED,Sobol
0.0093875119454731,13,3_0,maxclust,single,6.0,COMPLETED,Sobol
0.0093875119454731,20,3_0,maxclust,single,6.0,COMPLETED,Sobol
0.0093875119454731,16,3_0,maxclust,single,6.0,COMPLETED,Sobol
0.0104790003918065,7,7_0,maxclust,complete,6.0,COMPLETED,Sobol
0.0104790003918065,12,7_0,maxclust,complete,6.0,COMPLETED,Sobol
0.0104790003918065,9,7_0,maxclust,complete,6.0,COMPLETED,Sobol
