adjusted_rand_score,trial_index,arm_name,criterion,method,t,trial_status,generator_model,compute_time
0.0140614725087497,0,0_0,maxclust,complete,2.0,COMPLETED,Unknown,0.018075
0.0140614725087497,1,0_0,maxclust,complete,2.0,COMPLETED,Unknown,0.009544
0.0140614725087497,4,0_0,maxclust,complete,2.0,COMPLETED,Unknown,0.011524
0.0140614725087497,3,0_0,maxclust,complete,2.0,COMPLETED,Unknown,0.019429
0.0140614725087497,2,0_0,maxclust,complete,2.0,COMPLETED,Unknown,0.009488
0.0140614725087497,5,0_0,maxclust,complete,2.0,COMPLETED,Unknown,0.009424
0.1553856185419306,39,6_0,maxclust,ward,2.0,COMPLETED,BO,3.706429
0.1553856185419306,40,6_0,maxclust,ward,2.0,COMPLETED,BO,4.453684
0.1553856185419306,41,6_0,maxclust,ward,2.0,COMPLETED,BO,4.260955
0.1553856185419306,42,6_0,maxclust,ward,2.0,COMPLETED,BO,5.841991
0.1553856185419306,43,6_0,maxclust,ward,2.0,COMPLETED,BO,3.632519
0.1553856185419306,44,6_0,maxclust,ward,2.0,COMPLETED,BO,4.727939
0.1553856185419306,45,6_0,maxclust,ward,2.0,COMPLETED,BO,4.720623
0.1553856185419306,46,6_0,maxclust,ward,2.0,COMPLETED,BO,6.3105
0.1553856185419306,47,6_0,maxclust,ward,2.0,COMPLETED,BO,4.158775
0.1553856185419306,48,6_0,maxclust,ward,2.0,COMPLETED,BO,4.692967
0.1553856185419306,50,6_0,maxclust,ward,2.0,COMPLETED,BO,4.047719
0.1553856185419306,38,6_0,maxclust,ward,2.0,COMPLETED,BO,6.918894
0.1553856185419306,51,6_0,maxclust,ward,2.0,COMPLETED,BO,4.043716
0.1553856185419306,52,6_0,maxclust,ward,2.0,COMPLETED,BO,4.009039
0.1553856185419306,53,6_0,maxclust,ward,2.0,COMPLETED,BO,4.021868
0.1553856185419306,54,6_0,maxclust,ward,2.0,COMPLETED,BO,3.790839
0.1553856185419306,55,6_0,maxclust,ward,2.0,COMPLETED,BO,3.968388
0.1553856185419306,56,6_0,maxclust,ward,2.0,COMPLETED,BO,3.628322
0.1553856185419306,57,6_0,maxclust,ward,2.0,COMPLETED,BO,3.945888
0.1553856185419306,58,6_0,maxclust,ward,2.0,COMPLETED,BO,3.523372
0.1553856185419306,59,6_0,maxclust,ward,2.0,COMPLETED,BO,3.218309
0.1553856185419306,6,6_0,maxclust,ward,2.0,COMPLETED,Unknown,0.009419
0.1553856185419306,7,6_0,maxclust,ward,2.0,COMPLETED,Unknown,0.010972
0.1553856185419306,49,6_0,maxclust,ward,2.0,COMPLETED,BO,4.791959
0.1553856185419306,37,6_0,maxclust,ward,2.0,COMPLETED,BO,6.097224
0.1553856185419306,35,6_0,maxclust,ward,2.0,COMPLETED,BO,5.590266
0.1553856185419306,8,6_0,maxclust,ward,2.0,COMPLETED,Unknown,0.009431
0.1553856185419306,10,6_0,maxclust,ward,2.0,COMPLETED,BO,3.781804
0.1553856185419306,11,6_0,maxclust,ward,2.0,COMPLETED,BO,3.656304
0.1553856185419306,12,6_0,maxclust,ward,2.0,COMPLETED,BO,4.149927
0.1553856185419306,13,6_0,maxclust,ward,2.0,COMPLETED,BO,4.046906
0.1553856185419306,14,6_0,maxclust,ward,2.0,COMPLETED,BO,4.053292
0.1553856185419306,15,6_0,maxclust,ward,2.0,COMPLETED,BO,4.589269
0.1553856185419306,16,6_0,maxclust,ward,2.0,COMPLETED,BO,4.143839
0.1553856185419306,17,6_0,maxclust,ward,2.0,COMPLETED,BO,5.429573
0.1553856185419306,18,6_0,maxclust,ward,2.0,COMPLETED,BO,3.347214
0.1553856185419306,19,6_0,maxclust,ward,2.0,COMPLETED,BO,4.496448
0.1553856185419306,20,6_0,maxclust,ward,2.0,COMPLETED,BO,4.420425
0.1553856185419306,21,6_0,maxclust,ward,2.0,COMPLETED,BO,4.401332
0.1553856185419306,22,6_0,maxclust,ward,2.0,COMPLETED,BO,4.671158
0.1553856185419306,23,6_0,maxclust,ward,2.0,COMPLETED,BO,4.03243
0.1553856185419306,24,6_0,maxclust,ward,2.0,COMPLETED,BO,5.853495
0.1553856185419306,25,6_0,maxclust,ward,2.0,COMPLETED,BO,3.665115
0.1553856185419306,26,6_0,maxclust,ward,2.0,COMPLETED,BO,6.792907
0.1553856185419306,27,6_0,maxclust,ward,2.0,COMPLETED,BO,4.021211
0.1553856185419306,28,6_0,maxclust,ward,2.0,COMPLETED,BO,3.977993
0.1553856185419306,29,6_0,maxclust,ward,2.0,COMPLETED,BO,4.240074
0.1553856185419306,30,6_0,maxclust,ward,2.0,COMPLETED,BO,4.081359
0.1553856185419306,31,6_0,maxclust,ward,2.0,COMPLETED,BO,3.804008
0.1553856185419306,32,6_0,maxclust,ward,2.0,COMPLETED,BO,4.359641
0.1553856185419306,33,6_0,maxclust,ward,2.0,COMPLETED,BO,4.480986
0.1553856185419306,34,6_0,maxclust,ward,2.0,COMPLETED,BO,4.417063
0.1553856185419306,36,6_0,maxclust,ward,2.0,COMPLETED,BO,6.510362
0.1553856185419306,9,6_0,maxclust,ward,2.0,COMPLETED,Unknown,0.009435
