adjusted_rand_score,trial_index,arm_name,eps,metric,min_samples,trial_status,generator_model
0.0016951093188715,0,0_0,0.0693281982839107,cosine,24.0,COMPLETED,Sobol
-0.0006307368622374,10,10_0,0.8676071536019444,cosine,16.0,COMPLETED,Sobol
0.00317215428933,11,11_0,0.3161117215156555,cosine,65.0,COMPLETED,Sobol
0.0246967639032132,12,12_0,0.421432423133403,cosine,5.0,COMPLETED,Sobol
-0.0373463274457091,13,13_0,0.8948372567407786,cosine,54.0,COMPLETED,Sobol
0.020139439354986,14,14_0,0.5479908407870681,cosine,27.0,COMPLETED,Sobol
0.0,15,15_0,0.0119668566454201,cosine,76.0,COMPLETED,Sobol
0.0015403460099971,16,16_0,0.0332797762136906,cosine,32.0,COMPLETED,Sobol
0.0039631721385986,17,17_0,0.5266950493063778,cosine,81.0,COMPLETED,Sobol
-0.0116849959347329,18,18_0,0.9359012444242836,cosine,6.0,COMPLETED,Sobol
0.0033225326334654,19,19_0,0.3803551069945097,cosine,55.0,COMPLETED,Sobol
0.0074140353249416,1,1_0,0.621242381811142,cosine,73.0,COMPLETED,Sobol
0.0056190360837908,20,20_0,0.3528813403584063,cosine,17.0,COMPLETED,Sobol
0.0137829824673579,21,21_0,0.8308242137394846,cosine,67.0,COMPLETED,Sobol
0.1092968223768337,22,22_0,0.7410463528130203,cosine,44.0,COMPLETED,Sobol
0.002826052914604,23,23_0,0.2009716633278876,cosine,94.0,COMPLETED,Sobol
0.0033497540033104,24,24_0,0.1261972747072577,cosine,10.0,COMPLETED,Sobol
-0.0084427471488144,2,2_0,0.9602771945428104,cosine,50.0,COMPLETED,Sobol
0.0034188509042423,3,3_0,0.4709811614509672,cosine,100.0,COMPLETED,Sobol
0.0034154477127844,4,4_0,0.2641792846862226,cosine,37.0,COMPLETED,Sobol
0.0250419262634278,5,5_0,0.8006220239866525,cosine,87.0,COMPLETED,Sobol
0.0557594518510898,6,6_0,0.6406718251891435,cosine,12.0,COMPLETED,Sobol
0.0021997561407374,7,7_0,0.1668481918089091,cosine,62.0,COMPLETED,Sobol
0.0032834534094314,8,8_0,0.2265618236493319,cosine,39.0,COMPLETED,Sobol
0.0160043759032426,9,9_0,0.7154390569683164,cosine,89.0,COMPLETED,Sobol
