adjusted_rand_score,trial_index,arm_name,criterion,method,t,trial_status,generator_model,compute_time
-0.0002714261044184,0,0_0,maxclust,single,6.0,COMPLETED,Sobol,7.455616
-0.0002714261044184,19,0_0,maxclust,single,6.0,COMPLETED,Sobol,4.167391
0.0370339804492872,17,13_0,maxclust,complete,6.0,COMPLETED,Sobol,5.132016
0.0370339804492872,15,13_0,maxclust,complete,6.0,COMPLETED,Sobol,5.404792
0.0370339804492872,13,13_0,maxclust,complete,6.0,COMPLETED,Sobol,5.832244
0.0370339804492872,20,13_0,maxclust,complete,6.0,COMPLETED,Sobol,9.190821
0.026457819375428,14,1_0,maxclust,ward,6.0,COMPLETED,Sobol,5.502612
0.026457819375428,1,1_0,maxclust,ward,6.0,COMPLETED,Sobol,8.916095
0.026457819375428,5,1_0,maxclust,ward,6.0,COMPLETED,Sobol,8.495811
0.026457819375428,23,1_0,maxclust,ward,6.0,COMPLETED,Sobol,5.424266
0.026457819375428,10,1_0,maxclust,ward,6.0,COMPLETED,Sobol,6.326471
-0.0038692631739583,12,2_0,maxclust,centroid,6.0,COMPLETED,Sobol,10.673191
-0.0038692631739583,2,2_0,maxclust,centroid,6.0,COMPLETED,Sobol,9.702907
-0.0038692631739583,8,2_0,maxclust,centroid,6.0,COMPLETED,Sobol,11.547404
-0.0008622563780761,21,3_0,maxclust,median,6.0,COMPLETED,Sobol,5.104489
-0.0008622563780761,18,3_0,maxclust,median,6.0,COMPLETED,Sobol,5.056461
-0.0008622563780761,24,3_0,maxclust,median,6.0,COMPLETED,Sobol,11.358072
-0.0008622563780761,3,3_0,maxclust,median,6.0,COMPLETED,Sobol,9.366949
-0.0008622563780761,4,3_0,maxclust,median,6.0,COMPLETED,Sobol,14.762804
-0.0008622563780761,9,3_0,maxclust,median,6.0,COMPLETED,Sobol,6.729296
0.011613023301459,22,6_0,maxclust,average,6.0,COMPLETED,Sobol,5.273282
0.011613023301459,6,6_0,maxclust,average,6.0,COMPLETED,Sobol,7.237135
0.0359066261715918,11,7_0,maxclust,weighted,6.0,COMPLETED,Sobol,6.216633
0.0359066261715918,16,7_0,maxclust,weighted,6.0,COMPLETED,Sobol,9.407733
0.0359066261715918,7,7_0,maxclust,weighted,6.0,COMPLETED,Sobol,6.574094
