adjusted_rand_score,trial_index,arm_name,criterion,method,t,trial_status,generator_model,compute_time
0.0216601658599301,0,0_0,maxclust,complete,2.0,COMPLETED,Unknown,0.013637
0.0216601658599301,1,0_0,maxclust,complete,2.0,COMPLETED,Unknown,0.006837
0.0216601658599301,4,0_0,maxclust,complete,2.0,COMPLETED,Unknown,0.006618
0.0216601658599301,3,0_0,maxclust,complete,2.0,COMPLETED,Unknown,0.00659
0.0216601658599301,2,0_0,maxclust,complete,2.0,COMPLETED,Unknown,0.006619
0.0216601658599301,5,0_0,maxclust,complete,2.0,COMPLETED,Unknown,0.00668
0.1405736311178766,39,6_0,maxclust,ward,2.0,COMPLETED,BO,5.138037
0.1405736311178766,40,6_0,maxclust,ward,2.0,COMPLETED,BO,4.697197
0.1405736311178766,41,6_0,maxclust,ward,2.0,COMPLETED,BO,4.620004
0.1405736311178766,42,6_0,maxclust,ward,2.0,COMPLETED,BO,3.696709
0.1405736311178766,43,6_0,maxclust,ward,2.0,COMPLETED,BO,3.881265
0.1405736311178766,44,6_0,maxclust,ward,2.0,COMPLETED,BO,3.910975
0.1405736311178766,45,6_0,maxclust,ward,2.0,COMPLETED,BO,3.775256
0.1405736311178766,46,6_0,maxclust,ward,2.0,COMPLETED,BO,4.507382
0.1405736311178766,47,6_0,maxclust,ward,2.0,COMPLETED,BO,5.988978
0.1405736311178766,48,6_0,maxclust,ward,2.0,COMPLETED,BO,3.817995
0.1405736311178766,50,6_0,maxclust,ward,2.0,COMPLETED,BO,5.891487
0.1405736311178766,38,6_0,maxclust,ward,2.0,COMPLETED,BO,5.047443
0.1405736311178766,51,6_0,maxclust,ward,2.0,COMPLETED,BO,3.492456
0.1405736311178766,52,6_0,maxclust,ward,2.0,COMPLETED,BO,4.455493
0.1405736311178766,53,6_0,maxclust,ward,2.0,COMPLETED,BO,4.316996
0.1405736311178766,54,6_0,maxclust,ward,2.0,COMPLETED,BO,4.072694
0.1405736311178766,55,6_0,maxclust,ward,2.0,COMPLETED,BO,4.016154
0.1405736311178766,56,6_0,maxclust,ward,2.0,COMPLETED,BO,3.862603
0.1405736311178766,57,6_0,maxclust,ward,2.0,COMPLETED,BO,3.595279
0.1405736311178766,58,6_0,maxclust,ward,2.0,COMPLETED,BO,3.605057
0.1405736311178766,59,6_0,maxclust,ward,2.0,COMPLETED,BO,3.5189
0.1405736311178766,6,6_0,maxclust,ward,2.0,COMPLETED,Unknown,0.006602
0.1405736311178766,7,6_0,maxclust,ward,2.0,COMPLETED,Unknown,0.006998
0.1405736311178766,49,6_0,maxclust,ward,2.0,COMPLETED,BO,5.219942
0.1405736311178766,37,6_0,maxclust,ward,2.0,COMPLETED,BO,4.611801
0.1405736311178766,35,6_0,maxclust,ward,2.0,COMPLETED,BO,4.046256
0.1405736311178766,8,6_0,maxclust,ward,2.0,COMPLETED,Unknown,0.006611
0.1405736311178766,10,6_0,maxclust,ward,2.0,COMPLETED,BO,4.625767
0.1405736311178766,11,6_0,maxclust,ward,2.0,COMPLETED,BO,4.174826
0.1405736311178766,12,6_0,maxclust,ward,2.0,COMPLETED,BO,3.814775
0.1405736311178766,13,6_0,maxclust,ward,2.0,COMPLETED,BO,3.665325
0.1405736311178766,14,6_0,maxclust,ward,2.0,COMPLETED,BO,4.088393
0.1405736311178766,15,6_0,maxclust,ward,2.0,COMPLETED,BO,4.373892
0.1405736311178766,16,6_0,maxclust,ward,2.0,COMPLETED,BO,4.194905
0.1405736311178766,17,6_0,maxclust,ward,2.0,COMPLETED,BO,3.956245
0.1405736311178766,18,6_0,maxclust,ward,2.0,COMPLETED,BO,4.312825
0.1405736311178766,19,6_0,maxclust,ward,2.0,COMPLETED,BO,3.782377
0.1405736311178766,20,6_0,maxclust,ward,2.0,COMPLETED,BO,3.749276
0.1405736311178766,21,6_0,maxclust,ward,2.0,COMPLETED,BO,4.214596
0.1405736311178766,22,6_0,maxclust,ward,2.0,COMPLETED,BO,4.453477
0.1405736311178766,23,6_0,maxclust,ward,2.0,COMPLETED,BO,4.527007
0.1405736311178766,24,6_0,maxclust,ward,2.0,COMPLETED,BO,5.005884
0.1405736311178766,25,6_0,maxclust,ward,2.0,COMPLETED,BO,4.990795
0.1405736311178766,26,6_0,maxclust,ward,2.0,COMPLETED,BO,5.073905
0.1405736311178766,27,6_0,maxclust,ward,2.0,COMPLETED,BO,5.116277
0.1405736311178766,28,6_0,maxclust,ward,2.0,COMPLETED,BO,4.111857
0.1405736311178766,29,6_0,maxclust,ward,2.0,COMPLETED,BO,4.24508
0.1405736311178766,30,6_0,maxclust,ward,2.0,COMPLETED,BO,4.253388
0.1405736311178766,31,6_0,maxclust,ward,2.0,COMPLETED,BO,3.935087
0.1405736311178766,32,6_0,maxclust,ward,2.0,COMPLETED,BO,4.167705
0.1405736311178766,33,6_0,maxclust,ward,2.0,COMPLETED,BO,4.110947
0.1405736311178766,34,6_0,maxclust,ward,2.0,COMPLETED,BO,3.746319
0.1405736311178766,36,6_0,maxclust,ward,2.0,COMPLETED,BO,4.602414
0.1405736311178766,9,6_0,maxclust,ward,2.0,COMPLETED,Unknown,0.006609
