adjusted_rand_score,trial_index,arm_name,criterion,method,t,trial_status,generator_model,compute_time
0.3630870682613912,0,0_0,maxclust,complete,26.0,COMPLETED,Unknown,0.018116
0.3630870682613912,1,0_0,maxclust,complete,26.0,COMPLETED,Unknown,0.006839
0.3630870682613912,4,0_0,maxclust,complete,26.0,COMPLETED,Unknown,0.006601
0.3630870682613912,3,0_0,maxclust,complete,26.0,COMPLETED,Unknown,0.006605
0.3630870682613912,2,0_0,maxclust,complete,26.0,COMPLETED,Unknown,0.006693
0.3630870682613912,5,0_0,maxclust,complete,26.0,COMPLETED,Unknown,0.006676
0.5101899678373623,39,6_0,maxclust,ward,26.0,COMPLETED,BO,21.60235
0.5101899678373623,40,6_0,maxclust,ward,26.0,COMPLETED,BO,19.903557
0.5101899678373623,41,6_0,maxclust,ward,26.0,COMPLETED,BO,21.628084
0.5101899678373623,42,6_0,maxclust,ward,26.0,COMPLETED,BO,23.601051
0.5101899678373623,43,6_0,maxclust,ward,26.0,COMPLETED,BO,21.66291
0.5101899678373623,44,6_0,maxclust,ward,26.0,COMPLETED,BO,20.843968
0.5101899678373623,45,6_0,maxclust,ward,26.0,COMPLETED,BO,20.598657
0.5101899678373623,46,6_0,maxclust,ward,26.0,COMPLETED,BO,20.86604
0.5101899678373623,47,6_0,maxclust,ward,26.0,COMPLETED,BO,23.130421
0.5101899678373623,48,6_0,maxclust,ward,26.0,COMPLETED,BO,22.773881
0.5101899678373623,50,6_0,maxclust,ward,26.0,COMPLETED,BO,21.168643
0.5101899678373623,38,6_0,maxclust,ward,26.0,COMPLETED,BO,20.59064
0.5101899678373623,51,6_0,maxclust,ward,26.0,COMPLETED,BO,20.438406
0.5101899678373623,52,6_0,maxclust,ward,26.0,COMPLETED,BO,20.149824
0.5101899678373623,53,6_0,maxclust,ward,26.0,COMPLETED,BO,22.316682
0.5101899678373623,54,6_0,maxclust,ward,26.0,COMPLETED,BO,20.429578
0.5101899678373623,55,6_0,maxclust,ward,26.0,COMPLETED,BO,22.573882
0.5101899678373623,56,6_0,maxclust,ward,26.0,COMPLETED,BO,21.62862
0.5101899678373623,57,6_0,maxclust,ward,26.0,COMPLETED,BO,21.445226
0.5101899678373623,58,6_0,maxclust,ward,26.0,COMPLETED,BO,21.486039
0.5101899678373623,59,6_0,maxclust,ward,26.0,COMPLETED,BO,21.555964
0.5101899678373623,6,6_0,maxclust,ward,26.0,COMPLETED,Unknown,0.006588
0.5101899678373623,7,6_0,maxclust,ward,26.0,COMPLETED,Unknown,0.006969
0.5101899678373623,49,6_0,maxclust,ward,26.0,COMPLETED,BO,19.731943
0.5101899678373623,37,6_0,maxclust,ward,26.0,COMPLETED,BO,21.658002
0.5101899678373623,35,6_0,maxclust,ward,26.0,COMPLETED,BO,22.867838
0.5101899678373623,8,6_0,maxclust,ward,26.0,COMPLETED,Unknown,0.006597
0.5101899678373623,10,6_0,maxclust,ward,26.0,COMPLETED,BO,19.992985
0.5101899678373623,11,6_0,maxclust,ward,26.0,COMPLETED,BO,21.781051
0.5101899678373623,12,6_0,maxclust,ward,26.0,COMPLETED,BO,23.417864
0.5101899678373623,13,6_0,maxclust,ward,26.0,COMPLETED,BO,20.767197
0.5101899678373623,14,6_0,maxclust,ward,26.0,COMPLETED,BO,22.855764
0.5101899678373623,15,6_0,maxclust,ward,26.0,COMPLETED,BO,20.361497
0.5101899678373623,16,6_0,maxclust,ward,26.0,COMPLETED,BO,21.831297
0.5101899678373623,17,6_0,maxclust,ward,26.0,COMPLETED,BO,22.872436
0.5101899678373623,18,6_0,maxclust,ward,26.0,COMPLETED,BO,20.981156
0.5101899678373623,19,6_0,maxclust,ward,26.0,COMPLETED,BO,21.604775
0.5101899678373623,20,6_0,maxclust,ward,26.0,COMPLETED,BO,22.668218
0.5101899678373623,21,6_0,maxclust,ward,26.0,COMPLETED,BO,23.451575
0.5101899678373623,22,6_0,maxclust,ward,26.0,COMPLETED,BO,24.326402
0.5101899678373623,23,6_0,maxclust,ward,26.0,COMPLETED,BO,20.55084
0.5101899678373623,24,6_0,maxclust,ward,26.0,COMPLETED,BO,20.417204
0.5101899678373623,25,6_0,maxclust,ward,26.0,COMPLETED,BO,21.535162
0.5101899678373623,26,6_0,maxclust,ward,26.0,COMPLETED,BO,23.832709
0.5101899678373623,27,6_0,maxclust,ward,26.0,COMPLETED,BO,19.816847
0.5101899678373623,28,6_0,maxclust,ward,26.0,COMPLETED,BO,23.608139
0.5101899678373623,29,6_0,maxclust,ward,26.0,COMPLETED,BO,19.768827
0.5101899678373623,30,6_0,maxclust,ward,26.0,COMPLETED,BO,22.321265
0.5101899678373623,31,6_0,maxclust,ward,26.0,COMPLETED,BO,23.590692
0.5101899678373623,32,6_0,maxclust,ward,26.0,COMPLETED,BO,18.488474
0.5101899678373623,33,6_0,maxclust,ward,26.0,COMPLETED,BO,25.358262
0.5101899678373623,34,6_0,maxclust,ward,26.0,COMPLETED,BO,22.096804
0.5101899678373623,36,6_0,maxclust,ward,26.0,COMPLETED,BO,21.070536
0.5101899678373623,9,6_0,maxclust,ward,26.0,COMPLETED,Unknown,0.006593
