adjusted_rand_score,trial_index,arm_name,criterion,method,t,trial_status,generator_model,compute_time
0.0023145373664951,0,0_0,maxclust,centroid,5.0,COMPLETED,Sobol,5.249215
0.0023145373664951,6,0_0,maxclust,centroid,5.0,COMPLETED,Sobol,4.033039
0.0023145373664951,12,0_0,maxclust,centroid,5.0,COMPLETED,Sobol,3.209151
0.0023145373664951,18,0_0,maxclust,centroid,5.0,COMPLETED,Sobol,4.374263
-0.0091663973941898,21,17_0,maxclust,weighted,5.0,COMPLETED,Sobol,5.963826
-0.0091663973941898,17,17_0,maxclust,weighted,5.0,COMPLETED,Sobol,4.810544
0.0437550185515389,5,1_0,maxclust,ward,5.0,COMPLETED,Sobol,3.868113
0.0437550185515389,1,1_0,maxclust,ward,5.0,COMPLETED,Sobol,4.930244
0.0437550185515389,14,1_0,maxclust,ward,5.0,COMPLETED,Sobol,3.733018
-0.0017826807035152,2,2_0,maxclust,median,5.0,COMPLETED,Sobol,4.519655
-0.0017826807035152,20,2_0,maxclust,median,5.0,COMPLETED,Sobol,5.060504
-0.0017826807035152,15,2_0,maxclust,median,5.0,COMPLETED,Sobol,3.220297
-0.0017826807035152,13,2_0,maxclust,median,5.0,COMPLETED,Sobol,4.491541
0.0133650388511605,22,3_0,maxclust,complete,5.0,COMPLETED,Sobol,5.057511
0.0133650388511605,3,3_0,maxclust,complete,5.0,COMPLETED,Sobol,4.435888
0.0133650388511605,4,3_0,maxclust,complete,5.0,COMPLETED,Sobol,4.366202
0.0133650388511605,10,3_0,maxclust,complete,5.0,COMPLETED,Sobol,3.406882
0.0105690460483728,8,7_0,maxclust,average,5.0,COMPLETED,Sobol,3.949662
0.0105690460483728,23,7_0,maxclust,average,5.0,COMPLETED,Sobol,5.044705
0.0105690460483728,24,7_0,maxclust,average,5.0,COMPLETED,Sobol,3.722009
0.0105690460483728,11,7_0,maxclust,average,5.0,COMPLETED,Sobol,3.41979
0.0105690460483728,7,7_0,maxclust,average,5.0,COMPLETED,Sobol,3.830752
0.0105690460483728,16,7_0,maxclust,average,5.0,COMPLETED,Sobol,3.213331
-0.0035493148277212,19,9_0,maxclust,single,5.0,COMPLETED,Sobol,6.417371
-0.0035493148277212,9,9_0,maxclust,single,5.0,COMPLETED,Sobol,5.158308
