adjusted_rand_score,trial_index,arm_name,criterion,method,t,trial_status,generator_model,compute_time
0.3196679954509593,0,0_0,maxclust,weighted,6.0,COMPLETED,Sobol,37.216333
0.3196679954509593,6,0_0,maxclust,weighted,6.0,COMPLETED,Sobol,35.312354
0.3196679954509593,8,0_0,maxclust,weighted,6.0,COMPLETED,Sobol,66.261865
0.3196679954509593,17,0_0,maxclust,weighted,6.0,COMPLETED,Sobol,36.115537
0.3196679954509593,23,0_0,maxclust,weighted,6.0,COMPLETED,Sobol,36.08498
-0.0001069217845792,11,11_0,maxclust,median,6.0,COMPLETED,Sobol,38.214119
0.5146514976448956,19,14_0,maxclust,ward,6.0,COMPLETED,Sobol,35.917994
0.5146514976448956,24,14_0,maxclust,ward,6.0,COMPLETED,Sobol,60.120565
0.5146514976448956,14,14_0,maxclust,ward,6.0,COMPLETED,Sobol,34.701115
0.3315760357044917,1,1_0,maxclust,centroid,6.0,COMPLETED,Sobol,37.71182
0.3315760357044917,21,1_0,maxclust,centroid,6.0,COMPLETED,Sobol,38.750645
0.3315760357044917,15,1_0,maxclust,centroid,6.0,COMPLETED,Sobol,36.725334
0.3247009227650138,18,2_0,maxclust,average,6.0,COMPLETED,Sobol,37.394446
0.3247009227650138,5,2_0,maxclust,average,6.0,COMPLETED,Sobol,37.895189
0.3247009227650138,22,2_0,maxclust,average,6.0,COMPLETED,Sobol,36.480913
0.3247009227650138,2,2_0,maxclust,average,6.0,COMPLETED,Sobol,38.617971
-2.161260584208991e-05,4,3_0,maxclust,single,6.0,COMPLETED,Sobol,69.711635
-2.161260584208991e-05,3,3_0,maxclust,single,6.0,COMPLETED,Sobol,34.4395
-2.161260584208991e-05,20,3_0,maxclust,single,6.0,COMPLETED,Sobol,61.456067
-2.161260584208991e-05,13,3_0,maxclust,single,6.0,COMPLETED,Sobol,35.34413
-2.161260584208991e-05,10,3_0,maxclust,single,6.0,COMPLETED,Sobol,34.910549
-2.161260584208991e-05,16,3_0,maxclust,single,6.0,COMPLETED,Sobol,63.179204
0.2982595383342766,12,7_0,maxclust,complete,6.0,COMPLETED,Sobol,73.022919
0.2982595383342766,7,7_0,maxclust,complete,6.0,COMPLETED,Sobol,35.61971
0.2982595383342766,9,7_0,maxclust,complete,6.0,COMPLETED,Sobol,37.182613
