adjusted_rand_score,trial_index,arm_name,criterion,method,t,trial_status,generator_model,compute_time
0.0527811104624664,0,0_0,maxclust,average,2.0,COMPLETED,Sobol,3.867461
0.0527811104624664,19,0_0,maxclust,average,2.0,COMPLETED,Sobol,3.866442
0.0527811104624664,20,0_0,maxclust,average,2.0,COMPLETED,Sobol,3.567621
0.0527811104624664,11,0_0,maxclust,average,2.0,COMPLETED,Sobol,3.198966
-0.0067358153438676,1,1_0,maxclust,weighted,2.0,COMPLETED,Sobol,3.7834
-0.0067358153438676,7,1_0,maxclust,weighted,2.0,COMPLETED,Sobol,4.284193
-0.0067358153438676,16,1_0,maxclust,weighted,2.0,COMPLETED,Sobol,3.372717
-0.0067358153438676,22,1_0,maxclust,weighted,2.0,COMPLETED,Sobol,3.168244
0.0055352902718952,12,2_0,maxclust,single,2.0,COMPLETED,Sobol,3.186234
0.0055352902718952,24,2_0,maxclust,single,2.0,COMPLETED,Sobol,3.771205
0.0055352902718952,17,2_0,maxclust,single,2.0,COMPLETED,Sobol,5.539849
0.0055352902718952,2,2_0,maxclust,single,2.0,COMPLETED,Sobol,3.6984
0.0286945105613193,3,3_0,maxclust,ward,2.0,COMPLETED,Sobol,3.667833
0.0286945105613193,21,3_0,maxclust,ward,2.0,COMPLETED,Sobol,3.79186
0.0286945105613193,8,3_0,maxclust,ward,2.0,COMPLETED,Sobol,4.047438
0.0,18,4_0,maxclust,median,2.0,COMPLETED,Sobol,4.568405
0.0,14,4_0,maxclust,median,2.0,COMPLETED,Sobol,3.754576
0.0,4,4_0,maxclust,median,2.0,COMPLETED,Sobol,3.764541
-0.0012077107013859,23,5_0,maxclust,centroid,2.0,COMPLETED,Sobol,3.137804
-0.0012077107013859,15,5_0,maxclust,centroid,2.0,COMPLETED,Sobol,3.312293
-0.0012077107013859,5,5_0,maxclust,centroid,2.0,COMPLETED,Sobol,4.230547
-0.0012077107013859,9,5_0,maxclust,centroid,2.0,COMPLETED,Sobol,5.12969
0.0735300835734257,10,6_0,maxclust,complete,2.0,COMPLETED,Sobol,3.522302
0.0735300835734257,6,6_0,maxclust,complete,2.0,COMPLETED,Sobol,4.185128
0.0735300835734257,13,6_0,maxclust,complete,2.0,COMPLETED,Sobol,4.384893
