adjusted_rand_score,trial_index,arm_name,criterion,method,t,trial_status,generator_model,compute_time
0.0345841033124311,0,0_0,maxclust,complete,2.0,COMPLETED,Sobol,53.169999
0.0345841033124311,7,0_0,maxclust,complete,2.0,COMPLETED,Sobol,57.931
0.0345841033124311,12,0_0,maxclust,complete,2.0,COMPLETED,Sobol,50.407091
0.0345841033124311,16,0_0,maxclust,complete,2.0,COMPLETED,Sobol,46.6029
0.0345841033124311,21,0_0,maxclust,complete,2.0,COMPLETED,Sobol,61.065647
0.0345841033124311,2,0_0,maxclust,complete,2.0,COMPLETED,Sobol,52.350957
0.035134235579674,10,1_0,maxclust,ward,2.0,COMPLETED,Sobol,60.067621
0.035134235579674,1,1_0,maxclust,ward,2.0,COMPLETED,Sobol,71.999585
0.035134235579674,24,1_0,maxclust,ward,2.0,COMPLETED,Sobol,54.865023
0.035134235579674,23,1_0,maxclust,ward,2.0,COMPLETED,Sobol,59.389934
0.035134235579674,19,1_0,maxclust,ward,2.0,COMPLETED,Sobol,57.695839
-0.0099959492458104,3,3_0,maxclust,weighted,2.0,COMPLETED,Sobol,46.184929
-0.0099959492458104,20,3_0,maxclust,weighted,2.0,COMPLETED,Sobol,42.836073
-0.0135260177551474,14,4_0,maxclust,median,2.0,COMPLETED,Sobol,88.715748
-0.0135260177551474,4,4_0,maxclust,median,2.0,COMPLETED,Sobol,80.007419
-0.0135260177551474,11,4_0,maxclust,median,2.0,COMPLETED,Sobol,67.313186
0.0,17,5_0,maxclust,centroid,2.0,COMPLETED,Sobol,77.014434
0.0,15,5_0,maxclust,centroid,2.0,COMPLETED,Sobol,63.791076
0.0,5,5_0,maxclust,centroid,2.0,COMPLETED,Sobol,60.839427
0.0092632797982839,22,6_0,maxclust,average,2.0,COMPLETED,Sobol,58.529583
0.0092632797982839,13,6_0,maxclust,average,2.0,COMPLETED,Sobol,41.593176
0.0092632797982839,6,6_0,maxclust,average,2.0,COMPLETED,Sobol,53.292478
0.0092632797982839,9,6_0,maxclust,average,2.0,COMPLETED,Sobol,42.071404
1.5689446510220777e-05,18,8_0,maxclust,single,2.0,COMPLETED,Sobol,21.964925
1.5689446510220777e-05,8,8_0,maxclust,single,2.0,COMPLETED,Sobol,18.754949
