adjusted_rand_score,trial_index,arm_name,criterion,method,t,trial_status,generator_model
0.0910310502720205,0,0_0,maxclust,average,26.0,COMPLETED,Sobol
0.0910310502720205,11,0_0,maxclust,average,26.0,COMPLETED,Sobol
0.0910310502720205,20,0_0,maxclust,average,26.0,COMPLETED,Sobol
0.0910310502720205,19,0_0,maxclust,average,26.0,COMPLETED,Sobol
0.0666430738783003,7,1_0,maxclust,weighted,26.0,COMPLETED,Sobol
0.0666430738783003,1,1_0,maxclust,weighted,26.0,COMPLETED,Sobol
0.0666430738783003,22,1_0,maxclust,weighted,26.0,COMPLETED,Sobol
0.0666430738783003,16,1_0,maxclust,weighted,26.0,COMPLETED,Sobol
9.197744538553818e-06,2,2_0,maxclust,single,26.0,COMPLETED,Sobol
9.197744538553818e-06,17,2_0,maxclust,single,26.0,COMPLETED,Sobol
9.197744538553818e-06,12,2_0,maxclust,single,26.0,COMPLETED,Sobol
9.197744538553818e-06,24,2_0,maxclust,single,26.0,COMPLETED,Sobol
0.1656167859278514,8,3_0,maxclust,ward,26.0,COMPLETED,Sobol
0.1656167859278514,3,3_0,maxclust,ward,26.0,COMPLETED,Sobol
0.1656167859278514,21,3_0,maxclust,ward,26.0,COMPLETED,Sobol
0.0286296403794329,14,4_0,maxclust,median,26.0,COMPLETED,Sobol
0.0286296403794329,4,4_0,maxclust,median,26.0,COMPLETED,Sobol
0.0286296403794329,18,4_0,maxclust,median,26.0,COMPLETED,Sobol
0.0020296993993597,15,5_0,maxclust,centroid,26.0,COMPLETED,Sobol
0.0020296993993597,23,5_0,maxclust,centroid,26.0,COMPLETED,Sobol
0.0020296993993597,5,5_0,maxclust,centroid,26.0,COMPLETED,Sobol
0.0020296993993597,9,5_0,maxclust,centroid,26.0,COMPLETED,Sobol
0.0816881626557011,13,6_0,maxclust,complete,26.0,COMPLETED,Sobol
0.0816881626557011,6,6_0,maxclust,complete,26.0,COMPLETED,Sobol
0.0816881626557011,10,6_0,maxclust,complete,26.0,COMPLETED,Sobol
