adjusted_rand_score,trial_index,arm_name,criterion,method,t,trial_status,generator_model,compute_time
0.0,0,0_0,maxclust,centroid,10.0,COMPLETED,Sobol,5.559365
0.0,6,0_0,maxclust,centroid,10.0,COMPLETED,Sobol,4.55335
0.0,12,0_0,maxclust,centroid,10.0,COMPLETED,Sobol,6.818252
0.0,18,0_0,maxclust,centroid,10.0,COMPLETED,Sobol,4.41936
0.3947475848626346,21,17_0,maxclust,weighted,10.0,COMPLETED,Sobol,5.516341
0.3947475848626346,17,17_0,maxclust,weighted,10.0,COMPLETED,Sobol,5.431065
0.5270884835371428,5,1_0,maxclust,ward,10.0,COMPLETED,Sobol,4.405903
0.5270884835371428,1,1_0,maxclust,ward,10.0,COMPLETED,Sobol,5.085584
0.5270884835371428,14,1_0,maxclust,ward,10.0,COMPLETED,Sobol,5.621839
7.376753311507166e-06,2,2_0,maxclust,median,10.0,COMPLETED,Sobol,5.258179
7.376753311507166e-06,20,2_0,maxclust,median,10.0,COMPLETED,Sobol,3.896682
7.376753311507166e-06,15,2_0,maxclust,median,10.0,COMPLETED,Sobol,4.145906
7.376753311507166e-06,13,2_0,maxclust,median,10.0,COMPLETED,Sobol,8.081012
0.2448957890170758,22,3_0,maxclust,complete,10.0,COMPLETED,Sobol,4.230377
0.2448957890170758,3,3_0,maxclust,complete,10.0,COMPLETED,Sobol,4.945377
0.2448957890170758,4,3_0,maxclust,complete,10.0,COMPLETED,Sobol,4.841902
0.2448957890170758,10,3_0,maxclust,complete,10.0,COMPLETED,Sobol,6.734749
0.4513364701258934,8,7_0,maxclust,average,10.0,COMPLETED,Sobol,4.194452
0.4513364701258934,23,7_0,maxclust,average,10.0,COMPLETED,Sobol,3.844253
0.4513364701258934,24,7_0,maxclust,average,10.0,COMPLETED,Sobol,4.673162
0.4513364701258934,11,7_0,maxclust,average,10.0,COMPLETED,Sobol,6.706503
0.4513364701258934,7,7_0,maxclust,average,10.0,COMPLETED,Sobol,4.59361
0.4513364701258934,16,7_0,maxclust,average,10.0,COMPLETED,Sobol,4.121988
2.182282609884763e-05,19,9_0,maxclust,single,10.0,COMPLETED,Sobol,4.65795
2.182282609884763e-05,9,9_0,maxclust,single,10.0,COMPLETED,Sobol,7.240119
