adjusted_rand_score,trial_index,arm_name,criterion,method,t,trial_status,generator_model
0.4100766963619231,0,0_0,maxclust,ward,7.0,COMPLETED,Sobol
0.4100766963619231,7,0_0,maxclust,ward,7.0,COMPLETED,Sobol
0.4100766963619231,8,0_0,maxclust,ward,7.0,COMPLETED,Sobol
0.4100766963619231,12,0_0,maxclust,ward,7.0,COMPLETED,Sobol
0.4100766963619231,21,0_0,maxclust,ward,7.0,COMPLETED,Sobol
0.4100766963619231,17,0_0,maxclust,ward,7.0,COMPLETED,Sobol
0.1500109546215642,13,1_0,maxclust,weighted,7.0,COMPLETED,Sobol
0.1500109546215642,16,1_0,maxclust,weighted,7.0,COMPLETED,Sobol
0.1500109546215642,1,1_0,maxclust,weighted,7.0,COMPLETED,Sobol
0.1500109546215642,11,1_0,maxclust,weighted,7.0,COMPLETED,Sobol
0.1500109546215642,20,1_0,maxclust,weighted,7.0,COMPLETED,Sobol
2.2628552644717634e-05,18,2_0,maxclust,single,7.0,COMPLETED,Sobol
2.2628552644717634e-05,2,2_0,maxclust,single,7.0,COMPLETED,Sobol
0.0001808579869993,3,3_0,maxclust,median,7.0,COMPLETED,Sobol
0.0001808579869993,14,3_0,maxclust,median,7.0,COMPLETED,Sobol
0.0001808579869993,24,3_0,maxclust,median,7.0,COMPLETED,Sobol
0.0009762915610487,4,4_0,maxclust,complete,7.0,COMPLETED,Sobol
0.0009762915610487,10,4_0,maxclust,complete,7.0,COMPLETED,Sobol
0.0009762915610487,19,4_0,maxclust,complete,7.0,COMPLETED,Sobol
0.0001039373315917,5,5_0,maxclust,centroid,7.0,COMPLETED,Sobol
0.0001039373315917,15,5_0,maxclust,centroid,7.0,COMPLETED,Sobol
0.0001039373315917,23,5_0,maxclust,centroid,7.0,COMPLETED,Sobol
0.0001039373315917,9,5_0,maxclust,centroid,7.0,COMPLETED,Sobol
0.0001689247889559,6,6_0,maxclust,average,7.0,COMPLETED,Sobol
0.0001689247889559,22,6_0,maxclust,average,7.0,COMPLETED,Sobol
