adjusted_rand_score,trial_index,arm_name,criterion,method,t,trial_status,generator_model,compute_time
0.0166449443520215,0,0_0,maxclust,weighted,2.0,COMPLETED,Sobol,9.64608
0.0166449443520215,6,0_0,maxclust,weighted,2.0,COMPLETED,Sobol,4.522939
0.0166449443520215,8,0_0,maxclust,weighted,2.0,COMPLETED,Sobol,7.892187
0.0166449443520215,17,0_0,maxclust,weighted,2.0,COMPLETED,Sobol,3.804018
0.0166449443520215,23,0_0,maxclust,weighted,2.0,COMPLETED,Sobol,3.616485
0.0026646491465985,11,11_0,maxclust,median,2.0,COMPLETED,Sobol,3.576195
0.0001833132964654,19,14_0,maxclust,ward,2.0,COMPLETED,Sobol,3.677794
0.0001833132964654,24,14_0,maxclust,ward,2.0,COMPLETED,Sobol,6.946289
0.0001833132964654,14,14_0,maxclust,ward,2.0,COMPLETED,Sobol,3.841003
0.0026646491465985,1,1_0,maxclust,centroid,2.0,COMPLETED,Sobol,9.57854
0.0026646491465985,21,1_0,maxclust,centroid,2.0,COMPLETED,Sobol,3.646878
0.0026646491465985,15,1_0,maxclust,centroid,2.0,COMPLETED,Sobol,3.89744
0.0104301945336733,18,2_0,maxclust,average,2.0,COMPLETED,Sobol,3.934941
0.0104301945336733,5,2_0,maxclust,average,2.0,COMPLETED,Sobol,4.880432
0.0104301945336733,22,2_0,maxclust,average,2.0,COMPLETED,Sobol,3.756608
0.0104301945336733,2,2_0,maxclust,average,2.0,COMPLETED,Sobol,9.300033
0.0026646491465985,4,3_0,maxclust,single,2.0,COMPLETED,Sobol,13.358811
0.0026646491465985,3,3_0,maxclust,single,2.0,COMPLETED,Sobol,8.912132
0.0026646491465985,20,3_0,maxclust,single,2.0,COMPLETED,Sobol,6.732628
0.0026646491465985,13,3_0,maxclust,single,2.0,COMPLETED,Sobol,3.824516
0.0026646491465985,10,3_0,maxclust,single,2.0,COMPLETED,Sobol,3.587866
0.0026646491465985,16,3_0,maxclust,single,2.0,COMPLETED,Sobol,7.039971
-0.012427337366743,12,7_0,maxclust,complete,2.0,COMPLETED,Sobol,6.979992
-0.012427337366743,7,7_0,maxclust,complete,2.0,COMPLETED,Sobol,4.542208
-0.012427337366743,9,7_0,maxclust,complete,2.0,COMPLETED,Sobol,3.913114
