adjusted_rand_score,trial_index,arm_name,eps,metric,min_samples,trial_status,generator_model
0.0,0,0_0,0.4751569786071777,cosine,60.0,COMPLETED,Sobol
0.0,10,10_0,0.7844769267216325,cosine,52.0,COMPLETED,Sobol
0.0,11,11_0,0.1469723344035446,cosine,12.0,COMPLETED,Sobol
0.1108427570251686,12,12_0,0.0502391891237348,cosine,66.0,COMPLETED,Sobol
0.0,13,13_0,0.8787596085239202,cosine,24.0,COMPLETED,Sobol
0.0,14,14_0,0.5248362484183162,cosine,93.0,COMPLETED,Sobol
0.0,15,15_0,0.4214166715759784,cosine,46.0,COMPLETED,Sobol
0.0,16,16_0,0.3813261611852795,cosine,90.0,COMPLETED,Sobol
0.0,17,17_0,0.5468770856838673,cosine,49.0,COMPLETED,Sobol
0.0,18,18_0,0.9188464382532984,cosine,69.0,COMPLETED,Sobol
0.285880820894686,19,19_0,0.028194671196863,cosine,21.0,COMPLETED,Sobol
0.0,1,1_0,0.5786058129891753,cosine,5.0,COMPLETED,Sobol
0.0,20,20_0,0.1848542546741664,cosine,55.0,COMPLETED,Sobol
0.0,21,21_0,0.7597401946485043,cosine,10.0,COMPLETED,Sobol
0.0,22,22_0,0.6475123491249979,cosine,76.0,COMPLETED,Sobol
0.0,23,23_0,0.2831487225443125,cosine,38.0,COMPLETED,Sobol
0.0,24,24_0,0.3524808686058968,cosine,74.0,COMPLETED,Sobol
0.0,2,2_0,0.9497685430534184,cosine,87.0,COMPLETED,Sobol
-0.0005793939696273,3,3_0,0.1212169532850384,cosine,27.0,COMPLETED,Sobol
0.0010959774722662,4,4_0,0.2155153392422944,cosine,98.0,COMPLETED,Sobol
0.0,5,5_0,0.8530511019285768,cosine,41.0,COMPLETED,Sobol
0.0,6,6_0,0.7415984706003219,cosine,70.0,COMPLETED,Sobol
0.0,7,7_0,0.3145869248416275,cosine,19.0,COMPLETED,Sobol
0.0,8,8_0,0.2584083098098635,cosine,79.0,COMPLETED,Sobol
0.0,9,9_0,0.6853905887342989,cosine,35.0,COMPLETED,Sobol
