adjusted_rand_score,trial_index,arm_name,criterion,method,t,trial_status,generator_model
-3.441295615487277e-07,0,0_0,maxclust,complete,9.0,COMPLETED,Sobol
-3.441295615487277e-07,7,0_0,maxclust,complete,9.0,COMPLETED,Sobol
-3.441295615487277e-07,21,0_0,maxclust,complete,9.0,COMPLETED,Sobol
-3.441295615487277e-07,12,0_0,maxclust,complete,9.0,COMPLETED,Sobol
-3.441295615487277e-07,2,0_0,maxclust,complete,9.0,COMPLETED,Sobol
-3.441295615487277e-07,16,0_0,maxclust,complete,9.0,COMPLETED,Sobol
-3.441295615487277e-07,24,1_0,maxclust,ward,9.0,COMPLETED,Sobol
-3.441295615487277e-07,10,1_0,maxclust,ward,9.0,COMPLETED,Sobol
-3.441295615487277e-07,23,1_0,maxclust,ward,9.0,COMPLETED,Sobol
-3.441295615487277e-07,19,1_0,maxclust,ward,9.0,COMPLETED,Sobol
-3.441295615487277e-07,1,1_0,maxclust,ward,9.0,COMPLETED,Sobol
-3.441295615487277e-07,3,3_0,maxclust,weighted,9.0,COMPLETED,Sobol
-3.441295615487277e-07,20,3_0,maxclust,weighted,9.0,COMPLETED,Sobol
-3.441295615487277e-07,11,4_0,maxclust,median,9.0,COMPLETED,Sobol
-3.441295615487277e-07,14,4_0,maxclust,median,9.0,COMPLETED,Sobol
-3.441295615487277e-07,4,4_0,maxclust,median,9.0,COMPLETED,Sobol
-3.441295615487277e-07,5,5_0,maxclust,centroid,9.0,COMPLETED,Sobol
-3.441295615487277e-07,15,5_0,maxclust,centroid,9.0,COMPLETED,Sobol
-3.441295615487277e-07,17,5_0,maxclust,centroid,9.0,COMPLETED,Sobol
-3.441295615487277e-07,13,6_0,maxclust,average,9.0,COMPLETED,Sobol
-3.441295615487277e-07,6,6_0,maxclust,average,9.0,COMPLETED,Sobol
-3.441295615487277e-07,22,6_0,maxclust,average,9.0,COMPLETED,Sobol
-3.441295615487277e-07,9,6_0,maxclust,average,9.0,COMPLETED,Sobol
-3.441295615487277e-07,18,8_0,maxclust,single,9.0,COMPLETED,Sobol
-3.441295615487277e-07,8,8_0,maxclust,single,9.0,COMPLETED,Sobol
