adjusted_rand_score,trial_index,arm_name,criterion,method,t,trial_status,generator_model
0.0893604154865583,0,0_0,maxclust,weighted,4.0,COMPLETED,Sobol
0.0893604154865583,6,0_0,maxclust,weighted,4.0,COMPLETED,Sobol
0.0893604154865583,8,0_0,maxclust,weighted,4.0,COMPLETED,Sobol
0.0893604154865583,23,0_0,maxclust,weighted,4.0,COMPLETED,Sobol
0.0893604154865583,17,0_0,maxclust,weighted,4.0,COMPLETED,Sobol
0.0006639452185323,11,11_0,maxclust,median,4.0,COMPLETED,Sobol
0.0408822925093853,24,14_0,maxclust,ward,4.0,COMPLETED,Sobol
0.0408822925093853,19,14_0,maxclust,ward,4.0,COMPLETED,Sobol
0.0408822925093853,14,14_0,maxclust,ward,4.0,COMPLETED,Sobol
-0.0001255261364337,21,1_0,maxclust,centroid,4.0,COMPLETED,Sobol
-0.0001255261364337,15,1_0,maxclust,centroid,4.0,COMPLETED,Sobol
-0.0001255261364337,1,1_0,maxclust,centroid,4.0,COMPLETED,Sobol
0.0271805465526253,2,2_0,maxclust,average,4.0,COMPLETED,Sobol
0.0271805465526253,22,2_0,maxclust,average,4.0,COMPLETED,Sobol
0.0271805465526253,18,2_0,maxclust,average,4.0,COMPLETED,Sobol
0.0271805465526253,5,2_0,maxclust,average,4.0,COMPLETED,Sobol
-0.000177262838088,3,3_0,maxclust,single,4.0,COMPLETED,Sobol
-0.000177262838088,10,3_0,maxclust,single,4.0,COMPLETED,Sobol
-0.000177262838088,4,3_0,maxclust,single,4.0,COMPLETED,Sobol
-0.000177262838088,13,3_0,maxclust,single,4.0,COMPLETED,Sobol
-0.000177262838088,16,3_0,maxclust,single,4.0,COMPLETED,Sobol
-0.000177262838088,20,3_0,maxclust,single,4.0,COMPLETED,Sobol
0.0086399328981301,7,7_0,maxclust,complete,4.0,COMPLETED,Sobol
0.0086399328981301,12,7_0,maxclust,complete,4.0,COMPLETED,Sobol
0.0086399328981301,9,7_0,maxclust,complete,4.0,COMPLETED,Sobol
