adjusted_rand_score,trial_index,arm_name,criterion,method,t,trial_status,generator_model,compute_time
0.0014356683152219,0,0_0,maxclust,single,11.0,COMPLETED,Sobol,6.034358
0.0014356683152219,19,0_0,maxclust,single,11.0,COMPLETED,Sobol,4.269967
0.117025441213917,17,13_0,maxclust,complete,11.0,COMPLETED,Sobol,4.226002
0.117025441213917,15,13_0,maxclust,complete,11.0,COMPLETED,Sobol,3.818558
0.117025441213917,13,13_0,maxclust,complete,11.0,COMPLETED,Sobol,4.228616
0.117025441213917,20,13_0,maxclust,complete,11.0,COMPLETED,Sobol,3.220655
0.1231418279244251,14,1_0,maxclust,ward,11.0,COMPLETED,Sobol,4.343803
0.1231418279244251,1,1_0,maxclust,ward,11.0,COMPLETED,Sobol,6.072954
0.1231418279244251,5,1_0,maxclust,ward,11.0,COMPLETED,Sobol,8.748215
0.1231418279244251,23,1_0,maxclust,ward,11.0,COMPLETED,Sobol,3.515147
0.1231418279244251,10,1_0,maxclust,ward,11.0,COMPLETED,Sobol,3.991532
0.068184124937057,12,2_0,maxclust,centroid,11.0,COMPLETED,Sobol,3.863375
0.068184124937057,2,2_0,maxclust,centroid,11.0,COMPLETED,Sobol,5.609022
0.068184124937057,8,2_0,maxclust,centroid,11.0,COMPLETED,Sobol,8.555317
0.0071194816959277,21,3_0,maxclust,median,11.0,COMPLETED,Sobol,3.454385
0.0071194816959277,18,3_0,maxclust,median,11.0,COMPLETED,Sobol,4.75856
0.0071194816959277,24,3_0,maxclust,median,11.0,COMPLETED,Sobol,3.593245
0.0071194816959277,3,3_0,maxclust,median,11.0,COMPLETED,Sobol,5.524596
0.0071194816959277,4,3_0,maxclust,median,11.0,COMPLETED,Sobol,5.405825
0.0071194816959277,9,3_0,maxclust,median,11.0,COMPLETED,Sobol,9.203969
0.1076813128709972,22,6_0,maxclust,average,11.0,COMPLETED,Sobol,4.181542
0.1076813128709972,6,6_0,maxclust,average,11.0,COMPLETED,Sobol,8.467246
0.1179672798305403,11,7_0,maxclust,weighted,11.0,COMPLETED,Sobol,3.779663
0.1179672798305403,16,7_0,maxclust,weighted,11.0,COMPLETED,Sobol,4.062578
0.1179672798305403,7,7_0,maxclust,weighted,11.0,COMPLETED,Sobol,8.440847
