adjusted_rand_score,trial_index,arm_name,criterion,method,t,trial_status,generator_model,compute_time
0.2403197319640269,0,0_0,maxclust,complete,10.0,COMPLETED,Unknown,0.015095
0.2403197319640269,1,0_0,maxclust,complete,10.0,COMPLETED,Unknown,0.007162
0.2403197319640269,4,0_0,maxclust,complete,10.0,COMPLETED,Unknown,0.00692
0.2403197319640269,3,0_0,maxclust,complete,10.0,COMPLETED,Unknown,0.006905
0.2403197319640269,2,0_0,maxclust,complete,10.0,COMPLETED,Unknown,0.006929
0.2403197319640269,5,0_0,maxclust,complete,10.0,COMPLETED,Unknown,0.006917
0.3771307435835044,39,6_0,maxclust,ward,10.0,COMPLETED,BO,7.006094
0.3771307435835044,40,6_0,maxclust,ward,10.0,COMPLETED,BO,4.987156
0.3771307435835044,41,6_0,maxclust,ward,10.0,COMPLETED,BO,5.684789
0.3771307435835044,42,6_0,maxclust,ward,10.0,COMPLETED,BO,5.097883
0.3771307435835044,43,6_0,maxclust,ward,10.0,COMPLETED,BO,4.732609
0.3771307435835044,44,6_0,maxclust,ward,10.0,COMPLETED,BO,4.599324
0.3771307435835044,45,6_0,maxclust,ward,10.0,COMPLETED,BO,4.55002
0.3771307435835044,46,6_0,maxclust,ward,10.0,COMPLETED,BO,4.222533
0.3771307435835044,47,6_0,maxclust,ward,10.0,COMPLETED,BO,4.232529
0.3771307435835044,48,6_0,maxclust,ward,10.0,COMPLETED,BO,4.063009
0.3771307435835044,50,6_0,maxclust,ward,10.0,COMPLETED,BO,4.664565
0.3771307435835044,38,6_0,maxclust,ward,10.0,COMPLETED,BO,5.763586
0.3771307435835044,51,6_0,maxclust,ward,10.0,COMPLETED,BO,4.70411
0.3771307435835044,52,6_0,maxclust,ward,10.0,COMPLETED,BO,4.591053
0.3771307435835044,53,6_0,maxclust,ward,10.0,COMPLETED,BO,4.36232
0.3771307435835044,54,6_0,maxclust,ward,10.0,COMPLETED,BO,4.931221
0.3771307435835044,55,6_0,maxclust,ward,10.0,COMPLETED,BO,4.647857
0.3771307435835044,56,6_0,maxclust,ward,10.0,COMPLETED,BO,3.871395
0.3771307435835044,57,6_0,maxclust,ward,10.0,COMPLETED,BO,3.719062
0.3771307435835044,58,6_0,maxclust,ward,10.0,COMPLETED,BO,4.305462
0.3771307435835044,59,6_0,maxclust,ward,10.0,COMPLETED,BO,3.719655
0.3771307435835044,6,6_0,maxclust,ward,10.0,COMPLETED,Unknown,0.007006
0.3771307435835044,7,6_0,maxclust,ward,10.0,COMPLETED,Unknown,0.007436
0.3771307435835044,49,6_0,maxclust,ward,10.0,COMPLETED,BO,3.940725
0.3771307435835044,37,6_0,maxclust,ward,10.0,COMPLETED,BO,5.160774
0.3771307435835044,35,6_0,maxclust,ward,10.0,COMPLETED,BO,5.356257
0.3771307435835044,8,6_0,maxclust,ward,10.0,COMPLETED,Unknown,0.006918
0.3771307435835044,10,6_0,maxclust,ward,10.0,COMPLETED,BO,3.946657
0.3771307435835044,11,6_0,maxclust,ward,10.0,COMPLETED,BO,3.742471
0.3771307435835044,12,6_0,maxclust,ward,10.0,COMPLETED,BO,3.848915
0.3771307435835044,13,6_0,maxclust,ward,10.0,COMPLETED,BO,4.23243
0.3771307435835044,14,6_0,maxclust,ward,10.0,COMPLETED,BO,4.136359
0.3771307435835044,15,6_0,maxclust,ward,10.0,COMPLETED,BO,4.60819
0.3771307435835044,16,6_0,maxclust,ward,10.0,COMPLETED,BO,5.155383
0.3771307435835044,17,6_0,maxclust,ward,10.0,COMPLETED,BO,5.386275
0.3771307435835044,18,6_0,maxclust,ward,10.0,COMPLETED,BO,5.240875
0.3771307435835044,19,6_0,maxclust,ward,10.0,COMPLETED,BO,5.469135
0.3771307435835044,20,6_0,maxclust,ward,10.0,COMPLETED,BO,5.910741
0.3771307435835044,21,6_0,maxclust,ward,10.0,COMPLETED,BO,5.651007
0.3771307435835044,22,6_0,maxclust,ward,10.0,COMPLETED,BO,6.818353
0.3771307435835044,23,6_0,maxclust,ward,10.0,COMPLETED,BO,4.848232
0.3771307435835044,24,6_0,maxclust,ward,10.0,COMPLETED,BO,4.866165
0.3771307435835044,25,6_0,maxclust,ward,10.0,COMPLETED,BO,4.931279
0.3771307435835044,26,6_0,maxclust,ward,10.0,COMPLETED,BO,4.415644
0.3771307435835044,27,6_0,maxclust,ward,10.0,COMPLETED,BO,4.421639
0.3771307435835044,28,6_0,maxclust,ward,10.0,COMPLETED,BO,4.864361
0.3771307435835044,29,6_0,maxclust,ward,10.0,COMPLETED,BO,4.80894
0.3771307435835044,30,6_0,maxclust,ward,10.0,COMPLETED,BO,4.172299
0.3771307435835044,31,6_0,maxclust,ward,10.0,COMPLETED,BO,4.584527
0.3771307435835044,32,6_0,maxclust,ward,10.0,COMPLETED,BO,5.477002
0.3771307435835044,33,6_0,maxclust,ward,10.0,COMPLETED,BO,5.377326
0.3771307435835044,34,6_0,maxclust,ward,10.0,COMPLETED,BO,8.406251
0.3771307435835044,36,6_0,maxclust,ward,10.0,COMPLETED,BO,4.750202
0.3771307435835044,9,6_0,maxclust,ward,10.0,COMPLETED,Unknown,0.00691
