adjusted_rand_score,trial_index,arm_name,criterion,method,t,trial_status,generator_model,compute_time
0.2609414981874891,0,0_0,maxclust,ward,2.0,COMPLETED,Sobol,8.163943
0.2609414981874891,7,0_0,maxclust,ward,2.0,COMPLETED,Sobol,6.682858
0.2609414981874891,21,0_0,maxclust,ward,2.0,COMPLETED,Sobol,8.099457
0.2609414981874891,8,0_0,maxclust,ward,2.0,COMPLETED,Sobol,13.534733
0.2609414981874891,12,0_0,maxclust,ward,2.0,COMPLETED,Sobol,13.003568
0.2609414981874891,17,0_0,maxclust,ward,2.0,COMPLETED,Sobol,7.20202
0.1247790531320218,16,1_0,maxclust,weighted,2.0,COMPLETED,Sobol,12.078253
0.1247790531320218,20,1_0,maxclust,weighted,2.0,COMPLETED,Sobol,12.93219
0.1247790531320218,13,1_0,maxclust,weighted,2.0,COMPLETED,Sobol,5.814822
0.1247790531320218,1,1_0,maxclust,weighted,2.0,COMPLETED,Sobol,7.55524
0.1247790531320218,11,1_0,maxclust,weighted,2.0,COMPLETED,Sobol,7.410754
-0.0009298259145637,18,2_0,maxclust,single,2.0,COMPLETED,Sobol,7.100703
-0.0009298259145637,2,2_0,maxclust,single,2.0,COMPLETED,Sobol,7.135498
0.0,14,3_0,maxclust,median,2.0,COMPLETED,Sobol,6.650005
0.0,24,3_0,maxclust,median,2.0,COMPLETED,Sobol,11.189532
0.0,3,3_0,maxclust,median,2.0,COMPLETED,Sobol,7.425068
0.2708445127296633,19,4_0,maxclust,complete,2.0,COMPLETED,Sobol,5.468206
0.2708445127296633,10,4_0,maxclust,complete,2.0,COMPLETED,Sobol,7.234812
0.2708445127296633,4,4_0,maxclust,complete,2.0,COMPLETED,Sobol,13.976631
-0.0009298259145637,5,5_0,maxclust,centroid,2.0,COMPLETED,Sobol,7.410433
-0.0009298259145637,23,5_0,maxclust,centroid,2.0,COMPLETED,Sobol,7.064456
-0.0009298259145637,15,5_0,maxclust,centroid,2.0,COMPLETED,Sobol,5.676034
-0.0009298259145637,9,5_0,maxclust,centroid,2.0,COMPLETED,Sobol,7.117496
0.0737524395538497,6,6_0,maxclust,average,2.0,COMPLETED,Sobol,7.347226
0.0737524395538497,22,6_0,maxclust,average,2.0,COMPLETED,Sobol,7.589269
