adjusted_rand_score,trial_index,arm_name,eps,metric,min_samples,trial_status,generator_model
0.0135969397523964,0,0_0,0.2000741814672947,cosine,18.0,COMPLETED,Sobol
0.0,10,10_0,0.5857267047949135,cosine,23.0,COMPLETED,Sobol
0.0075894778014499,11,11_0,0.3321147499009967,cosine,98.0,COMPLETED,Sobol
0.0,12,12_0,0.4778531420286744,cosine,9.0,COMPLETED,Sobol
0.0,13,13_0,0.7310386458355933,cosine,87.0,COMPLETED,Sobol
0.0,14,14_0,0.9328361486140638,cosine,28.0,COMPLETED,Sobol
0.0566476759447323,15,15_0,0.1806507637780159,cosine,56.0,COMPLETED,Sobol
0.0666085401801776,16,16_0,0.1261862159930169,cosine,32.0,COMPLETED,Sobol
0.0,17,17_0,0.8783726232349872,cosine,51.0,COMPLETED,Sobol
0.0,18,18_0,0.7077476375624537,cosine,14.0,COMPLETED,Sobol
0.0001057042013055,19,19_0,0.4545611113496124,cosine,82.0,COMPLETED,Sobol
0.0,1,1_0,0.944463171834126,cosine,90.0,COMPLETED,Sobol
0.0002867693925078,20,20_0,0.355375599058345,cosine,24.0,COMPLETED,Sobol
0.0,21,21_0,0.6089884573873132,cosine,96.0,COMPLETED,Sobol
0.0,22,22_0,0.8106638960521668,cosine,43.0,COMPLETED,Sobol
0.0577665983710743,23,23_0,0.0580511566940695,cosine,65.0,COMPLETED,Sobol
0.0656972428571741,24,24_0,0.0776268617454916,cosine,2.0,COMPLETED,Sobol
0.0,2,2_0,0.6492097669560463,cosine,49.0,COMPLETED,Sobol
0.0007741083453321,3,3_0,0.4038206622656435,cosine,72.0,COMPLETED,Sobol
0.0054142762698522,4,4_0,0.289163172237575,cosine,38.0,COMPLETED,Sobol
0.0,5,5_0,0.5349787280149758,cosine,57.0,COMPLETED,Sobol
0.0,6,6_0,0.8615262233577669,cosine,7.0,COMPLETED,Sobol
0.070307895935248,7,7_0,0.1167107865512371,cosine,76.0,COMPLETED,Sobol
0.0103177986334346,8,8_0,0.0036182663142681,cosine,41.0,COMPLETED,Sobol
0.0,9,9_0,0.756230102237314,cosine,67.0,COMPLETED,Sobol
