adjusted_rand_score,trial_index,arm_name,criterion,method,t,trial_status,generator_model
-0.0013403232304517,0,0_0,maxclust,weighted,6.0,COMPLETED,Sobol
-0.0013403232304517,23,0_0,maxclust,weighted,6.0,COMPLETED,Sobol
-0.0013403232304517,17,0_0,maxclust,weighted,6.0,COMPLETED,Sobol
-0.0013403232304517,8,0_0,maxclust,weighted,6.0,COMPLETED,Sobol
-0.0013403232304517,6,0_0,maxclust,weighted,6.0,COMPLETED,Sobol
-0.0010314443666591,11,11_0,maxclust,median,6.0,COMPLETED,Sobol
0.0094191750140247,24,14_0,maxclust,ward,6.0,COMPLETED,Sobol
0.0094191750140247,14,14_0,maxclust,ward,6.0,COMPLETED,Sobol
0.0094191750140247,19,14_0,maxclust,ward,6.0,COMPLETED,Sobol
-0.0014974976938122,1,1_0,maxclust,centroid,6.0,COMPLETED,Sobol
-0.0014974976938122,21,1_0,maxclust,centroid,6.0,COMPLETED,Sobol
-0.0014974976938122,15,1_0,maxclust,centroid,6.0,COMPLETED,Sobol
-0.0014974976938122,5,2_0,maxclust,average,6.0,COMPLETED,Sobol
-0.0014974976938122,18,2_0,maxclust,average,6.0,COMPLETED,Sobol
-0.0014974976938122,22,2_0,maxclust,average,6.0,COMPLETED,Sobol
-0.0014974976938122,2,2_0,maxclust,average,6.0,COMPLETED,Sobol
-0.000615965294069,16,3_0,maxclust,single,6.0,COMPLETED,Sobol
-0.000615965294069,20,3_0,maxclust,single,6.0,COMPLETED,Sobol
-0.000615965294069,13,3_0,maxclust,single,6.0,COMPLETED,Sobol
-0.000615965294069,3,3_0,maxclust,single,6.0,COMPLETED,Sobol
-0.000615965294069,10,3_0,maxclust,single,6.0,COMPLETED,Sobol
-0.000615965294069,4,3_0,maxclust,single,6.0,COMPLETED,Sobol
0.0015621356234656,12,7_0,maxclust,complete,6.0,COMPLETED,Sobol
0.0015621356234656,7,7_0,maxclust,complete,6.0,COMPLETED,Sobol
0.0015621356234656,9,7_0,maxclust,complete,6.0,COMPLETED,Sobol
