adjusted_rand_score,trial_index,arm_name,criterion,method,t,trial_status,generator_model,compute_time
0.548848990398979,0,0_0,maxclust,weighted,10.0,COMPLETED,Sobol,3.430224
0.548848990398979,23,0_0,maxclust,weighted,10.0,COMPLETED,Sobol,3.409815
0.548848990398979,17,0_0,maxclust,weighted,10.0,COMPLETED,Sobol,4.907282
0.548848990398979,12,0_0,maxclust,weighted,10.0,COMPLETED,Sobol,4.204359
0.548848990398979,6,0_0,maxclust,weighted,10.0,COMPLETED,Sobol,3.330532
0.3349087709502713,18,11_0,maxclust,complete,10.0,COMPLETED,Sobol,3.032426
0.3349087709502713,11,11_0,maxclust,complete,10.0,COMPLETED,Sobol,4.069137
4.946414711440836e-06,13,13_0,maxclust,centroid,10.0,COMPLETED,Sobol,5.853484
4.946414711440836e-06,21,13_0,maxclust,centroid,10.0,COMPLETED,Sobol,5.029076
0.6672685503808172,14,1_0,maxclust,ward,10.0,COMPLETED,Sobol,4.391716
0.6672685503808172,19,1_0,maxclust,ward,10.0,COMPLETED,Sobol,4.476934
0.6672685503808172,1,1_0,maxclust,ward,10.0,COMPLETED,Sobol,3.356396
0.6672685503808172,10,1_0,maxclust,ward,10.0,COMPLETED,Sobol,4.275413
0.6672685503808172,24,1_0,maxclust,ward,10.0,COMPLETED,Sobol,4.011376
2.237163934494852e-06,5,2_0,maxclust,median,10.0,COMPLETED,Sobol,3.552664
2.237163934494852e-06,8,2_0,maxclust,median,10.0,COMPLETED,Sobol,3.368355
2.237163934494852e-06,22,2_0,maxclust,median,10.0,COMPLETED,Sobol,3.496478
2.237163934494852e-06,2,2_0,maxclust,median,10.0,COMPLETED,Sobol,3.43444
2.237163934494852e-06,15,2_0,maxclust,median,10.0,COMPLETED,Sobol,3.380966
0.5564837950535996,3,3_0,maxclust,average,10.0,COMPLETED,Sobol,3.180595
0.5564837950535996,4,3_0,maxclust,average,10.0,COMPLETED,Sobol,3.368644
2.713760016356991e-06,7,7_0,maxclust,single,10.0,COMPLETED,Sobol,3.336455
2.713760016356991e-06,20,7_0,maxclust,single,10.0,COMPLETED,Sobol,2.94531
2.713760016356991e-06,16,7_0,maxclust,single,10.0,COMPLETED,Sobol,3.364433
2.713760016356991e-06,9,7_0,maxclust,single,10.0,COMPLETED,Sobol,4.659699
