adjusted_rand_score,trial_index,arm_name,criterion,method,t,trial_status,generator_model,compute_time
-0.0002714261044184,0,0_0,maxclust,single,6.0,COMPLETED,Sobol,4.310007
-0.0002714261044184,7,0_0,maxclust,single,6.0,COMPLETED,Sobol,4.596609
-0.0002714261044184,19,0_0,maxclust,single,6.0,COMPLETED,Sobol,6.450274
-0.0002714261044184,9,0_0,maxclust,single,6.0,COMPLETED,Sobol,6.744848
-0.0038692631739583,13,11_0,maxclust,centroid,6.0,COMPLETED,Sobol,6.042766
-0.0038692631739583,15,11_0,maxclust,centroid,6.0,COMPLETED,Sobol,5.60976
-0.0038692631739583,17,11_0,maxclust,centroid,6.0,COMPLETED,Sobol,5.741859
-0.0038692631739583,11,11_0,maxclust,centroid,6.0,COMPLETED,Sobol,5.396445
-0.0038692631739583,21,11_0,maxclust,centroid,6.0,COMPLETED,Sobol,5.9108
0.0370339804492872,18,18_0,maxclust,complete,6.0,COMPLETED,Sobol,4.970585
-0.0008622563780761,12,1_0,maxclust,median,6.0,COMPLETED,Sobol,4.77313
-0.0008622563780761,6,1_0,maxclust,median,6.0,COMPLETED,Sobol,5.406569
-0.0008622563780761,16,1_0,maxclust,median,6.0,COMPLETED,Sobol,4.92334
-0.0008622563780761,1,1_0,maxclust,median,6.0,COMPLETED,Sobol,5.12415
-0.0008622563780761,23,1_0,maxclust,median,6.0,COMPLETED,Sobol,5.293699
0.0359066261715918,8,2_0,maxclust,weighted,6.0,COMPLETED,Sobol,5.448443
0.0359066261715918,2,2_0,maxclust,weighted,6.0,COMPLETED,Sobol,4.808484
0.0359066261715918,4,2_0,maxclust,weighted,6.0,COMPLETED,Sobol,4.75953
0.011613023301459,22,3_0,maxclust,average,6.0,COMPLETED,Sobol,5.512643
0.011613023301459,3,3_0,maxclust,average,6.0,COMPLETED,Sobol,4.731656
0.011613023301459,20,3_0,maxclust,average,6.0,COMPLETED,Sobol,5.178597
0.026457819375428,24,5_0,maxclust,ward,6.0,COMPLETED,Sobol,4.651172
0.026457819375428,5,5_0,maxclust,ward,6.0,COMPLETED,Sobol,4.957788
0.026457819375428,14,5_0,maxclust,ward,6.0,COMPLETED,Sobol,4.953465
0.026457819375428,10,5_0,maxclust,ward,6.0,COMPLETED,Sobol,4.729671
