adjusted_rand_score,trial_index,arm_name,criterion,method,t,trial_status,generator_model
0.0435860016857041,0,0_0,maxclust,ward,2.0,COMPLETED,Sobol
0.0435860016857041,7,0_0,maxclust,ward,2.0,COMPLETED,Sobol
0.0435860016857041,8,0_0,maxclust,ward,2.0,COMPLETED,Sobol
0.0435860016857041,12,0_0,maxclust,ward,2.0,COMPLETED,Sobol
0.0435860016857041,21,0_0,maxclust,ward,2.0,COMPLETED,Sobol
0.0435860016857041,17,0_0,maxclust,ward,2.0,COMPLETED,Sobol
0.0109840476086537,13,1_0,maxclust,weighted,2.0,COMPLETED,Sobol
0.0109840476086537,16,1_0,maxclust,weighted,2.0,COMPLETED,Sobol
0.0109840476086537,1,1_0,maxclust,weighted,2.0,COMPLETED,Sobol
0.0109840476086537,11,1_0,maxclust,weighted,2.0,COMPLETED,Sobol
0.0109840476086537,20,1_0,maxclust,weighted,2.0,COMPLETED,Sobol
0.0109840476086537,18,2_0,maxclust,single,2.0,COMPLETED,Sobol
0.0109840476086537,2,2_0,maxclust,single,2.0,COMPLETED,Sobol
0.0109840476086537,3,3_0,maxclust,median,2.0,COMPLETED,Sobol
0.0109840476086537,14,3_0,maxclust,median,2.0,COMPLETED,Sobol
0.0109840476086537,24,3_0,maxclust,median,2.0,COMPLETED,Sobol
0.0109840476086537,4,4_0,maxclust,complete,2.0,COMPLETED,Sobol
0.0109840476086537,10,4_0,maxclust,complete,2.0,COMPLETED,Sobol
0.0109840476086537,19,4_0,maxclust,complete,2.0,COMPLETED,Sobol
0.0109840476086537,5,5_0,maxclust,centroid,2.0,COMPLETED,Sobol
0.0109840476086537,15,5_0,maxclust,centroid,2.0,COMPLETED,Sobol
0.0109840476086537,23,5_0,maxclust,centroid,2.0,COMPLETED,Sobol
0.0109840476086537,9,5_0,maxclust,centroid,2.0,COMPLETED,Sobol
0.0109840476086537,6,6_0,maxclust,average,2.0,COMPLETED,Sobol
0.0109840476086537,22,6_0,maxclust,average,2.0,COMPLETED,Sobol
