adjusted_rand_score,trial_index,arm_name,criterion,method,t,trial_status,generator_model,compute_time
-0.0080705967605167,0,0_0,maxclust,complete,2.0,COMPLETED,Sobol,8.110171
-0.0080705967605167,7,0_0,maxclust,complete,2.0,COMPLETED,Sobol,8.019951
-0.0080705967605167,12,0_0,maxclust,complete,2.0,COMPLETED,Sobol,14.098361
-0.0080705967605167,16,0_0,maxclust,complete,2.0,COMPLETED,Sobol,16.326802
-0.0080705967605167,21,0_0,maxclust,complete,2.0,COMPLETED,Sobol,8.745719
-0.0080705967605167,2,0_0,maxclust,complete,2.0,COMPLETED,Sobol,7.917336
-0.0098658066616026,10,1_0,maxclust,ward,2.0,COMPLETED,Sobol,7.377298
-0.0098658066616026,1,1_0,maxclust,ward,2.0,COMPLETED,Sobol,7.906959
-0.0098658066616026,24,1_0,maxclust,ward,2.0,COMPLETED,Sobol,14.193968
-0.0098658066616026,23,1_0,maxclust,ward,2.0,COMPLETED,Sobol,8.052374
-0.0098658066616026,19,1_0,maxclust,ward,2.0,COMPLETED,Sobol,10.218794
-9.606879549588176e-05,3,3_0,maxclust,weighted,2.0,COMPLETED,Sobol,7.093975
-9.606879549588176e-05,20,3_0,maxclust,weighted,2.0,COMPLETED,Sobol,16.105911
0.0,14,4_0,maxclust,median,2.0,COMPLETED,Sobol,6.781372
0.0,4,4_0,maxclust,median,2.0,COMPLETED,Sobol,15.674342
0.0,11,4_0,maxclust,median,2.0,COMPLETED,Sobol,6.845161
0.0,17,5_0,maxclust,centroid,2.0,COMPLETED,Sobol,10.451755
0.0,15,5_0,maxclust,centroid,2.0,COMPLETED,Sobol,7.561351
0.0,5,5_0,maxclust,centroid,2.0,COMPLETED,Sobol,8.53995
-0.0287840779587632,22,6_0,maxclust,average,2.0,COMPLETED,Sobol,9.155092
-0.0287840779587632,13,6_0,maxclust,average,2.0,COMPLETED,Sobol,7.312458
-0.0287840779587632,6,6_0,maxclust,average,2.0,COMPLETED,Sobol,8.006475
-0.0287840779587632,9,6_0,maxclust,average,2.0,COMPLETED,Sobol,7.285794
-0.0003884931928152,18,8_0,maxclust,single,2.0,COMPLETED,Sobol,8.932955
-0.0003884931928152,8,8_0,maxclust,single,2.0,COMPLETED,Sobol,14.533862
