adjusted_rand_score,trial_index,arm_name,criterion,method,t,trial_status,generator_model,compute_time
0.0062163139273094,0,0_0,maxclust,average,6.0,COMPLETED,Sobol,3.923502
0.0062163139273094,23,0_0,maxclust,average,6.0,COMPLETED,Sobol,3.88846
0.0062163139273094,15,0_0,maxclust,average,6.0,COMPLETED,Sobol,5.344346
0.0062163139273094,7,0_0,maxclust,average,6.0,COMPLETED,Sobol,3.554129
0.0062163139273094,8,0_0,maxclust,average,6.0,COMPLETED,Sobol,6.995347
0.0086564195937037,10,10_0,maxclust,ward,6.0,COMPLETED,Sobol,4.171357
0.0086564195937037,14,10_0,maxclust,ward,6.0,COMPLETED,Sobol,5.616905
0.0041220074249453,19,19_0,maxclust,centroid,6.0,COMPLETED,Sobol,3.897538
0.0086908274931045,1,1_0,maxclust,weighted,6.0,COMPLETED,Sobol,3.611234
0.0086908274931045,13,1_0,maxclust,weighted,6.0,COMPLETED,Sobol,5.433333
0.0086908274931045,16,1_0,maxclust,weighted,6.0,COMPLETED,Sobol,8.950607
0.0093875119454731,2,2_0,maxclust,single,6.0,COMPLETED,Sobol,3.651162
0.0093875119454731,22,2_0,maxclust,single,6.0,COMPLETED,Sobol,3.80557
0.0093875119454731,17,2_0,maxclust,single,6.0,COMPLETED,Sobol,3.765798
0.0093875119454731,24,2_0,maxclust,single,6.0,COMPLETED,Sobol,7.658211
0.0093875119454731,12,2_0,maxclust,single,6.0,COMPLETED,Sobol,8.941069
0.0093875119454731,11,2_0,maxclust,single,6.0,COMPLETED,Sobol,3.806007
0.0093875119454731,5,2_0,maxclust,single,6.0,COMPLETED,Sobol,3.570436
0.0111112581551883,4,3_0,maxclust,median,6.0,COMPLETED,Sobol,6.522697
0.0111112581551883,9,3_0,maxclust,median,6.0,COMPLETED,Sobol,4.230949
0.0111112581551883,21,3_0,maxclust,median,6.0,COMPLETED,Sobol,3.782429
0.0111112581551883,18,3_0,maxclust,median,6.0,COMPLETED,Sobol,3.898856
0.0111112581551883,3,3_0,maxclust,median,6.0,COMPLETED,Sobol,3.682899
0.008248966089963,6,6_0,maxclust,complete,6.0,COMPLETED,Sobol,3.363164
0.008248966089963,20,6_0,maxclust,complete,6.0,COMPLETED,Sobol,7.141962
