adjusted_rand_score,trial_index,arm_name,criterion,method,t,trial_status,generator_model,compute_time
-0.0067358153438676,0,0_0,maxclust,weighted,2.0,COMPLETED,Sobol,10.946826
-0.0067358153438676,6,0_0,maxclust,weighted,2.0,COMPLETED,Sobol,3.746949
-0.0067358153438676,8,0_0,maxclust,weighted,2.0,COMPLETED,Sobol,3.823061
-0.0067358153438676,17,0_0,maxclust,weighted,2.0,COMPLETED,Sobol,4.710285
-0.0067358153438676,23,0_0,maxclust,weighted,2.0,COMPLETED,Sobol,4.125356
0.0,11,11_0,maxclust,median,2.0,COMPLETED,Sobol,4.704059
0.0286945105613193,19,14_0,maxclust,ward,2.0,COMPLETED,Sobol,4.642649
0.0286945105613193,24,14_0,maxclust,ward,2.0,COMPLETED,Sobol,4.274189
0.0286945105613193,14,14_0,maxclust,ward,2.0,COMPLETED,Sobol,3.694767
-0.0012077107013859,1,1_0,maxclust,centroid,2.0,COMPLETED,Sobol,10.463257
-0.0012077107013859,21,1_0,maxclust,centroid,2.0,COMPLETED,Sobol,4.273866
-0.0012077107013859,15,1_0,maxclust,centroid,2.0,COMPLETED,Sobol,3.994167
0.0527811104624664,18,2_0,maxclust,average,2.0,COMPLETED,Sobol,4.021628
0.0527811104624664,5,2_0,maxclust,average,2.0,COMPLETED,Sobol,3.923235
0.0527811104624664,22,2_0,maxclust,average,2.0,COMPLETED,Sobol,4.056043
0.0527811104624664,2,2_0,maxclust,average,2.0,COMPLETED,Sobol,10.150911
0.0055352902718952,4,3_0,maxclust,single,2.0,COMPLETED,Sobol,10.099116
0.0055352902718952,3,3_0,maxclust,single,2.0,COMPLETED,Sobol,10.078384
0.0055352902718952,20,3_0,maxclust,single,2.0,COMPLETED,Sobol,3.481864
0.0055352902718952,13,3_0,maxclust,single,2.0,COMPLETED,Sobol,5.793822
0.0055352902718952,10,3_0,maxclust,single,2.0,COMPLETED,Sobol,4.719976
0.0055352902718952,16,3_0,maxclust,single,2.0,COMPLETED,Sobol,3.967356
0.0735300835734257,12,7_0,maxclust,complete,2.0,COMPLETED,Sobol,4.710393
0.0735300835734257,7,7_0,maxclust,complete,2.0,COMPLETED,Sobol,3.841614
0.0735300835734257,9,7_0,maxclust,complete,2.0,COMPLETED,Sobol,6.34625
