adjusted_rand_score,trial_index,arm_name,criterion,method,t,trial_status,generator_model
0.2884563206598179,0,0_0,maxclust,average,10.0,COMPLETED,Sobol
0.2884563206598179,11,0_0,maxclust,average,10.0,COMPLETED,Sobol
0.2884563206598179,20,0_0,maxclust,average,10.0,COMPLETED,Sobol
0.2884563206598179,19,0_0,maxclust,average,10.0,COMPLETED,Sobol
0.2729614427353293,7,1_0,maxclust,weighted,10.0,COMPLETED,Sobol
0.2729614427353293,1,1_0,maxclust,weighted,10.0,COMPLETED,Sobol
0.2729614427353293,22,1_0,maxclust,weighted,10.0,COMPLETED,Sobol
0.2729614427353293,16,1_0,maxclust,weighted,10.0,COMPLETED,Sobol
4.414146224007632e-05,2,2_0,maxclust,single,10.0,COMPLETED,Sobol
4.414146224007632e-05,17,2_0,maxclust,single,10.0,COMPLETED,Sobol
4.414146224007632e-05,12,2_0,maxclust,single,10.0,COMPLETED,Sobol
4.414146224007632e-05,24,2_0,maxclust,single,10.0,COMPLETED,Sobol
0.4477935541830957,8,3_0,maxclust,ward,10.0,COMPLETED,Sobol
0.4477935541830957,3,3_0,maxclust,ward,10.0,COMPLETED,Sobol
0.4477935541830957,21,3_0,maxclust,ward,10.0,COMPLETED,Sobol
1.1009403035401858e-06,14,4_0,maxclust,median,10.0,COMPLETED,Sobol
1.1009403035401858e-06,4,4_0,maxclust,median,10.0,COMPLETED,Sobol
1.1009403035401858e-06,18,4_0,maxclust,median,10.0,COMPLETED,Sobol
4.131127009832534e-06,15,5_0,maxclust,centroid,10.0,COMPLETED,Sobol
4.131127009832534e-06,23,5_0,maxclust,centroid,10.0,COMPLETED,Sobol
4.131127009832534e-06,5,5_0,maxclust,centroid,10.0,COMPLETED,Sobol
4.131127009832534e-06,9,5_0,maxclust,centroid,10.0,COMPLETED,Sobol
0.2009529065790595,13,6_0,maxclust,complete,10.0,COMPLETED,Sobol
0.2009529065790595,6,6_0,maxclust,complete,10.0,COMPLETED,Sobol
0.2009529065790595,10,6_0,maxclust,complete,10.0,COMPLETED,Sobol
